{
  "overall_argmax_bal_acc": 0.9695130701112488,
  "tuned_log_bias_bal_acc": 0.9759370024773233,
  "log_bias": [
    1.3324411632360973,
    1.3689466919465483,
    3.400768902044088
  ],
  "fold_ba": [
    0.9698033519928927,
    0.9696048382175575,
    0.9713339879148805,
    0.9686280455431854,
    0.9681951841624475
  ],
  "n_folds": 5,
  "folds_completed": 5,
  "seed": 42,
  "smoke": false,
  "feature_counts": {
    "base_cols": 30,
    "combo_cols": 9
  }
}