{
  "n_orig": 10000,
  "n_synth_sub": 10000,
  "n_train_full": 630000,
  "n_test": 270000,
  "p_train_oof_percentiles_1_25_50_75_99": [
    0.14234380692243576,
    0.5035963505506516,
    0.5899092555046082,
    0.6602270603179932,
    0.7945838028192521
  ],
  "p_test_percentiles_1_25_50_75_99": [
    0.1434088848531246,
    0.5034398436546326,
    0.5896353125572205,
    0.6603927165269852,
    0.7948603236675263
  ],
  "p_synth_mean_test": 0.5704444646835327
}