{
  "numerics": {
    "Soil_pH": {
      "n_orig": 10000,
      "n_train": 630000,
      "mean_orig": 6.487857,
      "mean_train": 6.482497190476191,
      "std_orig": 0.9799628004470506,
      "std_train": 0.9225044194494998,
      "ks_stat": 0.03406825396825397,
      "ks_pvalue": 2.3165974921043582e-10,
      "wasserstein": 0.05875390476190476,
      "cohen_d": -0.005632019967706635
    },
    "Soil_Moisture": {
      "n_orig": 10000,
      "n_train": 630000,
      "mean_orig": 36.969207,
      "mean_train": 37.30448158730159,
      "std_orig": 16.430844576786114,
      "std_train": 16.377082267642397,
      "ks_stat": 0.011777777777777776,
      "ks_pvalue": 0.1292458443603245,
      "wasserstein": 0.33571157142857144,
      "cohen_d": 0.02043860550715478
    },
    "Organic_Carbon": {
      "n_orig": 10000,
      "n_train": 630000,
      "mean_orig": 0.944731,
      "mean_train": 0.9228580000000001,
      "std_orig": 0.3724055534341867,
      "std_train": 0.36580773220319707,
      "ks_stat": 0.038830158730158715,
      "ks_pvalue": 2.475330355930514e-13,
      "wasserstein": 0.022682777777777774,
      "cohen_d": -0.05925692986465573
    },
    "Electrical_Conductivity": {
      "n_orig": 10000,
      "n_train": 630000,
      "mean_orig": 1.7919630000000002,
      "mean_train": 1.7446045396825394,
      "std_orig": 0.9842017079497439,
      "std_train": 0.9523209966285103,
      "ks_stat": 0.036460317460317415,
      "ks_pvalue": 8.334213584034375e-12,
      "wasserstein": 0.04852957142857143,
      "cohen_d": -0.04890419701738465
    },
    "Temperature_C": {
      "n_orig": 10000,
      "n_train": 630000,
      "mean_orig": 26.991422999999998,
      "mean_train": 26.9981663015873,
      "std_orig": 8.664074448184028,
      "std_train": 8.623620774894581,
      "ks_stat": 0.007512698412698415,
      "ks_pvalue": 0.6321195366902379,
      "wasserstein": 0.06857228571428567,
      "cohen_d": 0.0007801251743656049
    },
    "Humidity": {
      "n_orig": 10000,
      "n_train": 630000,
      "mean_orig": 60.080339,
      "mean_train": 61.56318004761905,
      "std_orig": 20.187973365891416,
      "std_train": 19.7081523346472,
      "ks_stat": 0.042831746031746026,
      "ks_pvalue": 3.9480722851368676e-16,
      "wasserstein": 1.5078826984126983,
      "cohen_d": 0.07432971457770841
    },
    "Rainfall_mm": {
      "n_orig": 10000,
      "n_train": 630000,
      "mean_orig": 1252.4994199999999,
      "mean_train": 1462.20756645873,
      "std_orig": 715.5822010139747,
      "std_train": 612.9897384056043,
      "ks_stat": 0.15784603174603173,
      "ks_pvalue": 1.0671980585489014e-214,
      "wasserstein": 209.70814645873017,
      "cohen_d": 0.3147525303299404
    },
    "Sunlight_Hours": {
      "n_orig": 10000,
      "n_train": 630000,
      "mean_orig": 7.518538,
      "mean_train": 7.513382317460317,
      "std_orig": 2.0160769179696287,
      "std_train": 1.9993223768118558,
      "ks_stat": 0.011184126984126963,
      "ks_pvalue": 0.16904435729347567,
      "wasserstein": 0.022685714285714302,
      "cohen_d": -0.0025679327412549764
    },
    "Wind_Speed_kmh": {
      "n_orig": 10000,
      "n_train": 630000,
      "mean_orig": 10.163545000000001,
      "mean_train": 10.375394285714286,
      "std_orig": 5.670923427469906,
      "std_train": 5.689457962436795,
      "ks_stat": 0.019668253968253946,
      "ks_pvalue": 0.000971606686957248,
      "wasserstein": 0.21194192063492068,
      "cohen_d": 0.0372961076731917
    },
    "Field_Area_hectare": {
      "n_orig": 10000,
      "n_train": 630000,
      "mean_orig": 7.598023999999999,
      "mean_train": 7.51774519047619,
      "std_orig": 4.2339194563454186,
      "std_train": 4.218124078692789,
      "ks_stat": 0.015998412698412734,
      "ks_pvalue": 0.012819086619641372,
      "wasserstein": 0.08949290476190473,
      "cohen_d": -0.018996274452315512
    },
    "Previous_Irrigation_mm": {
      "n_orig": 10000,
      "n_train": 630000,
      "mean_orig": 59.864121999999995,
      "mean_train": 62.31817737142856,
      "std_orig": 34.4837219809185,
      "std_train": 34.24693939478276,
      "ks_stat": 0.04126031746031744,
      "ks_pvalue": 5.340637123358276e-15,
      "wasserstein": 2.5022362285714284,
      "cohen_d": 0.07141036502114052
    }
  },
  "categoricals": {
    "Soil_Type": {
      "n_levels": 4,
      "chi2": 13.354752847782546,
      "pvalue": 0.0039289871916715555,
      "dof": 3,
      "max_abs_delta_pp": 1.4280952380952368,
      "levels": {
        "Clay": {
          "orig_pct": 24.77,
          "train_pct": 25.153968253968255,
          "delta_pp": -0.38396825396825596
        },
        "Loamy": {
          "orig_pct": 24.86,
          "train_pct": 24.834126984126982,
          "delta_pp": 0.02587301587301527
        },
        "Sandy": {
          "orig_pct": 25.36,
          "train_pct": 26.43,
          "delta_pp": -1.0699999999999987
        },
        "Silt": {
          "orig_pct": 25.009999999999998,
          "train_pct": 23.581904761904763,
          "delta_pp": 1.4280952380952368
        }
      }
    },
    "Crop_Type": {
      "n_levels": 6,
      "chi2": 6.278097723778438,
      "pvalue": 0.28009152434029866,
      "dof": 5,
      "max_abs_delta_pp": 0.6603174603174611,
      "levels": {
        "Cotton": {
          "orig_pct": 15.950000000000001,
          "train_pct": 16.61031746031746,
          "delta_pp": -0.6603174603174611
        },
        "Maize": {
          "orig_pct": 16.939999999999998,
          "train_pct": 16.551428571428573,
          "delta_pp": 0.388571428571427
        },
        "Potato": {
          "orig_pct": 16.63,
          "train_pct": 16.264920634920635,
          "delta_pp": 0.36507936507936545
        },
        "Rice": {
          "orig_pct": 17.11,
          "train_pct": 16.936031746031745,
          "delta_pp": 0.1739682539682541
        },
        "Sugarcane": {
          "orig_pct": 16.78,
          "train_pct": 17.287301587301588,
          "delta_pp": -0.5073015873015868
        },
        "Wheat": {
          "orig_pct": 16.59,
          "train_pct": 16.35,
          "delta_pp": 0.23999999999999855
        }
      }
    },
    "Crop_Growth_Stage": {
      "n_levels": 4,
      "chi2": 6.7048272974636625,
      "pvalue": 0.08192534904365503,
      "dof": 3,
      "max_abs_delta_pp": 0.9169841269841245,
      "levels": {
        "Flowering": {
          "orig_pct": 24.65,
          "train_pct": 25.009999999999998,
          "delta_pp": -0.3599999999999992
        },
        "Harvest": {
          "orig_pct": 25.81,
          "train_pct": 26.61730158730159,
          "delta_pp": -0.8073015873015899
        },
        "Sowing": {
          "orig_pct": 24.33,
          "train_pct": 23.413015873015873,
          "delta_pp": 0.9169841269841245
        },
        "Vegetative": {
          "orig_pct": 25.21,
          "train_pct": 24.95968253968254,
          "delta_pp": 0.25031746031745905
        }
      }
    },
    "Season": {
      "n_levels": 3,
      "chi2": 3.5907936040562363,
      "pvalue": 0.1660615457136233,
      "dof": 2,
      "max_abs_delta_pp": 0.8088888888888868,
      "levels": {
        "Kharif": {
          "orig_pct": 33.62,
          "train_pct": 34.374761904761904,
          "delta_pp": -0.7547619047619025
        },
        "Rabi": {
          "orig_pct": 33.83,
          "train_pct": 33.02111111111111,
          "delta_pp": 0.8088888888888868
        },
        "Zaid": {
          "orig_pct": 32.550000000000004,
          "train_pct": 32.604126984126985,
          "delta_pp": -0.054126984126984246
        }
      }
    },
    "Irrigation_Type": {
      "n_levels": 4,
      "chi2": 9.032713850452906,
      "pvalue": 0.028859085224613702,
      "dof": 3,
      "max_abs_delta_pp": 1.0285714285714258,
      "levels": {
        "Canal": {
          "orig_pct": 24.67,
          "train_pct": 25.698571428571427,
          "delta_pp": -1.0285714285714258
        },