{
  "overall_argmax_bal_acc": 0.9328636960489017,
  "tuned_log_bias_bal_acc": 0.9335855446880084,
  "log_bias": [
    2.132441163236097,
    1.968946691946548,
    2.000768902044088
  ],
  "fold_ba": [
    0.9328636960489017
  ],
  "n_folds": 5,
  "folds_completed": 1,
  "seed": 42
}