{
  "oof_argmax": 0.9792154362165784,
  "oof_tuned": 0.9798797358788249,
  "tuned_bias": [
    -0.9050000000000001,
    -0.8550000000000001,
    -0.01
  ],
  "fold_scores": [
    0.9778712519087805,
    0.9787300695253278,
    0.9806138093766887,
    0.9788558422742889,
    0.9800058734579761
  ],
  "n_folds": 5,
  "ORIG_ROW_WEIGHT": 0.5,
  "n_train": 630000,
  "n_orig": 10000,
  "n_test": 270000
}