{
  "seed": 42,
  "n_folds": 5,
  "fold_scores_argmax": [
    0.976340514097806,
    0.977037800542606,
    0.9772334270346574,
    0.9755569856517646,
    0.97646876756364
  ],
  "best_iters": [
    6197,
    10919,
    9037,
    8492,
    8524
  ],
  "overall_argmax_bal_acc": 0.9765275080662029,
  "tuned_log_bias_bal_acc": 0.9789394179200989,
  "log_bias": [
    1.6324411632360971,
    1.468946691946548,
    3.000768902044088
  ],
  "n_features": 443,
  "cb_params_iterations": 16000,
  "cb_params_depth": 4,
  "cb_params_l2_leaf_reg": 10.0,
  "cb_params_od_wait": 500
}