{
  "numeric": {
    "Soil_Moisture": {
      "orig_mean": 36.969207,
      "train_mean": 37.30448158730159,
      "orig_std": 16.430844576786114,
      "train_std": 16.377082267642397,
      "cohen_d": -0.0204711290583109,
      "ks_stat": 0.011777777777777776,
      "ks_p": 0.1292458443603245,
      "p1_diff": 0.030100000000000904,
      "p99_diff": 0.10979999999999279,
      "orig_min": 8.0,
      "orig_max": 65.0,
      "train_min": 8.0,
      "train_max": 64.99
    },
    "Temperature_C": {
      "orig_mean": 26.991422999999998,
      "train_mean": 26.9981663015873,
      "orig_std": 8.664074448184028,
      "train_std": 8.623620774894581,
      "cohen_d": -0.0007818996730454471,
      "ks_stat": 0.007512698412698415,
      "ks_p": 0.6321195366902379,
      "p1_diff": 0.0,
      "p99_diff": -0.03999999999999915,
      "orig_min": 12.0,
      "orig_max": 42.0,
      "train_min": 12.0,
      "train_max": 42.0
    },
    "Humidity": {
      "orig_mean": 60.080339,
      "train_mean": 61.56318004761905,
      "orig_std": 20.187973365891416,
      "train_std": 19.7081523346472,
      "cohen_d": -0.07521103201479941,
      "ks_stat": 0.042831746031746026,
      "ks_p": 3.9480722851368676e-16,
      "p1_diff": 0.21000000000000085,
      "p99_diff": 0.12990000000000634,
      "orig_min": 25.0,
      "orig_max": 95.0,
      "train_min": 25.0,
      "train_max": 94.99
    },
    "Rainfall_mm": {
      "orig_mean": 1252.4994199999999,
      "train_mean": 1462.20756645873,
      "orig_std": 715.5822010139747,
      "train_std": 612.9897384056043,
      "cohen_d": -0.3411418061363084,
      "ks_stat": 0.15784603174603173,
      "ks_p": 1.0671980585489014e-214,
      "p1_diff": 70.6345,
      "p99_diff": 7.427100000000337,
      "orig_min": 0.38,
      "orig_max": 2499.69,
      "train_min": 0.38,
      "train_max": 2499.69
    },
    "Wind_Speed_kmh": {
      "orig_mean": 10.163545000000001,
      "train_mean": 10.375394285714286,
      "orig_std": 5.670923427469906,
      "train_std": 5.689457962436795,
      "cohen_d": -0.0372372997179315,
      "ks_stat": 0.019668253968253946,
      "ks_p": 0.000971606686957248,
      "p1_diff": 0.07009999999999994,
      "p99_diff": 0.00999999999999801,
      "orig_min": 0.5,
      "orig_max": 20.0,
      "train_min": 0.5,
      "train_max": 20.0
    },
    "Soil_pH": {
      "orig_mean": 6.487857,
      "train_mean": 6.482497190476191,
      "orig_std": 0.9799628004470506,
      "train_std": 0.9225044194494998,
      "cohen_d": 0.005804242631490945,
      "ks_stat": 0.03406825396825397,
      "ks_p": 2.3165974921043582e-10,
      "p1_diff": 0.040000000000000036,
      "p99_diff": -0.040000000000000924,
      "orig_min": 4.8,
      "orig_max": 8.2,
      "train_min": 4.8,
      "train_max": 8.2
    },
    "Sunlight_Hours": {
      "orig_mean": 7.518538,
      "train_mean": 7.513382317460317,
      "orig_std": 2.0160769179696287,
      "train_std": 1.9993223768118558,
      "cohen_d": 0.002578375998355896,
      "ks_stat": 0.011184126984126963,
      "ks_p": 0.16904435729347567,
      "p1_diff": 0.0,
      "p99_diff": -0.019999999999999574,
      "orig_min": 4.0,
      "orig_max": 11.0,
      "train_min": 4.0,
      "train_max": 11.0
    },
    "Organic_Carbon": {
      "orig_mean": 0.944731,
      "train_mean": 0.9228580000000001,
      "orig_std": 0.3724055534341867,
      "train_std": 0.36580773220319707,
      "cohen_d": 0.059776712050523075,
      "ks_stat": 0.038830158730158715,
      "ks_p": 2.475330355930514e-13,
      "p1_diff": 0.010000000000000009,
      "p99_diff": -0.010000000000000009,
      "orig_min": 0.3,
      "orig_max": 1.6,
      "train_min": 0.3,
      "train_max": 1.6
    },
    "Electrical_Conductivity": {
      "orig_mean": 1.7919630000000002,
      "train_mean": 1.7446045396825394,
      "orig_std": 0.9842017079497439,
      "train_std": 0.9523209966285103,
      "cohen_d": 0.04970308990733587,
      "ks_stat": 0.036460317460317415,
      "ks_p": 8.334213584034375e-12,
      "p1_diff": 0.010000000000000009,
      "p99_diff": -0.010000000000000231,
      "orig_min": 0.1,
      "orig_max": 3.5,
      "train_min": 0.1,
      "train_max": 3.5
    },
    "Field_Area_hectare": {
      "orig_mean": 7.598023999999999,
      "train_mean": 7.51774519047619,
      "orig_std": 4.2339194563454186,
      "train_std": 4.218124078692789,
      "cohen_d": 0.01903075940435073,
      "ks_stat": 0.015998412698412734,
      "ks_p": 0.012819086619641372,
      "p1_diff": 0.019999999999999962,
      "p99_diff": 0.030000000000001137,
      "orig_min": 0.3,
      "orig_max": 15.0,
      "train_min": 0.3,
      "train_max": 15.0
    },
    "Previous_Irrigation_mm": {
      "orig_mean": 59.864121999999995,
      "train_mean": 62.31817737142856,
      "orig_std": 34.4837219809185,
      "train_std": 34.24693939478276,
      "cohen_d": -0.07164988911371797,
      "ks_stat": 0.04126031746031744,
      "ks_p": 5.340637123358276e-15,
      "p1_diff": 1.1501,
      "p99_diff": -0.12010000000000787,
      "orig_min": 0.02,
      "orig_max": 119.99,
      "train_min": 0.02,
      "train_max": 119.99
    }
  },
  "categorical": {
    "Soil_Type": {
      "n_levels": 4,
      "js": 0.00016762982674391625,
      "chi2": 13.351798775656903,
      "chi2_p": 0.003934413420487986,
      "max_marg_diff": 0.014280952380952366,
      "level_marg": {
        "Clay": {
          "orig": 0.2477,
          "train": 0.25153968253968256,
          "diff": 0.0038396825396825596
        },
        "Loamy": {
          "orig": 0.2486,
          "train": 0.24834126984126983,
          "diff": -0.0002587301587301527
        },
        "Sandy": {
          "orig": 0.2536,
          "train": 0.2643,
          "diff": 0.010699999999999987
        },
        "Silt": {
          "orig": 0.2501,
          "train": 0.23581904761904762,
          "diff": -0.014280952380952366
        }
      }
    },
    "Crop_Type": {
      "n_levels": 6,
      "js": 8.036108933307483e-05,
      "chi2": 6.278290354327578,
      "chi2_p": 0.2800740671815428,
      "max_marg_diff": 0.006603174603174611,
      "level_marg": {
        "Cotton": {
          "orig": 0.1595,
          "train": 0.1661031746031746,
          "diff": 0.006603174603174611
        },
        "Maize": {
          "orig": 0.1694,
          "train": 0.16551428571428572,
          "diff": -0.00388571428571427
        },
        "Potato": {
          "orig": 0.1663,
          "train": 0.16264920634920635,
          "diff": -0.0036507936507936545
        },
        "Rice": {
          "orig": 0.1711,
          "train": 0.16936031746031746,
          "diff": -0.001739682539682541
        },
        "Sugarcane": {
          "orig": 0.1678,
          "train": 0.17287301587301587,
          "diff": 0.005073015873015868
        },
        "Wheat": {
          "orig": 0.1659,
          "train": 0.1635,
          "diff": -0.0023999999999999855
        }
      }
    },
    "Region": {
      "n_levels": 5,
      "js": 9.110574110750974e-05,
      "chi2": 7.236771470491049,
      "chi2_p": 0.12389256513058872,
      "max_marg_diff": 0.00884603174603174,
      "level_marg": {
        "Central": {
          "orig": 0.1987,
          "train": 0.19636825396825397,
          "diff": -0.002331746031746018
        },
        "East": {
          "orig": 0.1994,
          "train": 0.20025873015873016,
          "diff": 0.0008587301587301699
        },
        "North": {
          "orig": 0.19,
          "train": 0.18115396825396826,
          "diff": -0.00884603174603174
        },
        "South": {
          "orig": 0.2102,
          "train": 0.2139825396825397,
          "diff": 0.003782539682539693
        },
        "West": {
          "orig": 0.2017,
          "train": 0.20823650793650794,
          "diff": 0.0065365079365079515
        }
      }
    },
    "Season": {
      "n_levels": 3,
      "js": 4.5527241673190344e-05,
      "chi2": 3.5904884599376192,
      "chi2_p": 0.1660868839985328,