{
  "oof_argmax": 0.9782525305660631,
  "oof_tuned": 0.9800789170616628,
  "tuned_bias": [
    -1.0799999999999998,
    -1.005,
    0.0
  ],
  "fold_scores": [
    0.9769716304986843,
    0.9782034767893334,
    0.9794236708614101,
    0.9780240606727983,
    0.978639465744465
  ],
  "n_folds": 5,
  "ORIG_ROW_WEIGHT": 0.5,
  "n_train": 630000,
  "n_orig": 10000,
  "n_test": 270000
}