{
  "v1_oof_tuned": 0.9806669044664734,
  "l3_oof_tuned": 0.9806439963593401,
  "oof_delta": -2.29081071333459e-05,
  "l3_lb_projection": 0.9813039963593401,
  "v1_pcr": [
    0.9949042623074906,
    0.9671524297916126,
    0.9797705745156837
  ],
  "l3_pcr": [
    0.9948637126706802,
    0.9662029329830931,
    0.9808653434242468
  ],
  "pcr_delta": [
    -4.054963681043855e-05,
    -0.0009494968085195232,
    0.0010947689085630818
  ],
  "v1_drift_max": 0.09995399019990414,
  "l3_drift_max": 0.10000000000000009,
  "n_test_diff": 203,
  "add_high": 99,
  "remove_high": 43,
  "net_high": 56,
  "churn_high": 142,
  "g4_ratio": 0.39436619718309857,
  "g4_direction": "ADD-High",
  "gates": {
    "g1_oof_lift": false,
    "g2_pcr_guardrail": false,
    "g3_calibration": true,
    "g4_clean_add_high": false
  },
  "gates_passed": 1
}