{
  "smoke": false,
  "n_folds": 5,
  "n_features": 33,
  "primary_base_tuned": 0.9808424406412425,
  "fold_scores_alpha010": [
    0.9796910419530437,
    0.9806986024474827,
    0.9817286398166417,
    0.980874691601266,
    0.9808447631285014
  ],
  "alpha_sweep_oof": {
    "alpha_0.025": 0.9807943127298322,
    "alpha_0.050": 0.9807611499314478,
    "alpha_0.075": 0.9807592263997945,
    "alpha_0.100": 0.9807675920104423,
    "alpha_0.150": 0.9807800191008411,
    "alpha_0.200": 0.9807994536312573,
    "alpha_0.300": 0.9808389010852526,
    "alpha_0.500": 0.9807548297016854
  },
  "best_alpha": 0.0,
  "best_oof": 0.9808424406412425,
  "wall_min": 0.5264804085095723
}