{
  "smoke": false,
  "n_folds": 5,
  "k_mix": 1,
  "beta_a": 0.2,
  "conf_thresh": 0.95,
  "n_pairs": 3909,
  "n_mix": 3909,
  "fold_scores_argmax": [
    0.9758260780909284,
    0.9755380386440047,
    0.9779089994407962,
    0.9754688593111712,
    0.9756233591009392
  ],
  "overall_argmax": 0.976073088808303,
  "tuned_log_bias_bal_acc": 0.9798348757239691,
  "log_bias": [
    1.2324411632360976,
    1.2689466919465482,
    3.400768902044088
  ],
  "wall_min": 38.66063119570414
}