{
  "anchor_oof": 0.9808424406412425,
  "anchor_errs": 9415,
  "anchor_pcr_LMH": [
    0.9955341333326124,
    0.9695073491889541,
    0.9774858394021609
  ],
  "candidates": {
    "angle_a_residual": {
      "name": "angle_a_residual",
      "status": "OK",
      "standalone_errs": 9415,
      "standalone_pcr_LMH": [
        0.9955341333326124,
        0.9695073491889541,
        0.9774858394021609
      ],
      "jaccard_vs_anchor": 1.0,
      "sweep": {
        "a_0.025": 0.9808424406412425,
        "a_0.050": 0.9808424406412425,
        "a_0.075": 0.9808424406412425,
        "a_0.100": 0.9808424406412425,
        "a_0.150": 0.9808424406412425,
        "a_0.200": 0.9808424406412425,
        "a_0.250": 0.9808424406412425,
        "a_0.300": 0.9808424406412425,
        "a_0.400": 0.9808424406412425,
        "a_0.500": 0.9808424406412425
      },
      "best_alpha": 0.0,
      "best_bal": 0.9808424406412425,
      "delta_vs_anchor": 0.0,
      "errs_at_best": 9415,
      "pcr_delta_LMH": [
        0.0,
        0.0,
        0.0
      ],
      "guardrail_pass": true,
      "emit": false
    },
    "angle_b_recipe_dae": {
      "name": "angle_b_recipe_dae",
      "status": "MISSING"
    },
    "angle_c_mixup": {
      "name": "angle_c_mixup",
      "status": "OK",
      "standalone_errs": 20745,
      "standalone_pcr_LMH": [
        0.9948339762703525,
        0.9230572960673264,
        0.9791041934409063
      ],
      "jaccard_vs_anchor": 0.37628913023637856,
      "sweep": {
        "a_0.025": 0.9808426650912178,
        "a_0.050": 0.9807895072658948,
        "a_0.075": 0.9807285622230871,
        "a_0.100": 0.9806655283621324,
        "a_0.150": 0.9805243533063742,
        "a_0.200": 0.9804874047785854,
        "a_0.250": 0.9803317990420434,
        "a_0.300": 0.9801814346372492,
        "a_0.400": 0.9796557072085107,
        "a_0.500": 0.97878990994373
      },
      "best_alpha": 0.025,
      "best_bal": 0.9808426650912178,
      "delta_vs_anchor": 2.244499752723783e-07,
      "errs_at_best": 9431,
      "pcr_delta_LMH": [
        3.5143018569105955e-05,
        -0.00012966696504013164,
        9.519729639684282e-05
      ],
      "guardrail_pass": true,
      "emit": false
    }
  }
}