{
  "smoke": false,
  "n_folds": 5,
  "k_mix": 3,
  "beta_a": 0.4,
  "n_pairs": 8299,
  "n_mix": 24897,
  "fold_scores_argmax": [
    0.9691723699268452,
    0.9707945088828493,
    0.9717656903676364,
    0.9693006401286963,
    0.9705643573421686
  ],
  "overall_argmax": 0.970319571026718,
  "tuned_log_bias_bal_acc": 0.9713575705486246,
  "log_bias": [
    2.2324411632360976,
    2.0689466919465485,
    2.6007689020440883
  ],
  "wall_min": 8.30473910967509
}