{
  "anchor_oof": 0.9808424406412425,
  "anchor_errs": 9415,
  "anchor_pcr_LMH": [
    0.9955341333326124,
    0.9695073491889541,
    0.9774858394021609
  ],
  "candidates": {
    "angle_a_residual": {
      "name": "angle_a_residual",
      "status": "OK",
      "standalone_errs": 9415,
      "standalone_pcr_LMH": [
        0.9955341333326124,
        0.9695073491889541,
        0.9774858394021609
      ],
      "jaccard_vs_anchor": 1.0,
      "sweep": {
        "a_0.025": 0.9808424406412425,
        "a_0.050": 0.9808424406412425,
        "a_0.075": 0.9808424406412425,
        "a_0.100": 0.9808424406412425,
        "a_0.150": 0.9808424406412425,
        "a_0.200": 0.9808424406412425,
        "a_0.250": 0.9808424406412425,
        "a_0.300": 0.9808424406412425,
        "a_0.400": 0.9808424406412425,
        "a_0.500": 0.9808424406412425
      },
      "best_alpha": 0.0,
      "best_bal": 0.9808424406412425,
      "delta_vs_anchor": 0.0,
      "errs_at_best": 9415,
      "pcr_delta_LMH": [
        0.0,
        0.0,
        0.0
      ],
      "guardrail_pass": true,
      "emit": false
    },
    "angle_b_recipe_dae": {
      "name": "angle_b_recipe_dae",
      "status": "OK",
      "standalone_errs": 10042,
      "standalone_pcr_LMH": [
        0.9949231854713355,
        0.9679973564670353,
        0.9755818934742253
      ],
      "jaccard_vs_anchor": 0.8276347924102949,
      "sweep": {
        "a_0.025": 0.9808167784482764,
        "a_0.050": 0.9807765590799237,
        "a_0.075": 0.9806897634919856,
        "a_0.100": 0.9806935383596702,
        "a_0.150": 0.9806851727490224,
        "a_0.200": 0.980561560820588,
        "a_0.250": 0.9805739439500659,
        "a_0.300": 0.9804714886993963,
        "a_0.400": 0.9802726897040642,
        "a_0.500": 0.9802545023567658
      },
      "best_alpha": 0.0,
      "best_bal": 0.9808424406412425,
      "delta_vs_anchor": 0.0,
      "errs_at_best": 9415,
      "pcr_delta_LMH": [
        0.0,
        0.0,
        0.0
      ],
      "guardrail_pass": true,
      "emit": false
    },
    "angle_c_mixup": {
      "name": "angle_c_mixup",
      "status": "OK",
      "standalone_errs": 20745,
      "standalone_pcr_LMH": [
        0.9948339762703525,
        0.9230572960673264,
        0.9791041934409063
      ],
      "jaccard_vs_anchor": 0.37628913023637856,
      "sweep": {
        "a_0.025": 0.9808426650912178,
        "a_0.050": 0.9807895072658948,
        "a_0.075": 0.9807285622230871,
        "a_0.100": 0.9806655283621324,
        "a_0.150": 0.9805243533063742,
        "a_0.200": 0.9804874047785854,
        "a_0.250": 0.9803317990420434,
        "a_0.300": 0.9801814346372492,
        "a_0.400": 0.9796557072085107,
        "a_0.500": 0.97878990994373
      },
      "best_alpha": 0.025,
      "best_bal": 0.9808426650912178,
      "delta_vs_anchor": 2.244499752723783e-07,
      "errs_at_best": 9431,
      "pcr_delta_LMH": [
        3.5143018569105955e-05,
        -0.00012966696504013164,
        9.519729639684282e-05
      ],
      "guardrail_pass": true,
      "emit": false
    },
    "angle_c2_mixup": {
      "name": "angle_c2_mixup",
      "status": "OK",
      "standalone_errs": 10021,
      "standalone_pcr_LMH": [
        0.9950610542364909,
        0.9677840333955177,
        0.9765814650863915
      ],
      "jaccard_vs_anchor": 0.8193391369465506,
      "sweep": {
        "a_0.025": 0.9807939408900039,
        "a_0.050": 0.9807552010178542,
        "a_0.075": 0.9806678761667041,
        "a_0.100": 0.9806211786215461,
        "a_0.150": 0.9806427071391391,
        "a_0.200": 0.9805892809029201,
        "a_0.250": 0.9806322888081555,
        "a_0.300": 0.9805689452694636,
        "a_0.400": 0.9804844502220371,
        "a_0.500": 0.9803537559638835
      },
      "best_alpha": 0.0,
      "best_bal": 0.9808424406412425,
      "delta_vs_anchor": 0.0,
      "errs_at_best": 9415,
      "pcr_delta_LMH": [
        0.0,
        0.0,
        0.0
      ],
      "guardrail_pass": true,
      "emit": false
    },
    "angle_c3a_mixup": {
      "name": "angle_c3a_mixup",
      "status": "OK",
      "standalone_errs": 9954,
      "standalone_pcr_LMH": [
        0.9948583060524387,
        0.9685243899378435,
        0.9749155123994478
      ],
      "jaccard_vs_anchor": 0.8139164637572579,
      "sweep": {
        "a_0.025": 0.9808297348018873,
        "a_0.050": 0.9808044444487495,
        "a_0.075": 0.9807730838564456,
        "a_0.100": 0.9806975276437996,
        "a_0.150": 0.9805525215554848,
        "a_0.200": 0.9804915586160364,
        "a_0.250": 0.9805039908754655,
        "a_0.300": 0.980513056204849,
        "a_0.400": 0.9803708799202576,
        "a_0.500": 0.9802912855980609
      },
      "best_alpha": 0.0,
      "best_bal": 0.9808424406412425,
      "delta_vs_anchor": 0.0,
      "errs_at_best": 9415,
      "pcr_delta_LMH": [
        0.0,
        0.0,
        0.0
      ],
      "guardrail_pass": true,
      "emit": false
    },
    "angle_c3b_mixup": {
      "name": "angle_c3b_mixup",
      "status": "OK",
      "standalone_errs": 10202,
      "standalone_pcr_LMH": [
        0.9950150979814391,
        0.9671440641809649,
        0.9760578799562093
      ],
      "jaccard_vs_anchor": 0.8088520055325035,
      "sweep": {
        "a_0.025": 0.9808783558786986,
        "a_0.050": 0.9808326446643426,
        "a_0.075": 0.9808017642052995,
        "a_0.100": 0.9807438764148001,
        "a_0.150": 0.980672539105289,
        "a_0.200": 0.9806134996974939,
        "a_0.250": 0.9804924749216374,
        "a_0.300": 0.9804400841461715,
        "a_0.400": 0.9803650493336273,
        "a_0.500": 0.9802650520468529
      },
      "best_alpha": 0.025,
      "best_bal": 0.9808783558786986,
      "delta_vs_anchor": 3.591523745616332e-05,
      "errs_at_best": 9410,
      "pcr_delta_LMH": [
        0.0,
        1.2548415971536109e-05,
        9.519729639684282e-05
      ],
      "guardrail_pass": true,
      "emit": false
    }
  }
}