{
  "smoke": false,
  "n_folds": 5,
  "k_mix": 3,
  "beta_a": 0.2,
  "conf_thresh": 0.95,
  "drop_mh": true,
  "suffix": "c3b",
  "n_pairs": 3909,
  "n_mix": 11727,
  "fold_scores_argmax": [
    0.9760360011203968,
    0.9760916238483769,
    0.978087806245011,
    0.9746142995588581,
    0.9751772334759746
  ],
  "overall_argmax": 0.9760013978601337,
  "tuned_log_bias_bal_acc": 0.9795148955283858,
  "log_bias": [
    1.0324411632360975,
    1.2689466919465482,
    3.400768902044088
  ],
  "wall_min": 37.99919008016586
}