{
  "smoke": false,
  "n_folds": 5,
  "k_mix": 1,
  "beta_a": 0.2,
  "conf_thresh": 2.0,
  "drop_mh": true,
  "suffix": "c3a",
  "n_pairs": 4808,
  "n_mix": 4808,
  "fold_scores_argmax": [
    0.9753602561230053,
    0.9752506547600385,
    0.9773390757721495,
    0.9738368352734897,
    0.9756043262788997
  ],
  "overall_argmax": 0.9754782391732907,
  "tuned_log_bias_bal_acc": 0.9794439142567001,
  "log_bias": [
    0.8324411632360974,
    0.9689466919465479,
    2.900768902044088
  ],
  "wall_min": 41.2130544145902
}