{
  "baseline_oof": 0.9808424406412425,
  "optuna_best_oof": 0.980971561445419,
  "delta": 0.00012912080417648575,
  "best_params": {
    "alpha": 0.4499617155469615,
    "cw_L": 1.0666619963133102,
    "cw_M": 1.5864642258559847,
    "cw_H": 11.902112734860273
  },
  "equivalent_log_bias": [
    0.06453414267171398,
    0.46150778268885434,
    2.4767159251035515
  ],
  "per_class_rec": [
    0.994971845035508,
    0.970076210713001,
    0.9778666285877481
  ],
  "drec": [
    -0.000562,
    0.000569,
    0.000381
  ],
  "guardrail_pass": false,
  "emit": false,
  "n_trials": 500
}