{
  "baseline_oof": 0.9808424406412425,
  "modeA": {
    "oof": 0.9804176867498628,
    "delta": -0.0004247538913796367,
    "thresholds": [
      -0.16088362818857405,
      0.3394461775233525,
      -0.41024844309063685
    ],
    "rec": [
      0.9964965113795797,
      0.9669851175786577,
      0.9777714312913514
    ],
    "drec": [
      0.000962,
      -0.002522,
      0.000286
    ],
    "guard": false
  },
  "modeB": {
    "oof": 0.9809547274042507,
    "delta": 0.00011228676300822915,
    "thresholds": [
      0.058060264092723884,
      -0.12345076125581124,
      -0.132381127051708
    ],
    "rec": [
      0.9948366795794732,
      0.9702560713419276,
      0.9777714312913514
    ],
    "drec": [
      -0.000697,
      0.000749,
      0.000286
    ],
    "guard": false
  },
  "best_emit": null
}