{
  "seed": 42,
  "n_folds": 5,
  "group": "crop",
  "group_col": "Crop_Type",
  "fold_scores_argmax": [
    0.9747625603739891,
    0.9766839505614677,
    0.9756530775195648,
    0.9745326445960089,
    0.97373276850261
  ],
  "overall_argmax_bal_acc": 0.9748474790799225,
  "tuned_log_bias_bal_acc": 0.9791029023553065,
  "log_bias": [
    0.7324411632360973,
    0.9689466919465479,
    3.1007689020440883
  ],
  "baseline_tuned": 0.9796650350078755,
  "delta_vs_baseline": -0.0005621326525689918
}