{
  "seed": 42,
  "n_folds": 5,
  "group": "region",
  "group_col": "Region",
  "fold_scores_argmax": [
    0.975428477800206,
    0.9749269346153856,
    0.9728003063423251,
    0.9768142860978616,
    0.974632726622593
  ],
  "overall_argmax_bal_acc": 0.9750041431237587,
  "tuned_log_bias_bal_acc": 0.9793752485380525,
  "log_bias": [
    1.3324411632360973,
    1.168946691946548,
    3.400768902044088
  ],
  "baseline_tuned": 0.9796650350078755,
  "delta_vs_baseline": -0.0002897864698230279
}