{
  "smoke": false,
  "k": 100,
  "feature_dim": 43,
  "n_train": 630000,
  "n_test": 270000,
  "feature_names": [
    "knn_dist_min",
    "knn_dist_mean",
    "knn_class_low",
    "knn_class_med",
    "knn_class_high",
    "knn_margin"
  ],
  "train_feature_summary": {
    "knn_dist_min": {
      "mean": 2.491285800933838,
      "std": 0.22107656300067902,
      "p1": 1.8604496717453003,
      "p99": 2.9340620040893555
    },
    "knn_dist_mean": {
      "mean": 3.1554384231567383,
      "std": 0.1188095360994339,
      "p1": 2.9188873767852783,
      "p99": 3.4661850929260254
    },
    "knn_class_low": {
      "mean": 0.5962788462638855,
      "std": 0.29698485136032104,
      "p1": 0.03999999910593033,
      "p99": 1.0
    },
    "knn_class_med": {
      "mean": 0.374950110912323,
      "std": 0.2649599015712738,
      "p1": 0.0,
      "p99": 0.8600000143051147
    },
    "knn_class_high": {
      "mean": 0.028771046549081802,
      "std": 0.07885615527629852,
      "p1": 0.0,
      "p99": 0.4399999976158142
    },
    "knn_margin": {
      "mean": 0.5257529616355896,
      "std": 0.27753791213035583,
      "p1": 0.019999980926513672,
      "p99": 1.0
    }
  },
  "test_feature_summary": {
    "knn_dist_min": {
      "mean": 2.491076946258545,
      "std": 0.220481738448143
    },
    "knn_dist_mean": {
      "mean": 3.1551473140716553,
      "std": 0.11864335089921951
    },
    "knn_class_low": {
      "mean": 0.595504879951477,
      "std": 0.29706817865371704
    },
    "knn_class_med": {
      "mean": 0.3757011592388153,
      "std": 0.26501142978668213
    },
    "knn_class_high": {
      "mean": 0.02879396267235279,
      "std": 0.07869143038988113
    },
    "knn_margin": {
      "mean": 0.5251247882843018,
      "std": 0.2777104079723358
    }
  },
  "elapsed_seconds": 2110.393373966217
}