{
  "smoke": true,
  "k": 20,
  "feature_dim": 43,
  "n_train": 20000,
  "n_test": 10000,
  "feature_names": [
    "knn_dist_min",
    "knn_dist_mean",
    "knn_class_low",
    "knn_class_med",
    "knn_class_high",
    "knn_margin"
  ],
  "train_feature_summary": {
    "knn_dist_min": {
      "mean": 3.0341289043426514,
      "std": 0.2348741888999939,
      "p1": 2.3914146423339844,
      "p99": 3.5171961784362793
    },
    "knn_dist_mean": {
      "mean": 3.486694574356079,
      "std": 0.13808099925518036,
      "p1": 3.201599597930908,
      "p99": 3.838634490966797
    },
    "knn_class_low": {
      "mean": 0.5914725065231323,
      "std": 0.2794859707355499,
      "p1": 0.05000000074505806,
      "p99": 1.0
    },
    "knn_class_med": {
      "mean": 0.3794175088405609,
      "std": 0.24985042214393616,
      "p1": 0.0,
      "p99": 0.8999999761581421
    },
    "knn_class_high": {
      "mean": 0.029110001400113106,
      "std": 0.07640260457992554,
      "p1": 0.0,
      "p99": 0.4000000059604645
    },
    "knn_margin": {
      "mean": 0.4812124967575073,
      "std": 0.28852105140686035,
      "p1": 0.0,
      "p99": 1.0
    }
  },
  "test_feature_summary": {
    "knn_dist_min": {
      "mean": 3.031649589538574,
      "std": 0.23578138649463654
    },
    "knn_dist_mean": {
      "mean": 3.4852874279022217,
      "std": 0.13675667345523834
    },
    "knn_class_low": {
      "mean": 0.5934749841690063,
      "std": 0.28016722202301025
    },
    "knn_class_med": {
      "mean": 0.37836000323295593,
      "std": 0.25109800696372986
    },
    "knn_class_high": {
      "mean": 0.028165003284811974,
      "std": 0.07398637384176254
    },
    "knn_margin": {
      "mean": 0.4847799837589264,
      "std": 0.2892867922782898
    }
  },
  "elapsed_seconds": 3.5530200004577637
}