{
  "anchor": "PRIMARY (LB 0.98094)",
  "anchor_bal_acc": 0.9808424406412425,
  "anchor_errs": 9415,
  "diagnostic": {
    "disagree": {
      "PRIMARY__PRIMARY": 0.0,
      "PRIMARY__lb3_realmlp": 0.0006936507936507936,
      "PRIMARY__m3way": 0.0016126984126984126,
      "PRIMARY__m2way": 0.001815873015873016,
      "PRIMARY__recipe": 0.0028968253968253968,
      "PRIMARY__catboost": 0.003206349206349206,
      "lb3_realmlp__PRIMARY": 0.0006936507936507936,
      "lb3_realmlp__lb3_realmlp": 0.0,
      "lb3_realmlp__m3way": 0.0012809523809523809,
      "lb3_realmlp__m2way": 0.0015698412698412698,
      "lb3_realmlp__recipe": 0.0027714285714285714,
      "lb3_realmlp__catboost": 0.0032333333333333333,
      "m3way__PRIMARY": 0.0016126984126984126,
      "m3way__lb3_realmlp": 0.0012809523809523809,
      "m3way__m3way": 0.0,
      "m3way__m2way": 0.0012,
      "m3way__recipe": 0.002719047619047619,
      "m3way__catboost": 0.003434920634920635,
      "m2way__PRIMARY": 0.001815873015873016,
      "m2way__lb3_realmlp": 0.0015698412698412698,
      "m2way__m3way": 0.0012,
      "m2way__m2way": 0.0,
      "m2way__recipe": 0.00196984126984127,
      "m2way__catboost": 0.0031206349206349205,
      "recipe__PRIMARY": 0.0028968253968253968,
      "recipe__lb3_realmlp": 0.0027714285714285714,
      "recipe__m3way": 0.002719047619047619,
      "recipe__m2way": 0.00196984126984127,
      "recipe__recipe": 0.0,
      "recipe__catboost": 0.003338095238095238,
      "catboost__PRIMARY": 0.003206349206349206,
      "catboost__lb3_realmlp": 0.0032333333333333333,
      "catboost__m3way": 0.003434920634920635,
      "catboost__m2way": 0.0031206349206349205,
      "catboost__recipe": 0.003338095238095238,
      "catboost__catboost": 0.0
    },
    "jaccard": {
      "PRIMARY__PRIMARY": 1.0,
      "PRIMARY__lb3_realmlp": 0.955004118616145,
      "PRIMARY__m3way": 0.8999211977935382,
      "PRIMARY__m2way": 0.8878980891719745,
      "PRIMARY__recipe": 0.8290718366582374,
      "PRIMARY__catboost": 0.8097211755840241,
      "lb3_realmlp__PRIMARY": 0.955004118616145,
      "lb3_realmlp__lb3_realmlp": 1.0,
      "lb3_realmlp__m3way": 0.9203041674896306,
      "lb3_realmlp__m2way": 0.9030962179110327,
      "lb3_realmlp__recipe": 0.8370660694288914,
      "lb3_realmlp__catboost": 0.8096795291039895,
      "m3way__PRIMARY": 0.8999211977935382,
      "m3way__lb3_realmlp": 0.9203041674896306,
      "m3way__m3way": 1.0,
      "m3way__m2way": 0.926171875,
      "m3way__recipe": 0.8421198156682028,
      "m3way__catboost": 0.8017770449757259,
      "m2way__PRIMARY": 0.8878980891719745,
      "m2way__lb3_realmlp": 0.9030962179110327,
      "m2way__m3way": 0.926171875,
      "m2way__m2way": 1.0,
      "m2way__recipe": 0.8829576534942941,
      "m2way__catboost": 0.8180808735079116,
      "recipe__PRIMARY": 0.8290718366582374,
      "recipe__lb3_realmlp": 0.8370660694288914,
      "recipe__m3way": 0.8421198156682028,
      "recipe__m2way": 0.8829576534942941,
      "recipe__recipe": 1.0,
      "recipe__catboost": 0.8089397656037067,
      "catboost__PRIMARY": 0.8097211755840241,
      "catboost__lb3_realmlp": 0.8096795291039895,
      "catboost__m3way": 0.8017770449757259,
      "catboost__m2way": 0.8180808735079116,
      "catboost__recipe": 0.8089397656037067,
      "catboost__catboost": 1.0
    },
    "bal_acc": {
      "PRIMARY": 0.9808424406412425,
      "lb3_realmlp": 0.9806090685483349,
      "m3way": 0.9802863771805209,
      "m2way": 0.9801231679332877,
      "recipe": 0.9796650350078755,
      "catboost": 0.9790702925431939
    }
  },
  "variants": {
    "V1": {
      "score": {
        "label": "V1_hardvote_asym",
        "bal_acc": 0.975730035182023,
        "delta_bal": -0.005112405459219538,
        "errs": 8198,
        "delta_errs": -1217,
        "rec_L": 0.9953367917668018,
        "rec_M": 0.976881634974945,
        "rec_H": 0.954971678804322,
        "delta_rec_L": -0.0001973415658106381,
        "delta_rec_M": 0.007374285785990864,
        "delta_rec_H": -0.02251416059783895,
        "add_H": 1,
        "rem_H": 2218,
        "net_H": -2217,
        "asym": -0.9990986931050022
      },
      "gate": {
        "G1": false,
        "G2": false,
        "G3": true,
        "G4": false,
        "all_pass": false
      }
    },
    "V2": {
      "score": {
        "label": "V2_hardvote_conf",
        "bal_acc": 0.975730035182023,
        "delta_bal": -0.005112405459219538,
        "errs": 8198,
        "delta_errs": -1217,
        "rec_L": 0.9953367917668018,
        "rec_M": 0.976881634974945,
        "rec_H": 0.954971678804322,
        "delta_rec_L": -0.0001973415658106381,
        "delta_rec_M": 0.007374285785990864,
        "delta_rec_H": -0.02251416059783895,
        "add_H": 1,
        "rem_H": 2218,
        "net_H": -2217,
        "asym": -0.9990986931050022
      },
      "gate": {
        "G1": false,
        "G2": false,
        "G3": true,
        "G4": false,
        "all_pass": false
      }
    },
    "V3": {
      "score": {
        "label": "V3_softvote_classw_raw",
        "bal_acc": 0.980053300942091,
        "delta_bal": -0.0007891396991515087,
        "errs": 10883,
        "delta_errs": 1468,
        "rec_L": 0.994193292008748,
        "rec_M": 0.9651488660414766,
        "rec_H": 0.9808177447760483,
        "delta_rec_L": -0.0013408413238644723,
        "delta_rec_M": -0.004358483147477443,
        "delta_rec_H": 0.0033319053738873894,
        "add_H": 1451,
        "rem_H": 47,
        "net_H": 1404,
        "asym": 0.9372496662216289
      },
      "gate": {
        "G1": false,
        "G2": false,
        "G3": false,
        "G4": true,
        "all_pass": false
      }
    },
    "V3+": {
      "score": {
        "label": "V3plus_softvote_classw_tuned",
        "bal_acc": 0.9801777639879728,
        "delta_bal": -0.0006646766532696358,
        "errs": 9805,
        "delta_errs": 390,
        "rec_L": 0.995006988054077,
        "rec_M": 0.9687544442306566,
        "rec_H": 0.9767718596791851,
        "delta_rec_L": -0.0005271452785354791,
        "delta_rec_M": -0.0007529049582974956,
        "delta_rec_H": -0.0007139797229758216,
        "add_H": 532,
        "rem_H": 262,
        "net_H": 270,
        "asym": 0.34005037783375314
      },
      "gate": {
        "G1": false,
        "G2": false,
        "G3": true,
        "G4": false,
        "all_pass": false
      }
    }
  }
}