{
  "argmax_bal": 0.9632716167876857,
  "tuned_bal": 0.9708031574312024,
  "tuned_bias": [
    0.4324411632360975,
    0.4689466919465479,
    3.400768902044088
  ]
}