{
  "seed": 42,
  "n_folds": 5,
  "n_features": 85,
  "n_te_features": 42,
  "best_iters": [
    207,
    191,
    197,
    226,
    219
  ],
  "argmax_bal": 0.9632829723195205,
  "tuned_bal": 0.972703780465796,
  "delta_vs_lgbm_dist": 4.378046579600614e-05,
  "log_bias": [
    0.03244116323609758,
    0.3689466919465483,
    3.400768902044088
  ]
}