{
  "seed": 42,
  "n_folds": 5,
  "n_features": 43,
  "class_priors": [
    0.5871698412698413,
    0.3794825396825397,
    0.03334761904761905
  ],
  "log_bias": [
    0.13244116323609723,
    0.7689466919465482,
    3.400768902044088
  ],
  "argmax_bal_acc": 0.9634678389685001,
  "reweight_bal_acc": 0.9721883269298669,
  "tuned_bal_acc": 0.9726587863720084
}