{
  "seed": 42,
  "n_folds": 5,
  "n_te_features": 56,
  "best_iters": [
    219,
    186,
    193,
    205,
    201
  ],
  "argmax_bal": 0.9633754302089859,
  "tuned_bal": 0.972706214240919,
  "delta_vs_lgbm_dist": 4.621424091899584e-05,
  "log_bias": [
    0.13244116323609723,
    0.4689466919465479,
    3.400768902044088
  ]
}