{
  "seed": 42,
  "n_folds": 5,
  "medium_rate": 0.3794825396825397,
  "per_fold_auc": [
    0.9977206696598642,
    0.99758988747111,
    0.997530107656364,
    0.9977551283738632,
    0.9977723348602123
  ],
  "overall_auc": 0.9976696971341148,
  "best_iters_per_fold": [
    526,
    671,
    400,
    730,
    404
  ],
  "n_features": 443,
  "smoke": false
}