{
  "candidate": "xgb_metastack_v8",
  "use_iso": false,
  "anchor_bal": 0.9808424406412425,
  "anchor_pcr": [
    0.9955341333326124,
    0.9695073491889541,
    0.9774858394021609
  ],
  "sweep": {
    "0.00": {
      "oof": 0.9808424406412425,
      "delta": 0.0,
      "errs": 9415,
      "pcr": [
        0.9955341333326124,
        0.9695073491889541,
        0.9774858394021609
      ]
    },
    "0.10": {
      "oof": 0.9809597814698657,
      "delta": 0.0001173408286232469,
      "errs": 9255,
      "pcr": [
        0.9955584631146988,
        0.9701682324301263,
        0.9771526488647723
      ]
    },
    "0.20": {
      "oof": 0.9810579613479989,
      "delta": 0.00021552070675645574,
      "errs": 9117,
      "pcr": [
        0.9955990127515091,
        0.9707078143169061,
        0.9768670569755818
      ]
    },
    "0.30": {
      "oof": 0.9811272255655835,
      "delta": 0.00028478492434103053,
      "errs": 9033,
      "pcr": [
        0.9956233425335954,
        0.9710340731321683,
        0.9767242610309868
      ]
    },
    "0.40": {
      "oof": 0.9811150568525502,
      "delta": 0.00027261621130769687,
      "errs": 8987,
      "pcr": [
        0.995644969006561,
        0.9712139337610949,
        0.9764862677899948
      ]
    },
    "0.50": {
      "oof": 0.9810203605846645,
      "delta": 0.00017791994342197803,
      "errs": 8949,
      "pcr": [
        0.9956611888612851,
        0.9713896115846976,
        0.9760102813080108
      ]
    }
  },
  "gates": {
    "G1": false,
    "G2": false,
    "G3": false,
    "G4": false,
    "overall": false
  },
  "net_high_flip": -111,
  "total_high_churn": 129
}