{
  "rf_natural_standalone": {
    "oof_tuned": 0.9806669044664734,
    "bias": [
      0.5324411632360976,
      0.8689466919465483,
      3.400768902044088
    ],
    "errs": 10143,
    "pcr": [
      0.9948988556892492,
      0.9672360858980902,
      0.9798657718120806
    ],
    "test_diff_vs_primary": 628,
    "test_diff_vs_rawashishsin": 655,
    "sub_path": "submissions/submission_sklearn_rf_meta_natural_standalone.csv"
  },
  "anchors": {
    "rawashishsin_tuned": 0.9800969378560188,
    "primary_tuned": 0.9809009444453641,
    "geomean_tuned": 0.9801150179475862
  },
  "blend_gate_results": {
    "rawashishsin": {
      "anchor_tuned": 0.9800969378560188,
      "best": {
        "alpha": 0.5,
        "tuned": 0.980599515963727,
        "bias": [
          0.9324411632360975,
          1.3689466919465483,
          3.1007689020440883
        ],
        "delta_vs_anchor": 0.0005025781077081515,
        "pcr_delta": [
          -0.00031899047624195376,
          0.0021123166885567146,
          -0.00028559188919041745
        ],
        "errs": 9847
      },
      "net_H": -164,
      "churn_H": 258,
      "disagree": 379,
      "sub_path": "submissions/submission_rf_natural_blend_rawashishsin_a050.csv"
    },
    "primary": {
      "anchor_tuned": 0.9809009444453641,
      "best": null,
      "sweep": [
        {
          "alpha": 0.05,
          "tuned": 0.980854267795456,
          "bias": [
            0.5324411632360976,
            0.8689466919465483,
            2.8007689020440885
          ],
          "delta_vs_anchor": -4.667664990809506e-05,
          "pcr_delta": [
            8.109927362109914e-06,
            0.00028024795669956415,
            -0.00042838783378551515
          ],
          "errs": 9375
        },
        {
          "alpha": 0.1,
          "tuned": 0.9809196875100842,
          "bias": [
            0.5324411632360971,
            0.9689466919465479,
            3.000768902044088
          ],
          "delta_vs_anchor": 1.8743064720050384e-05,
          "pcr_delta": [
            -0.00028114414855229253,
            4.182805323882377e-06,
            0.00033319053738878335
          ],
          "errs": 9532
        },
        {
          "alpha": 0.15,
          "tuned": 0.9808711225127449,
          "bias": [
            0.6324411632360972,
            0.9689466919465479,
            3.000768902044088
          ],
          "delta_vs_anchor": -2.982193261924504e-05,
          "pcr_delta": [
            1.3516545603442509e-05,
            -0.00015058099165954353,
            4.759864819847692e-05
          ],
          "errs": 9466
        },
        {
          "alpha": 0.2,
          "tuned": 0.9808898634070445,
          "bias": [
            0.5324411632360971,
            0.9689466919465479,
            3.000768902044088
          ],
          "delta_vs_anchor": -1.1081038319593617e-05,
          "pcr_delta": [
            -0.00027844083943162623,
            0.0002927963726712113,
            -4.75986481983659e-05
          ],
          "errs": 9470
        },
        {
          "alpha": 0.25,
          "tuned": 0.9809327090147786,
          "bias": [
            0.6324411632360972,
            1.068946691946548,
            3.400768902044088
          ],
          "delta_vs_anchor": 3.176456941444972e-05,
          "pcr_delta": [
            -0.0002649242938280727,
            -0.002162510352443192,
            0.002522728354514725
          ],
          "errs": 9998
        },
        {
          "alpha": 0.3,
          "tuned": 0.9809829026786651,
          "bias": [
            0.6324411632360972,
            1.068946691946548,
            3.400768902044088
          ],
          "delta_vs_anchor": 8.195823330092722e-05,
          "pcr_delta": [
            -0.0002649242938280727,
            -0.0020119293607837596,
            0.002522728354514725
          ],
          "errs": 9962
        },
        {
          "alpha": 0.4,
          "tuned": 0.9810009198749693,
          "bias": [
            0.6324411632360972,
            1.068946691946548,
            3.400768902044088
          ],
          "delta_vs_anchor": 9.997542960515915e-05,
          "pcr_delta": [
            -0.0002730342211901826,
            -0.0018069718999138562,
            0.0023799324099196273
          ],
          "errs": 9919
        },
        {
          "alpha": 0.5,
          "tuned": 0.9809612732070899,
          "bias": [
            0.5324411632360971,
            0.9689466919465479,
            3.400768902044088
          ],
          "delta_vs_anchor": 6.0328761725791935e-05,
          "pcr_delta": [
            -0.0002865507667936251,
            -0.0023883818399323964,
            0.0028559188919035083
          ],
          "errs": 10053
        }
      ]
    },
    "geomean": {
      "anchor_tuned": 0.9801150179475862,
      "best": {
        "alpha": 0.5,
        "tuned": 0.9805636607083242,
        "bias": [
          1.032441163236097,
          1.568946691946548,
          3.400768902044088
        ],
        "delta_vs_anchor": 0.00044864276073808274,
        "pcr_delta": [
          -0.0004974088782078168,
          0.0011293574374461324,
          0.0007139797229759326
        ],
        "errs": 10303
      },
      "net_H": -53,
      "churn_H": 201,
      "disagree": 397,
      "sub_path": "submissions/submission_rf_natural_blend_geomean_a050.csv"
    }
  }
}