{
  "candidate": "mlp_meta_macrorec_lam03_curated",
  "use_iso": true,
  "anchor_bal": 0.9808424406412425,
  "anchor_pcr": [
    0.9955341333326124,
    0.9695073491889541,
    0.9774858394021609
  ],
  "sweep": {
    "0.00": {
      "oof": 0.9808424406412425,
      "delta": 0.0,
      "errs": 9415,
      "pcr": [
        0.9955341333326124,
        0.9695073491889541,
        0.9774858394021609
      ]
    },
    "0.10": {
      "oof": 0.9809164142332829,
      "delta": 7.397359204042164e-05,
      "errs": 9407,
      "pcr": [
        0.9955071002414055,
        0.9695659084634883,
        0.9776762339949545
      ]
    },
    "0.20": {
      "oof": 0.9808844986180163,
      "delta": 4.205797677381273e-05,
      "errs": 9428,
      "pcr": [
        0.9954422208225089,
        0.9695826396847838,
        0.9776286353467561
      ]
    },
    "0.30": {
      "oof": 0.9808528878159865,
      "delta": 1.0447174743966059e-05,
      "errs": 9443,
      "pcr": [
        0.9953421983850431,
        0.9696830270125568,
        0.9775334380503594
      ]
    },
    "0.40": {
      "oof": 0.9808876026107254,
      "delta": 4.5161969482898634e-05,
      "errs": 9472,
      "pcr": [
        0.9952475825658188,
        0.9696913926232046,
        0.9777238326431529
      ]
    },
    "0.50": {
      "oof": 0.9809170812427469,
      "delta": 7.464060150441654e-05,
      "errs": 9509,
      "pcr": [
        0.9951205270371462,
        0.9697164894551478,
        0.9779142272359465
      ]
    }
  },
  "gates": {
    "G1": false,
    "G2": true,
    "G3": false,
    "G4": false,
    "overall": false
  },
  "net_high_flip": 50,
  "total_high_churn": 110
}