{
  "anchor_bal": 0.9808424406412425,
  "anchor_errs": 9415,
  "standalone_raw": {
    "bal": 0.9796292234184811,
    "errs": 9963,
    "jaccard": 0.8171417854463616
  },
  "standalone_iso": {
    "bal": 0.9795239873232392,
    "errs": 9614,
    "jaccard": 0.8302394921612003
  },
  "sweep_raw": [
    {
      "alpha": 0.0,
      "bal_acc": 0.9808424406412425,
      "rec_L": 0.9955341333326124,
      "rec_M": 0.9695073491889541,
      "rec_H": 0.9774858394021609,
      "delta_rec_L": 0.0,
      "delta_rec_M": 0.0,
      "delta_rec_H": 0.0,
      "errs": 9415,
      "add_H": 0,
      "rem_H": 0,
      "net_H": 0,
      "asym": 0.0,
      "delta_bal": 0.0,
      "gates": {
        "G1": false,
        "G2": true,
        "G3": true,
        "G4": false,
        "all_pass": false
      }
    },
    {
      "alpha": 0.025,
      "bal_acc": 0.9808546172173859,
      "rec_L": 0.9955314300234918,
      "rec_M": 0.9694989835783063,
      "rec_H": 0.9775334380503594,
      "delta_rec_L": -2.7033091206662974e-06,
      "delta_rec_M": -8.365610647764754e-06,
      "delta_rec_H": 4.759864819847692e-05,
      "errs": 9417,
      "add_H": 23,
      "rem_H": 20,
      "net_H": 3,
      "asym": 0.06976744186046512,
      "delta_bal": 1.2176576143385631e-05,
      "gates": {
        "G1": false,
        "G2": true,
        "G3": true,
        "G4": false,
        "all_pass": false
      }
    },
    {
      "alpha": 0.05,
      "bal_acc": 0.9807896367591072,
      "rec_L": 0.9955368366417331,
      "rec_M": 0.9695366288262212,
      "rec_H": 0.9772954448093674,
      "delta_rec_L": 2.7033091206662974e-06,
      "delta_rec_M": 2.9279637267065617e-05,
      "delta_rec_H": -0.00019039459279357462,
      "errs": 9411,
      "add_H": 40,
      "rem_H": 52,
      "net_H": -12,
      "asym": -0.13043478260869565,
      "delta_bal": -5.2803882135243896e-05,
      "gates": {
        "G1": false,
        "G2": true,
        "G3": true,
        "G4": false,
        "all_pass": false
      }
    },
    {
      "alpha": 0.1,
      "bal_acc": 0.9807196576202264,
      "rec_L": 0.9955314300234918,
      "rec_M": 0.9695700912688122,
      "rec_H": 0.9770574515683754,
      "delta_rec_L": -2.7033091206662974e-06,
      "delta_rec_M": 6.274207985812463e-05,
      "delta_rec_H": -0.00042838783378551515,
      "errs": 9410,
      "add_H": 77,
      "rem_H": 95,
      "net_H": -18,
      "asym": -0.10465116279069768,
      "delta_bal": -0.00012278302101609295,
      "gates": {
        "G1": false,
        "G2": true,
        "G3": true,
        "G4": false,
        "all_pass": false
      }
    },
    {
      "alpha": 0.15,
      "bal_acc": 0.9805994126218375,
      "rec_L": 0.995520616787009,
      "rec_M": 0.9695533600475167,
      "rec_H": 0.9767242610309868,
      "delta_rec_L": -1.3516545603442509e-05,
      "delta_rec_M": 4.6010858562595125e-05,
      "delta_rec_H": -0.0007615783711741875,
      "errs": 9425,
      "add_H": 116,
      "rem_H": 137,
      "net_H": -21,
      "asym": -0.08300395256916997,
      "delta_bal": -0.00024302801940501162,
      "gates": {
        "G1": false,
        "G2": false,
        "G3": true,
        "G4": false,
        "all_pass": false
      }
    },
    {
      "alpha": 0.2,
      "bal_acc": 0.9805909617834278,
      "rec_L": 0.9955287267143711,
      "rec_M": 0.9695198976049256,
      "rec_H": 0.9767242610309868,
      "delta_rec_L": -5.406618241332595e-06,
      "delta_rec_M": 1.2548415971536109e-05,
      "delta_rec_H": -0.0007615783711741875,
      "errs": 9430,
      "add_H": 150,
      "rem_H": 166,
      "net_H": -16,
      "asym": -0.05063291139240506,
      "delta_bal": -0.00025147885781473533,
      "gates": {
        "G1": false,
        "G2": false,
        "G3": true,
        "G4": false,
        "all_pass": false
      }
    },
    {
      "alpha": 0.3,
      "bal_acc": 0.9804909723597635,
      "rec_L": 0.9955043969322848,
      "rec_M": 0.9694822523570108,
      "rec_H": 0.9764862677899948,
      "delta_rec_L": -2.9736400327662338e-05,
      "delta_rec_M": -2.5096831943294262e-05,
      "delta_rec_H": -0.000999571612166128,
      "errs": 9453,
      "add_H": 221,
      "rem_H": 224,
      "net_H": -3,
      "asym": -0.006741573033707865,
      "delta_bal": -0.0003514682814790282,
      "gates": {
        "G1": false,
        "G2": false,
        "G3": true,
        "G4": false,
        "all_pass": false
      }
    },
    {
      "alpha": 0.4,
      "bal_acc": 0.9804468980649942,
      "rec_L": 0.9954908803866813,
      "rec_M": 0.9694111446665049,
      "rec_H": 0.9764386691417963,
      "delta_rec_L": -4.325294593110485e-05,
      "delta_rec_M": -9.620452244918365e-05,
      "delta_rec_H": -0.001047170260364605,
      "errs": 9476,
      "add_H": 299,
      "rem_H": 283,
      "net_H": 16,
      "asym": 0.027491408934707903,
      "delta_bal": -0.0003955425762482978,
      "gates": {
        "G1": false,
        "G2": false,
        "G3": true,
        "G4": false,
        "all_pass": false
      }
    },
    {
      "alpha": 0.5,
      "bal_acc": 0.9802124704442724,
      "rec_L": 0.9954476274407502,
      "rec_M": 0.9692271012322544,
      "rec_H": 0.9759626826598125,
      "delta_rec_L": -8.65058918622097e-05,
      "delta_rec_M": -0.00028024795669967517,
      "delta_rec_H": -0.001523156742348486,
      "errs": 9546,
      "add_H": 378,
      "rem_H": 329,
      "net_H": 49,
      "asym": 0.06930693069306931,
      "delta_bal": -0.0006299701969700866,
      "gates": {
        "G1": false,
        "G2": false,
        "G3": true,
        "G4": false,
        "all_pass": false
      }
    }
  ],
  "sweep_iso": [
    {
      "alpha": 0.0,
      "bal_acc": 0.9808424406412425,
      "rec_L": 0.9955341333326124,
      "rec_M": 0.9695073491889541,
      "rec_H": 0.9774858394021609,
      "delta_rec_L": 0.0,
      "delta_rec_M": 0.0,
      "delta_rec_H": 0.0,
      "errs": 9415,
      "add_H": 0,
      "rem_H": 0,
      "net_H": 0,
      "asym": 0.0,
      "delta_bal": 0.0,
      "gates": {
        "G1": false,
        "G2": true,
        "G3": true,
        "G4": false,
        "all_pass": false
      }
    },
    {
      "alpha": 0.025,
      "bal_acc": 0.980808255414245,
      "rec_L": 0.9955341333326124,
      "rec_M": 0.9695951881007554,
      "rec_H": 0.9772954448093674,
      "delta_rec_L": 0.0,
      "delta_rec_M": 8.783891180130787e-05,
      "delta_rec_H": -0.00019039459279357462,
      "errs": 9398,
      "add_H": 11,
      "rem_H": 36,
      "net_H": -25,
      "asym": -0.5319148936170213,
      "delta_bal": -3.4185226997496265e-05,
      "gates": {
        "G1": false,
        "G2": true,
        "G3": true,
        "G4": false,
        "all_pass": false
      }
    },
    {
      "alpha": 0.05,
      "bal_acc": 0.9808112944653832,
      "rec_L": 0.9955422432599745,
      "rec_M": 0.9696913926232046,
      "rec_H": 0.9772002475129706,
      "delta_rec_L": 8.109927362109914e-06,
      "delta_rec_M": 0.00018404343425049152,
      "delta_rec_H": -0.0002855918891903064,
      "errs": 9374,
      "add_H": 23,
      "rem_H": 74,
      "net_H": -51,
      "asym": -0.5257731958762887,
      "delta_bal": -3.114617585930901e-05,
      "gates": {
        "G1": false,
        "G2": true,
        "G3": true,
        "G4": false,
        "all_pass": false
      }
    },
    {
      "alpha": 0.1,
      "bal_acc": 0.9806896269638522,
      "rec_L": 0.995547649878216,
      "rec_M": 0.9698921672787505,
      "rec_H": 0.9766290637345899,
      "delta_rec_L": 1.3516545603553531e-05,
      "delta_rec_M": 0.00038481808979640153,
      "delta_rec_H": -0.0008567756675710303,
      "errs": 9336,
      "add_H": 40,
      "rem_H": 145,
      "net_H": -105,
      "asym": -0.5675675675675675,
      "delta_bal": -0.0001528136773902844,
      "gates": {
        "G1": false,
        "G2": false,
        "G3": true,
        "G4": false,
        "all_pass": false
      }
    },
    {
      "alpha": 0.15,
      "bal_acc": 0.9806234175236259,