{
  "bias": [
    1.4324411632360974,
    1.468946691946548,
    3.400768902044088
  ],
  "standalone": {
    "recipe": {
      "bal": 0.9796650350078755,
      "errs": 10114
    },
    "pseudo_s1": {
      "bal": 0.9798712145011718,
      "errs": 10039
    },
    "pseudo_s7": {
      "bal": 0.9800204337999318,
      "errs": 10170
    },
    "pseudo_s123": {
      "bal": 0.9797339286037502,
      "errs": 10049
    }
  },
  "pairwise": {
    "pseudo_s1": {
      "peak_alpha": 0.525,
      "peak_bal": 0.9801670408437525,
      "curve": [
        [
          0.0,
          0.9796650350078755
        ],
        [
          0.025,
          0.9796469534790595
        ],
        [
          0.05,
          0.9797149368906654
        ],
        [
          0.07500000000000001,
          0.9797148646950437
        ],
        [
          0.1,
          0.9797501654415259
        ],
        [
          0.125,
          0.9797696851997041
        ],
        [
          0.15000000000000002,
          0.9797970774031288
        ],
        [
          0.17500000000000002,
          0.9798852311616973
        ],
        [
          0.2,
          0.979863873099628
        ],
        [
          0.225,
          0.9799208236892762
        ],
        [
          0.25,
          0.979938985276824
        ],
        [
          0.275,
          0.97992456245915
        ],
        [
          0.30000000000000004,
          0.9799724116216041
        ],
        [
          0.325,
          0.9800131681162787
        ],
        [
          0.35000000000000003,
          0.9800639271411881
        ],
        [
          0.375,
          0.9800735656947044
        ],
        [
          0.4,
          0.9800492486402286
        ],
        [
          0.42500000000000004,
          0.9800869660837651
        ],
        [
          0.45,
          0.9801182053504963
        ],
        [
          0.47500000000000003,
          0.9801452257140929
        ],
        [
          0.5,
          0.9801231679332877
        ],
        [
          0.525,
          0.9801670408437525
        ],
        [
          0.55,
          0.9801075574005073
        ],
        [
          0.5750000000000001,
          0.980056762277787
        ],
        [
          0.6000000000000001,
          0.9800867777316009
        ],
        [
          0.625,
          0.9800536201022464
        ],
        [
          0.65,
          0.9800309890973086
        ],
        [
          0.675,
          0.9800041030914249
        ],
        [
          0.7000000000000001,
          0.9801060703457237
        ],
        [
          0.7250000000000001,
          0.9800802067684532
        ],
        [
          0.75,
          0.9800476584610425
        ],
        [
          0.775,
          0.9800493445105803
        ],
        [
          0.8,
          0.9799974108027046
        ],
        [
          0.8250000000000001,
          0.9800109816472892
        ],
        [
          0.8500000000000001,
          0.9799930266130762
        ],
        [
          0.875,
          0.9799457197459743
        ],
        [
          0.9,
          0.9798971038381931
        ],
        [
          0.925,
          0.9799109664638742
        ],
        [
          0.9500000000000001,
          0.9798958851943057
        ],
        [
          0.9750000000000001,
          0.9798685421208319
        ],
        [
          1.0,
          0.9798712145011718
        ]
      ]
    },
    "pseudo_s7": {
      "peak_alpha": 0.775,
      "peak_bal": 0.9801531962001118,
      "curve": [
        [
          0.0,
          0.9796650350078755
        ],
        [
          0.025,
          0.9796848774759308
        ],
        [
          0.05,
          0.9797584379613018
        ],
        [
          0.07500000000000001,
          0.9798054712484774
        ],
        [
          0.1,
          0.9798105190590306
        ],
        [
          0.125,
          0.9798327421263293
        ],
        [
          0.15000000000000002,
          0.9798736199465768
        ],
        [
          0.17500000000000002,
          0.9799376580349742
        ],
        [
          0.2,
          0.9799860364606401
        ],
        [
          0.225,
          0.9800526977994264
        ],
        [
          0.25,
          0.9800457264572199
        ],
        [
          0.275,
          0.980086232437639
        ],
        [
          0.30000000000000004,
          0.9801061601334564
        ],
        [
          0.325,
          0.9801196457502791
        ],
        [
          0.35000000000000003,
          0.9801364621993365
        ],
        [
          0.375,
          0.9801494546507582
        ],
        [
          0.4,
          0.9801372780746148
        ],
        [
          0.42500000000000004,
          0.9801153907493335
        ],
        [
          0.45,
          0.9800893567165391
        ],
        [
          0.47500000000000003,
          0.9801108852341324
        ],
        [
          0.5,
          0.9801150680394562
        ],
        [
          0.525,
          0.9801262582847974
        ],
        [
          0.55,
          0.9801128578957364
        ],
        [
          0.5750000000000001,
          0.9800910066682661
        ],
        [
          0.6000000000000001,
          0.9801075726030679
        ],
        [
          0.625,
          0.9801040534186689
        ],
        [
          0.65,
          0.9800954011959547
        ],
        [
          0.675,
          0.9800624810487157
        ],
        [
          0.7000000000000001,
          0.9801011047643228
        ],
        [
          0.7250000000000001,
          0.980128295583443
        ],
        [
          0.75,
          0.9801202708838428
        ],
        [
          0.775,
          0.9801531962001118
        ],
        [
          0.8,
          0.9801386080959443
        ],
        [
          0.8250000000000001,
          0.9801175779127823
        ],
        [
          0.8500000000000001,
          0.9800761216993719
        ],
        [
          0.875,
          0.98010544260348
        ],
        [
          0.9,
          0.9800760107118593
        ],
        [
          0.925,
          0.9800190652912413
        ],
        [
          0.9500000000000001,
          0.9800665477828968
        ],
        [
          0.9750000000000001,
          0.9800319106573395
        ],
        [
          1.0,
          0.9800204337999318
        ]
      ]
    },
    "pseudo_s123": {
      "peak_alpha": 0.75,
      "peak_bal": 0.9800220584301677,