{
  "candidate": "knntr",
  "use_iso": false,
  "anchor_bal": 0.9808424406412425,
  "anchor_pcr": [
    0.9955341333326124,
    0.9695073491889541,
    0.9774858394021609
  ],
  "sweep": {
    "0.00": {
      "oof": 0.9808424406412425,
      "delta": 0.0,
      "errs": 9415,
      "pcr": [
        0.9955341333326124,
        0.9695073491889541,
        0.9774858394021609
      ]
    },
    "0.10": {
      "oof": 0.9806640212402877,
      "delta": -0.00017841940095475461,
      "errs": 9442,
      "pcr": [
        0.9955125068596469,
        0.9694697039410392,
        0.9770098529201771
      ]
    },
    "0.20": {
      "oof": 0.9806002697639568,
      "delta": -0.00024217087728573006,
      "errs": 9458,
      "pcr": [
        0.9955016936231641,
        0.9694320586931243,
        0.9768670569755818
      ]
    },
    "0.30": {
      "oof": 0.9804580082516036,
      "delta": -0.00038443238963892234,
      "errs": 9502,
      "pcr": [
        0.9954692539137158,
        0.9693233057547036,
        0.9765814650863915
      ]
    },
    "0.40": {
      "oof": 0.9804047215421274,
      "delta": -0.0004377190991150526,
      "errs": 9548,
      "pcr": [
        0.9954097811130604,
        0.9692229184269305,
        0.9765814650863915
      ]
    },
    "0.50": {
      "oof": 0.9803180576178224,
      "delta": -0.0005243830234200608,
      "errs": 9619,
      "pcr": [
        0.9953421983850431,
        0.9690305093820324,
        0.9765814650863915
      ]
    }
  },
  "gates": {
    "G1": false,
    "G2": false,
    "G3": false,
    "G4": false,
    "overall": false
  },
  "net_high_flip": 18,
  "total_high_churn": 104
}