{
  "candidate": "residte",
  "use_iso": false,
  "anchor_bal": 0.9808424406412425,
  "anchor_pcr": [
    0.9955341333326124,
    0.9695073491889541,
    0.9774858394021609
  ],
  "sweep": {
    "0.00": {
      "oof": 0.9808424406412425,
      "delta": 0.0,
      "errs": 9415,
      "pcr": [
        0.9955341333326124,
        0.9695073491889541,
        0.9774858394021609
      ]
    },
    "0.10": {
      "oof": 0.980590396422405,
      "delta": -0.0002520442188375105,
      "errs": 9410,
      "pcr": [
        0.9955260234052503,
        0.9696161021273748,
        0.9766290637345899
      ]
    },
    "0.20": {
      "oof": 0.9805132445570134,
      "delta": -0.00032919608422909974,
      "errs": 9427,
      "pcr": [
        0.9955016936231641,
        0.9695993709060793,
        0.9764386691417963
      ]
    },
    "0.30": {
      "oof": 0.9804704923350634,
      "delta": -0.0003719483061790374,
      "errs": 9429,
      "pcr": [
        0.9954827704593192,
        0.9696328333486702,
        0.9762958731972012
      ]
    },
    "0.40": {
      "oof": 0.9803728034519108,
      "delta": -0.0004696371893316842,
      "errs": 9475,
      "pcr": [
        0.9954287042769053,
        0.9695366288262212,
        0.976153077252606
      ]
    },
    "0.50": {
      "oof": 0.980293647996134,
      "delta": -0.0005487926451084313,
      "errs": 9507,
      "pcr": [
        0.9953800447127329,
        0.9694906179676586,
        0.9760102813080108
      ]
    }
  },
  "gates": {
    "G1": false,
    "G2": false,
    "G3": false,
    "G4": false,
    "overall": false
  },
  "net_high_flip": -15,
  "total_high_churn": 97
}