{
  "candidate": "rawashishsin",
  "use_iso": true,
  "anchor_bal": 0.9808424406412425,
  "anchor_pcr": [
    0.9955341333326124,
    0.9695073491889541,
    0.9774858394021609
  ],
  "sweep": {
    "0.00": {
      "oof": 0.9808424406412425,
      "delta": 0.0,
      "errs": 9415,
      "pcr": [
        0.9955341333326124,
        0.9695073491889541,
        0.9774858394021609
      ]
    },
    "0.10": {
      "oof": 0.9806964769804858,
      "delta": -0.0001459636607566983,
      "errs": 9320,
      "pcr": [
        0.9955530564964573,
        0.9699549093586086,
        0.9765814650863915
      ]
    },
    "0.20": {
      "oof": 0.980631230805391,
      "delta": -0.0002112098358514336,
      "errs": 9263,
      "pcr": [
        0.9955530564964573,
        0.9702351573153082,
        0.9761054786044077
      ]
    },
    "0.30": {
      "oof": 0.9806028734709441,
      "delta": -0.0002395671702983826,
      "errs": 9222,
      "pcr": [
        0.9954665506045951,
        0.9705697817412182,
        0.9757722880670189
      ]
    },
    "0.40": {
      "oof": 0.9805325176277346,
      "delta": -0.00030992301350785123,
      "errs": 9209,
      "pcr": [
        0.995396264567457,
        0.9707621907861165,
        0.9754390975296302
      ]
    },
    "0.50": {
      "oof": 0.9804448703712368,
      "delta": -0.0003975702700056427,
      "errs": 9213,
      "pcr": [
        0.9952908355117499,
        0.9709378686097192,
        0.9751059069922414
      ]
    }
  },
  "gates": {
    "G1": false,
    "G2": false,
    "G3": false,
    "G4": false,
    "overall": false
  },
  "net_high_flip": -135,
  "total_high_churn": 207
}