{
  "candidate": "basemargin_K2",
  "use_iso": false,
  "anchor_bal": 0.9808424406412425,
  "anchor_pcr": [
    0.9955341333326124,
    0.9695073491889541,
    0.9774858394021609
  ],
  "sweep": {
    "0.00": {
      "oof": 0.9808424406412425,
      "delta": 0.0,
      "errs": 9415,
      "pcr": [
        0.9955341333326124,
        0.9695073491889541,
        0.9774858394021609
      ]
    },
    "0.10": {
      "oof": 0.9807043206673723,
      "delta": -0.0001381199738701433,
      "errs": 9421,
      "pcr": [
        0.9955314300234918,
        0.9695240804102495,
        0.9770574515683754
      ]
    },
    "0.20": {
      "oof": 0.9804420103719046,
      "delta": -0.0004004302693378925,
      "errs": 9442,
      "pcr": [
        0.9955395399508539,
        0.9694906179676586,
        0.9762958731972012
      ]
    },
    "0.30": {
      "oof": 0.9803482486107901,
      "delta": -0.0004941920304524228,
      "errs": 9482,
      "pcr": [
        0.9955098035505262,
        0.9693818650292378,
        0.976153077252606
      ]
    },
    "0.40": {
      "oof": 0.9802908952525327,
      "delta": -0.0005515453887098287,
      "errs": 9517,
      "pcr": [
        0.9954773638410779,
        0.9692898433121125,
        0.9761054786044077
      ]
    },
    "0.50": {
      "oof": 0.9802123903855406,
      "delta": -0.0006300502557018417,
      "errs": 9570,
      "pcr": [
        0.995423297658664,
        0.9691559935417485,
        0.9760578799562093
      ]
    }
  },
  "gates": {
    "G1": false,
    "G2": false,
    "G3": false,
    "G4": false,
    "overall": false
  },
  "net_high_flip": 18,
  "total_high_churn": 106
}