{
  "components": {
    "hybrid": 0.9735244463466319,
    "lgbmxgb": 0.9731074436973962
  },
  "jaccard": 0.805319541928334,
  "sweep": {
    "w_hyb=0.00": 0.9731074436973962,
    "w_hyb=0.05": 0.9732289255408428,
    "w_hyb=0.10": 0.9732566895840958,
    "w_hyb=0.15": 0.9733316082400973,
    "w_hyb=0.20": 0.9735085247746486,
    "w_hyb=0.25": 0.9735015606864929,
    "w_hyb=0.30": 0.9735132571293752,
    "w_hyb=0.35": 0.9735732828679726,
    "w_hyb=0.40": 0.9735428236832385,
    "w_hyb=0.45": 0.9735922736674684,
    "w_hyb=0.50": 0.9736106928138097,
    "w_hyb=0.55": 0.973586324753875,
    "w_hyb=0.60": 0.97357467819335,
    "w_hyb=0.65": 0.9736006761283335,
    "w_hyb=0.70": 0.9735727546616967,
    "w_hyb=0.75": 0.97362146096627,
    "w_hyb=0.80": 0.9736153112774314,
    "w_hyb=0.85": 0.9735514968204373,
    "w_hyb=0.90": 0.9735044904161138,
    "w_hyb=0.95": 0.9735358871062288,
    "w_hyb=1.00": 0.9735244463466319
  },
  "best": {
    "w_hyb": 0.75,
    "tuned": 0.97362146096627
  }
}