{
  "v1_bal_acc": 0.9805972581660175,
  "xreg_bal_acc": 0.9809047052335896,
  "delta_standalone": 0.0003074470675721308,
  "v1_pcr": [
    0.9946285247771798,
    0.9693442197813229,
    0.9778190299395497
  ],
  "xreg_pcr": [
    0.9949799549628701,
    0.9687251645933895,
    0.9790089961445095
  ],
  "test_disagreement": 391,
  "g1_pass": true,
  "g2_pass": false,
  "verdict": "FAIL",
  "v1_bias": [
    0.43,
    0.87,
    3.2
  ],
  "xreg_bias": [
    0.6324411632360972,
    0.9689466919465479,
    3.400768902044088
  ]
}