{
  "lb_best_ba": 0.9802863771805209,
  "lb_best_rec": {
    "Low": 0.9949231854713355,
    "Medium": 0.9685453039644629,
    "High": 0.9773906421057642
  },
  "sweeps": {
    "prob_mix": [
      [
        0.0,
        0.9802863771805209
      ],
      [
        0.05,
        0.980274580307316
      ],
      [
        0.1,
        0.9802189235557863
      ],
      [
        0.15000000000000002,
        0.98014514131452
      ],
      [
        0.2,
        0.9801105921108043
      ],
      [
        0.25,
        0.9800591181645988
      ],
      [
        0.30000000000000004,
        0.9800814964848609
      ],
      [
        0.35000000000000003,
        0.9799824730204078
      ],
      [
        0.4,
        0.9799122772946617
      ],
      [
        0.45,
        0.979825471673193
      ],
      [
        0.5,
        0.9797931147165565
      ],
      [
        0.55,
        0.979623502791279
      ],
      [
        0.6000000000000001,
        0.9795182929311171
      ],
      [
        0.65,
        0.9792350355098288
      ],
      [
        0.7000000000000001,
        0.9789106524481173
      ],
      [
        0.75,
        0.9784909559334665
      ],
      [
        0.8,
        0.9780393695632997
      ]
    ],
    "geo_mix": [
      [
        0.0,
        0.9802863771805209
      ],
      [
        0.05,
        0.9802670305719464
      ],
      [
        0.1,
        0.9802320682615614
      ],
      [
        0.15000000000000002,
        0.9801951384586025
      ],
      [
        0.2,
        0.980126068285872
      ],
      [
        0.25,
        0.9800365050563015
      ],
      [
        0.30000000000000004,
        0.9800751936280796
      ],
      [
        0.35000000000000003,
        0.980064360020006
      ],
      [
        0.4,
        0.9799203250599327
      ],
      [
        0.45,
        0.9798425304688663
      ],
      [
        0.5,
        0.9798155492016903
      ],
      [
        0.55,
        0.9797266134952336
      ],
      [
        0.6000000000000001,
        0.9795547783940964
      ],
      [
        0.65,
        0.979397373973743
      ],
      [
        0.7000000000000001,
        0.9790998150603536
      ],
      [
        0.75,
        0.9787625608727932
      ],
      [
        0.8,
        0.9784461045553097
      ]
    ],
    "logit_add": [
      [
        -0.2,
        0.9797730185730543
      ],
      [
        -0.15000000000000002,
        0.9800356895517183
      ],
      [
        -0.10000000000000002,
        0.9801512677943408
      ],
      [
        -0.05000000000000002,
        0.9801337529783964
      ],
      [
        -2.7755575615628914e-17,
        0.9802863771805209
      ],
      [
        0.04999999999999996,
        0.9800573623943895
      ],
      [
        0.09999999999999998,
        0.9799977068488595
      ],
      [
        0.14999999999999997,
        0.9797816636188994
      ],
      [
        0.19999999999999996,
        0.9796868438550206
      ],
      [
        0.24999999999999994,
        0.979474110562045
      ],
      [
        0.29999999999999993,
        0.9792460764140262
      ],
      [
        0.3499999999999999,
        0.9789211149591518
      ],
      [
        0.39999999999999997,
        0.9786610978647451
      ],
      [
        0.4499999999999999,
        0.9783752842196595
      ],
      [
        0.49999999999999994,
        0.978269867806163
      ],
      [
        0.5499999999999998,
        0.9778822494991922
      ],
      [
        0.5999999999999999,
        0.9775503940667633
      ],
      [
        0.6499999999999999,
        0.9773452979073395
      ],
      [
        0.7,
        0.9770864967627403
      ],
      [
        0.75,
        0.9768414238861093
      ],
      [
        0.7999999999999998,
        0.9766088141976881
      ],
      [
        0.8499999999999999,
        0.9763763258348396
      ],
      [
        0.8999999999999999,
        0.9761801606470862
      ],
      [
        0.95,
        0.9760582426312997
      ],
      [
        1.0,
        0.9758599033976377
      ]
    ]
  },
  "emitted": []
}