{
  "candidate": "xgb_metastack_xfold_bag",
  "use_iso": false,
  "anchor_bal": 0.9808424406412425,
  "anchor_pcr": [
    0.9955341333326124,
    0.9695073491889541,
    0.9774858394021609
  ],
  "sweep": {
    "0.00": {
      "oof": 0.9808424406412425,
      "delta": 0.0,
      "errs": 9415,
      "pcr": [
        0.9955341333326124,
        0.9695073491889541,
        0.9774858394021609
      ]
    },
    "0.10": {
      "oof": 0.9808187228751799,
      "delta": -2.3717766062580914e-05,
      "errs": 9359,
      "pcr": [
        0.9955368366417331,
        0.9697666831190342,
        0.9771526488647723
      ]
    },
    "0.20": {
      "oof": 0.9808420253641529,
      "delta": -4.1527708960487075e-07,
      "errs": 9299,
      "pcr": [
        0.9955503531873366,
        0.9700134686331429,
        0.9769622542719787
      ]
    },
    "0.30": {
      "oof": 0.9807306470049225,
      "delta": -0.00011179363631996786,
      "errs": 9264,
      "pcr": [
        0.995555759805578,
        0.9701975120673934,
        0.9764386691417963
      ]
    },
    "0.40": {
      "oof": 0.980736244973938,
      "delta": -0.00010619566730452057,
      "errs": 9197,
      "pcr": [
        0.9955611664238194,
        0.9704944912453884,
        0.976153077252606
      ]
    },
    "0.50": {
      "oof": 0.9807353156361969,
      "delta": -0.00010712500504561628,
      "errs": 9144,
      "pcr": [
        0.9955746829694229,
        0.9707161799275538,
        0.9759150840116141
      ]
    }
  },
  "gates": {
    "G1": false,
    "G2": false,
    "G3": false,
    "G4": false,
    "overall": false
  },
  "net_high_flip": -73,
  "total_high_churn": 89
}