{
  "rf_natural_standalone": {
    "oof_tuned": 0.980628290879414,
    "bias": [
      0.4324411632360975,
      0.8689466919465483,
      3.2007689020440884
    ],
    "errs": 9768,
    "pcr": [
      0.9946447446319039,
      0.9693734994185901,
      0.9778666285877481
    ],
    "test_diff_vs_primary": 629,
    "test_diff_vs_rawashishsin": 620,
    "sub_path": "submissions/submission_sklearn_rf_meta_natural_standalone.csv"
  },
  "anchors": {
    "rawashishsin_tuned": 0.9800969378560188,
    "primary_tuned": 0.9809009444453641,
    "geomean_tuned": 0.9801150179475862
  },
  "blend_gate_results": {
    "rawashishsin": {
      "anchor_tuned": 0.9800969378560188,
      "best": {
        "alpha": 0.4,
        "tuned": 0.9804995042075638,
        "bias": [
          1.0324411632360975,
          1.3689466919465483,
          3.1007689020440883
        ],
        "delta_vs_anchor": 0.0004025663515450084,
        "pcr_delta": [
          -0.00010542905570709582,
          0.0006943456837632533,
          0.0006187824265790898
        ],
        "errs": 10088
      },
      "net_H": -36,
      "churn_H": 176,
      "disagree": 251,
      "sub_path": "submissions/submission_rf_natural_blend_rawashishsin_a040.csv"
    },
    "primary": {
      "anchor_tuned": 0.9809009444453641,
      "best": null,
      "sweep": [
        {
          "alpha": 0.05,
          "tuned": 0.9808685066018065,
          "bias": [
            1.0324411632360975,
            1.3689466919465483,
            3.400768902044088
          ],
          "delta_vs_anchor": -3.2437843557664436e-05,
          "pcr_delta": [
            8.109927362109914e-06,
            -0.0005814099400186512,
            0.00047598648198399207
          ],
          "errs": 9562
        },
        {
          "alpha": 0.1,
          "tuned": 0.9809301901552409,
          "bias": [
            1.0324411632360975,
            1.3689466919465483,
            3.400768902044088
          ],
          "delta_vs_anchor": 2.9245709876724035e-05,
          "pcr_delta": [
            8.109927362109914e-06,
            -0.00030116198331897603,
            0.00038078918558714925
          ],
          "errs": 9497
        },
        {
          "alpha": 0.15,
          "tuned": 0.9809017567983732,
          "bias": [
            0.6324411632360972,
            0.9689466919465479,
            3.1007689020440883
          ],
          "delta_vs_anchor": 8.12353009083111e-07,
          "pcr_delta": [
            1.3516545603442509e-05,
            -0.001058249746940354,
            0.001047170260364605
          ],
          "errs": 9662
        },
        {
          "alpha": 0.2,
          "tuned": 0.980922271045376,
          "bias": [
            0.6324411632360972,
            0.9689466919465479,
            3.400768902044088
          ],
          "delta_vs_anchor": 2.1326600011861707e-05,
          "pcr_delta": [
            1.0813236482776212e-05,
            -0.003421534754929456,
            0.003474701318482598
          ],
          "errs": 10177
        },
        {
          "alpha": 0.25,
          "tuned": 0.9809509824180278,
          "bias": [
            0.5324411632360971,
            0.9689466919465479,
            3.2007689020440884
          ],
          "delta_vs_anchor": 5.00379726636746e-05,
          "pcr_delta": [
            -0.0002568143664659628,
            -0.001259024402486264,
            0.0016659526869436947
          ],
          "errs": 9797
        },
        {
          "alpha": 0.3,
          "tuned": 0.9810046686783735,
          "bias": [
            0.6324411632360972,
            1.068946691946548,
            3.400768902044088
          ],
          "delta_vs_anchor": 0.0001037242330094168,
          "pcr_delta": [
            -0.0002514077482246302,
            -0.0020077465554598772,
            0.002570327002713202
          ],
          "errs": 9955
        },
        {
          "alpha": 0.4,
          "tuned": 0.9810123976459658,
          "bias": [
            0.4324411632360975,
            0.9689466919465479,
            3.3007689020440885
          ],
          "delta_vs_anchor": 0.00011145320060168551,
          "pcr_delta": [
            -0.0005433651332596989,
            -0.00135941173025933,
            0.0022371364653244186
          ],
          "errs": 9915
        },
        {
          "alpha": 0.5,
          "tuned": 0.9810013221199189,
          "bias": [
            0.5324411632360971,
            0.9689466919465479,
            3.400768902044088
          ],
          "delta_vs_anchor": 0.00010037767455473023,
          "pcr_delta": [
            -0.0002757375303108489,
            -0.0024218442825234554,
            0.002998714836498717
          ],
          "errs": 10054
        }
      ]
    },
    "geomean": {
      "anchor_tuned": 0.9801150179475862,
      "best": {
        "alpha": 0.3,
        "tuned": 0.9803673423526286,
        "bias": [
          1.1324411632360971,
          1.568946691946548,
          3.1007689020440883
        ],
        "delta_vs_anchor": 0.0002523244050424145,
        "pcr_delta": [
          -0.00024329782086252028,
          0.000857475091394222,
          0.00014279594459520872
        ],
        "errs": 10286
      },
      "net_H": -33,
      "churn_H": 127,
      "disagree": 232,
      "sub_path": "submissions/submission_rf_natural_blend_geomean_a030.csv"
    }
  }
}