{
  "candidate": "macrorec_T1_lam03",
  "use_iso": true,
  "anchor_bal": 0.9808424406412425,
  "anchor_pcr": [
    0.9955341333326124,
    0.9695073491889541,
    0.9774858394021609
  ],
  "sweep": {
    "0.00": {
      "oof": 0.9808424406412425,
      "delta": 0.0,
      "errs": 9415,
      "pcr": [
        0.9955341333326124,
        0.9695073491889541,
        0.9774858394021609
      ]
    },
    "0.10": {
      "oof": 0.9805280470776254,
      "delta": -0.00031439356361706583,
      "errs": 9381,
      "pcr": [
        0.9955341333326124,
        0.9697541347030626,
        0.9762958731972012
      ]
    },
    "0.20": {
      "oof": 0.9803028348702201,
      "delta": -0.0005396057710224111,
      "errs": 9361,
      "pcr": [
        0.995493583695802,
        0.969975823385228,
        0.9754390975296302
      ]
    },
    "0.30": {
      "oof": 0.9801975810491372,
      "delta": -0.0006448595921052513,
      "errs": 9338,
      "pcr": [
        0.9954530340589917,
        0.9701765980407739,
        0.9749631110476462
      ]
    },
    "0.40": {
      "oof": 0.9801093914972876,
      "delta": -0.0007330491439548892,
      "errs": 9351,
      "pcr": [
        0.995361121548888,
        0.9702895337845187,
        0.9746775191584559
      ]
    },
    "0.50": {
      "oof": 0.9799231308843964,
      "delta": -0.0009193097568460651,
      "errs": 9371,
      "pcr": [
        0.9952773189661465,
        0.9703857383069677,
        0.9741063353800752
      ]
    }
  },
  "gates": {
    "G1": false,
    "G2": false,
    "G3": false,
    "G4": false,
    "overall": false
  },
  "net_high_flip": -115,
  "total_high_churn": 179
}