{
  "candidate": "macrorec_T1_lam03",
  "use_iso": false,
  "anchor_bal": 0.9808424406412425,
  "anchor_pcr": [
    0.9955341333326124,
    0.9695073491889541,
    0.9774858394021609
  ],
  "sweep": {
    "0.00": {
      "oof": 0.9808424406412425,
      "delta": 0.0,
      "errs": 9415,
      "pcr": [
        0.9955341333326124,
        0.9695073491889541,
        0.9774858394021609
      ]
    },
    "0.10": {
      "oof": 0.9807519027611614,
      "delta": -9.053788008106523e-05,
      "errs": 9665,
      "pcr": [
        0.995547649878216,
        0.9683654433355363,
        0.978342615069732
      ]
    },
    "0.20": {
      "oof": 0.9806121344823252,
      "delta": -0.00023030615891728168,
      "errs": 9922,
      "pcr": [
        0.9955395399508539,
        0.967240268703414,
        0.9790565947927079
      ]
    },
    "0.30": {
      "oof": 0.9803968121612635,
      "delta": -0.0004456284799789767,
      "errs": 10274,
      "pcr": [
        0.9955368366417331,
        0.9656926307335804,
        0.9799609691084773
      ]
    },
    "0.40": {
      "oof": 0.9801165015188134,
      "delta": -0.0007259391224291312,
      "errs": 10664,
      "pcr": [
        0.995520616787009,
        0.9640111429933828,
        0.9808177447760483
      ]
    },
    "0.50": {
      "oof": 0.9796532759937376,
      "delta": -0.0011891646475048478,
      "errs": 11134,
      "pcr": [
        0.9954989903140434,
        0.9620243104645424,
        0.9814365272026274
      ]
    }
  },
  "gates": {
    "G1": false,
    "G2": false,
    "G3": false,
    "G4": true,
    "overall": false
  },
  "net_high_flip": 353,
  "total_high_churn": 361
}