{
  "candidate": "basemargin_K2",
  "use_iso": true,
  "anchor_bal": 0.9808424406412425,
  "anchor_pcr": [
    0.9955341333326124,
    0.9695073491889541,
    0.9774858394021609
  ],
  "sweep": {
    "0.00": {
      "oof": 0.9808424406412425,
      "delta": 0.0,
      "errs": 9415,
      "pcr": [
        0.9955341333326124,
        0.9695073491889541,
        0.9774858394021609
      ]
    },
    "0.10": {
      "oof": 0.9806061491760084,
      "delta": -0.00023629146523407307,
      "errs": 9354,
      "pcr": [
        0.9955503531873366,
        0.9698294251988924,
        0.9764386691417963
      ]
    },
    "0.20": {
      "oof": 0.9803851816314886,
      "delta": -0.00045725900975390754,
      "errs": 9301,
      "pcr": [
        0.9955800895876643,
        0.9700887591289726,
        0.9754866961778286
      ]
    },
    "0.30": {
      "oof": 0.9804021994648505,
      "delta": -0.00044024117639196447,
      "errs": 9277,
      "pcr": [
        0.9955909028241471,
        0.9701765980407739,
        0.9754390975296302
      ]
    },
    "0.40": {
      "oof": 0.9803129692832174,
      "delta": -0.0005294713580250576,
      "errs": 9274,
      "pcr": [
        0.995547649878216,
        0.9702853509791948,
        0.9751059069922414
      ]
    },
    "0.50": {
      "oof": 0.9801346120443538,
      "delta": -0.0007078285968886711,
      "errs": 9273,
      "pcr": [
        0.9955016936231641,
        0.9704150179442348,
        0.9744871245656623
      ]
    }
  },
  "gates": {
    "G1": false,
    "G2": false,
    "G3": false,
    "G4": false,
    "overall": false
  },
  "net_high_flip": -85,
  "total_high_churn": 97
}