{
  "fold_run": 0,
  "n_val_rows": 126000,
  "tabpfn_at_recipe_bias": {
    "bal_acc": 0.9414933046830289,
    "errs": 7837,
    "rec_low": 0.995836937716263,
    "rec_med": 0.843877444316637,
    "rec_high": 0.9847655320161867
  },
  "lbbest_at_recipe_bias": {
    "bal_acc": 0.9799362477378537,
    "errs": 1914,
    "rec_low": 0.9955801254325259,
    "rec_med": 0.9689846282547318,
    "rec_high": 0.9752439895263033
  },
  "jaccard_vs_lbbest": 0.2158354114713217,
  "tabpfn_tuned": {
    "bal_acc": 0.9642438399045931,
    "bias": [
      0.6324330533416206,
      2.0689425091499727,
      1.7009593147642332
    ],
    "rec_low": 0.995755839100346,
    "rec_med": 0.9662449022273345,
    "rec_high": 0.9307307783860985
  },
  "gate": {
    "bal_tuned_ge_974": false,
    "jaccard_lt_078": true,
    "errs_le_105pct_anchor": false,
    "overall": "FAIL"
  }
}