{
  "candidate": "rawashishsin_2600",
  "use_iso": true,
  "anchor_bal": 0.9808424406412425,
  "anchor_pcr": [
    0.9955341333326124,
    0.9695073491889541,
    0.9774858394021609
  ],
  "sweep": {
    "0.00": {
      "oof": 0.9808424406412425,
      "delta": 0.0,
      "errs": 9415,
      "pcr": [
        0.9955341333326124,
        0.9695073491889541,
        0.9774858394021609
      ]
    },
    "0.10": {
      "oof": 0.9807564174913211,
      "delta": -8.602314992134374e-05,
      "errs": 9296,
      "pcr": [
        0.9955665730420608,
        0.9700260170491145,
        0.9766766623827883
      ]
    },
    "0.20": {
      "oof": 0.9806595550406368,
      "delta": -0.0001828856006056423,
      "errs": 9227,
      "pcr": [
        0.9955936061332678,
        0.9703271790324335,
        0.9760578799562093
      ]
    },
    "0.30": {
      "oof": 0.9806033923960958,
      "delta": -0.0002390482451466447,
      "errs": 9182,
      "pcr": [
        0.9955314300234918,
        0.9706492550423719,
        0.9756294921224237
      ]
    },
    "0.40": {
      "oof": 0.9805261865362525,
      "delta": -0.0003162541049900325,
      "errs": 9185,
      "pcr": [
        0.9954557373681123,
        0.9707789220074119,
        0.9753439002332334
      ]
    },
    "0.50": {
      "oof": 0.9804762385221212,
      "delta": -0.00036620211912130607,
      "errs": 9176,
      "pcr": [
        0.9954016711856984,
        0.9709211373884237,
        0.9751059069922414
      ]
    }
  },
  "gates": {
    "G1": false,
    "G2": false,
    "G3": false,
    "G4": false,
    "overall": false
  },
  "net_high_flip": -132,
  "total_high_churn": 204
}