{
  "hybrid_v3_standalone": 0.97352,
  "greedy_best_w": {
    "w_hybrid": 0.44999999999999996,
    "w_routed": 0.4,
    "w_spec": 0.15,
    "tuned": 0.973746084242468,
    "bias": [
      0.13244116323609723,
      0.568946691946548,
      3.400768902044088
    ],
    "rec_H": 0.965443381407968
  },
  "pair_hybrid_routed_50_50": {
    "tuned": 0.9736558712619191,
    "bias": [
      0.13244116323609767,
      0.7689466919465482,
      3.400768902044088
    ],
    "rec_H": 0.9613974963111047
  },
  "meta_stack": {
    "tuned": 0.9734797950959483,
    "components": [
      "lgbm_dgp",
      "xgb_dist",
      "xgb_dist_routed_v3",
      "xgb_hybrid_v3"
    ],
    "bias": [
      0.6324411632360972,
      1.568946691946548,
      3.400768902044088
    ],
    "rec_H": 0.9629682517016517
  }
}