{
  "anchors": {
    "recipe": {
      "base_fixed": 0.9796650350078755
    },
    "lbbest": {
      "base_fixed": 0.9801231679332877
    }
  },
  "sweeps": {
    "recipe": {
      "0.0": 0.9796650350078755,
      "0.05": 0.9797683500947443,
      "0.1": 0.9797822876101271,
      "0.15": 0.9798513322422367,
      "0.2": 0.9799946962419347,
      "0.25": 0.9801110089492554,
      "0.3": 0.9801612335419225,
      "0.35": 0.9802526638337447,
      "0.4": 0.9802736087891448,
      "0.45": 0.9803848014902905,
      "0.5": 0.9804754028746941
    },
    "recipe_peak": {
      "alpha": 0.5,
      "score": 0.9804754028746941,
      "delta": 0.0008103678668186509
    },
    "lbbest": {
      "0.0": 0.9801231679332877,
      "0.05": 0.9801998035676077,
      "0.1": 0.9802687190110345,
      "0.15": 0.9803756436790945,
      "0.2": 0.980400076890113,
      "0.25": 0.9804017526015905,
      "0.3": 0.9805421266801013,
      "0.35": 0.9805481917502376,
      "0.4": 0.9805375747290291,
      "0.45": 0.9805786048036301,
      "0.5": 0.9806255037330929
    },
    "lbbest_peak": {
      "alpha": 0.5,
      "score": 0.9806255037330929,
      "delta": 0.0005023357998051869
    }
  },
  "3way_best": {
    "score": 0.9807276414429152,
    "w_recipe": 0.2,
    "w_pseudo": 0.3500000000000001,
    "w_distill": 0.44999999999999996
  }
}