{
  "candidate": "phys",
  "use_iso": false,
  "anchor_bal": 0.9808424406412425,
  "anchor_pcr": [
    0.9955341333326124,
    0.9695073491889541,
    0.9774858394021609
  ],
  "sweep": {
    "0.00": {
      "oof": 0.9808424406412425,
      "delta": 0.0,
      "errs": 9415,
      "pcr": [
        0.9955341333326124,
        0.9695073491889541,
        0.9774858394021609
      ]
    },
    "0.10": {
      "oof": 0.980663321521552,
      "delta": -0.0001791191196904851,
      "errs": 9430,
      "pcr": [
        0.9955287267143711,
        0.9694989835783063,
        0.9769622542719787
      ]
    },
    "0.20": {
      "oof": 0.9805676310597541,
      "delta": -0.00027480958148839996,
      "errs": 9436,
      "pcr": [
        0.9955314300234918,
        0.9694948007729824,
        0.9766766623827883
      ]
    },
    "0.30": {
      "oof": 0.9804310679467388,
      "delta": -0.0004113726945036422,
      "errs": 9487,
      "pcr": [
        0.995493583695802,
        0.9693609510026184,
        0.9764386691417963
      ]
    },
    "0.40": {
      "oof": 0.980369944889827,
      "delta": -0.0004724957514155026,
      "errs": 9549,
      "pcr": [
        0.9954341108951468,
        0.9691894559843396,
        0.9764862677899948
      ]
    },
    "0.50": {
      "oof": 0.9801781224057314,
      "delta": -0.0006643182355110522,
      "errs": 9646,
      "pcr": [
        0.9953476050032846,
        0.9689384876649071,
        0.9762482745490028
      ]
    }
  },
  "gates": {
    "G1": false,
    "G2": false,
    "G3": false,
    "G4": false,
    "overall": false
  },
  "net_high_flip": 24,
  "total_high_churn": 116
}