{
  "candidate": "xgb_metastack_metamacrorec_lam0",
  "use_iso": true,
  "anchor_bal": 0.9808424406412425,
  "anchor_pcr": [
    0.9955341333326124,
    0.9695073491889541,
    0.9774858394021609
  ],
  "sweep": {
    "0.00": {
      "oof": 0.9808424406412425,
      "delta": 0.0,
      "errs": 9415,
      "pcr": [
        0.9955341333326124,
        0.9695073491889541,
        0.9774858394021609
      ]
    },
    "0.10": {
      "oof": 0.9814517667451378,
      "delta": 0.0006093261038953024,
      "errs": 9291,
      "pcr": [
        0.9952043296198877,
        0.9704275663602064,
        0.9787234042553191
      ]
    },
    "0.20": {
      "oof": 0.9816027430322259,
      "delta": 0.0007603023909834583,
      "errs": 9368,
      "pcr": [
        0.9948988556892492,
        0.9705195880773317,
        0.9793897853300966
      ]
    },
    "0.30": {
      "oof": 0.9818127581180497,
      "delta": 0.0009703174768072031,
      "errs": 9418,
      "pcr": [
        0.9947934266335421,
        0.9703982867229394,
        0.9802465609976677
      ]
    },
    "0.40": {
      "oof": 0.9818242453135175,
      "delta": 0.000981804672275044,
      "errs": 9458,
      "pcr": [
        0.9947420637602489,
        0.9702937165898424,
        0.9804369555904612
      ]
    },
    "0.50": {
      "oof": 0.9818055648008182,
      "delta": 0.0009631241595756679,
      "errs": 9501,
      "pcr": [
        0.9946744810322315,
        0.970210060483365,
        0.980532152886858
      ]
    }
  },
  "gates": {
    "G1": true,
    "G2": false,
    "G3": true,
    "G4": false,
    "overall": false
  },
  "net_high_flip": 78,
  "total_high_churn": 368
}