{
  "candidate": "l2_supcon_ncm",
  "anchor_oof": "oof_sklearn_rf_meta_natural.npy",
  "anchor_tuned": 0.9806669044664734,
  "anchor_bias": [
    0.5324411632360976,
    0.8689466919465483,
    3.400768902044088
  ],
  "anchor_pcr": [
    0.9948988556892492,
    0.9672360858980902,
    0.9798657718120806
  ],
  "cand_standalone_argmax": 0.9673553542803122,
  "cand_standalone_pcr": [
    0.9913034545587254,
    0.9724980549955244,
    0.9382645532866867
  ],
  "cand_standalone_errs": 11089,
  "cand_diag_tuned": 0.967894402202205,
  "cand_diag_bias": [
    13.832441163236098,
    -6.031053308053452,
    14.60076890204409
  ],
  "jaccard_errs": 0.49415904292751583,
  "sweep": {
    "0.00": {
      "oof": 0.9806669044664734,
      "delta": 0.0,
      "errs": 10143,
      "pcr": [
        0.9948988556892492,
        0.9672360858980902,
        0.9798657718120806
      ]
    },
    "0.10": {
      "oof": 0.9760789096063425,
      "delta": -0.004587994860130951,
      "errs": 9845,
      "pcr": [
        0.9929740995953146,
        0.9730083572450371,
        0.9622542719786759
      ]
    },
    "0.20": {
      "oof": 0.9713705623020575,
      "delta": -0.009296342164415883,
      "errs": 10593,
      "pcr": [
        0.9918062700551745,
        0.9728075825894911,
        0.949497834261507
      ]
    },
    "0.30": {
      "oof": 0.9687892956536587,
      "delta": -0.011877608812814744,
      "errs": 10896,
      "pcr": [
        0.9915818953981569,
        0.9725231518274676,
        0.9422628397353515
      ]
    },
    "0.40": {
      "oof": 0.9677909402958296,
      "delta": -0.01287596417064385,
      "errs": 11002,
      "pcr": [
        0.9914845762698119,
        0.9724813237742289,
        0.939406920843448
      ]
    },
    "0.50": {
      "oof": 0.9675122578912841,
      "delta": -0.013154646575189277,
      "errs": 11045,
      "pcr": [
        0.9914142902326738,
        0.972477140968905,
        0.9386453424722738
      ]
    }
  },
  "gates": {
    "G1": false,
    "G2": false,
    "G3": false,
    "G4": false,
    "overall": false
  },
  "net_high_flip": -944,
  "total_high_churn": 1476
}