{
  "candidate": "xgb_metastack_v8",
  "use_iso": true,
  "anchor_bal": 0.9808424406412425,
  "anchor_pcr": [
    0.9955341333326124,
    0.9695073491889541,
    0.9774858394021609
  ],
  "sweep": {
    "0.00": {
      "oof": 0.9808424406412425,
      "delta": 0.0,
      "errs": 9415,
      "pcr": [
        0.9955341333326124,
        0.9695073491889541,
        0.9774858394021609
      ]
    },
    "0.10": {
      "oof": 0.9809704785498058,
      "delta": 0.00012803790856330544,
      "errs": 9257,
      "pcr": [
        0.9955638697329401,
        0.9701473184035069,
        0.9772002475129706
      ]
    },
    "0.20": {
      "oof": 0.9811166650137767,
      "delta": 0.0002742243725342153,
      "errs": 9115,
      "pcr": [
        0.9956098259879919,
        0.9706827174849628,
        0.9770574515683754
      ]
    },
    "0.30": {
      "oof": 0.9812477493129288,
      "delta": 0.0004053086716863108,
      "errs": 9050,
      "pcr": [
        0.9956260458427161,
        0.9709169545830998,
        0.9772002475129706
      ]
    },
    "0.40": {
      "oof": 0.9812862904948538,
      "delta": 0.00044384985361134444,
      "errs": 8997,
      "pcr": [
        0.9956611888612851,
        0.9710926324067025,
        0.9771050502165739
      ]
    },
    "0.50": {
      "oof": 0.9812630889598629,
      "delta": 0.0004206483186204313,
      "errs": 8970,
      "pcr": [
        0.9956774087160093,
        0.9711972025397994,
        0.9769146556237803
      ]
    }
  },
  "gates": {
    "G1": true,
    "G2": true,
    "G3": true,
    "G4": false,
    "overall": false
  },
  "net_high_flip": -100,
  "total_high_churn": 136
}