{
  "anchor": "recipe_full_te",
  "anchor_bias": [
    1.4324411632360974,
    1.468946691946548,
    3.400768902044088
  ],
  "anchor_oof": 0.9796650350078755,
  "per_candidate": {
    "xgb_nonrule": {
      "candidate_oof_at_anchor_bias": 0.5359874320105488,
      "sweep": [
        [
          0.01,
          0.9796771263562568
        ],
        [
          0.025,
          0.9796704416261169
        ],
        [
          0.05,
          0.9796681101568243
        ],
        [
          0.075,
          0.9796773407727016
        ],
        [
          0.1,
          0.9795970415627391
        ],
        [
          0.15,
          0.9795411703947647
        ],
        [
          0.2,
          0.9795844831132369
        ],
        [
          0.25,
          0.9795479354881662
        ],
        [
          0.3,
          0.9794308742366886
        ],
        [
          0.4,
          0.9793949104783407
        ],
        [
          0.5,
          0.978862231954874
        ]
      ],
      "peak_alpha": 0.075,
      "peak_oof_fixed_bias": 0.9796773407727016,
      "delta_vs_anchor": 1.23057648261371e-05,
      "peak_tuned_bias_diagnostic": 0.9796839836269413
    },
    "xgb_corn": {
      "candidate_oof_at_anchor_bias": 0.9721078411578482,
      "sweep": [
        [
          0.01,
          0.9796821198678289
        ],
        [
          0.025,
          0.9796818720476533
        ],
        [
          0.05,
          0.9796807127863773
        ],
        [
          0.075,
          0.9796678570822187
        ],
        [
          0.1,
          0.9796324738020544
        ],
        [
          0.15,
          0.9795578341141392
        ],
        [
          0.2,
          0.9795625746365056
        ],
        [
          0.25,
          0.9794345839066025
        ],
        [
          0.3,
          0.9793460197354446
        ],
        [
          0.4,
          0.9788296618498841
        ],
        [
          0.5,
          0.978074685675168
        ]
      ],
      "peak_alpha": 0.01,
      "peak_oof_fixed_bias": 0.9796821198678289,
      "delta_vs_anchor": 1.7084859953442333e-05,
      "peak_tuned_bias_diagnostic": 0.9796821198678289
    },
    "hybrid_lgbmxgb": {
      "candidate_oof_at_anchor_bias": 0.9712468536316806,
      "sweep": [
        [
          0.01,
          0.9796918797469178
        ],
        [
          0.025,
          0.979719553393379
        ],
        [
          0.05,
          0.9797424916011038
        ],
        [
          0.075,
          0.9796715106243307
        ],
        [
          0.1,
          0.9796236589869266
        ],
        [
          0.15,
          0.9795868711002608
        ],
        [
          0.2,
          0.9796084280716846
        ],
        [
          0.25,
          0.9794790069755294
        ],
        [
          0.3,
          0.9793295238258439
        ],
        [
          0.4,
          0.9789554016928861
        ],
        [
          0.5,
          0.9779475732871642
        ]
      ],
      "peak_alpha": 0.05,
      "peak_oof_fixed_bias": 0.9797424916011038,
      "delta_vs_anchor": 7.74565932283311e-05,
      "peak_tuned_bias_diagnostic": 0.9797424916011038
    },
    "digit_xgb": {
      "candidate_oof_at_anchor_bias": 0.9722525082106236,
      "sweep": [
        [
          0.01,
          0.979688190106995
        ],
        [
          0.025,
          0.9797065970397681
        ],
        [
          0.05,
          0.9797339246061516
        ],
        [
          0.075,
          0.9797804853186468
        ],
        [
          0.1,
          0.9796810226832441
        ],
        [
          0.15,
          0.9795655130381915
        ],
        [
          0.2,
          0.9795556602873603
        ],
        [
          0.25,
          0.9794753043034664
        ],
        [
          0.3,
          0.9794647752040998
        ],
        [
          0.4,
          0.9790917916562977
        ],
        [
          0.5,
          0.978501204799941
        ]
      ],
      "peak_alpha": 0.075,
      "peak_oof_fixed_bias": 0.9797804853186468,
      "delta_vs_anchor": 0.00011545031077131451,
      "peak_tuned_bias_diagnostic": 0.9797881930864593
    },
    "greedy_blend": {
      "candidate_oof_at_anchor_bias": 0.9714318698409335,
      "sweep": [
        [
          0.01,
          0.9796895843754365
        ],
        [
          0.025,
          0.9796875343491803
        ],
        [
          0.05,
          0.979722582106457
        ],
        [
          0.075,
          0.9796271136196842
        ],
        [
          0.1,
          0.9796275242514033
        ],
        [
          0.15,
          0.9796273152231185
        ],
        [
          0.2,
          0.979555835911914
        ],
        [
          0.25,
          0.9795187874774623
        ],
        [
          0.3,
          0.9793645122005094
        ],
        [
          0.4,
          0.9789932095332148
        ],
        [
          0.5,
          0.9782358736545054
        ]
      ],
      "peak_alpha": 0.05,
      "peak_oof_fixed_bias": 0.979722582106457,
      "delta_vs_anchor": 5.754709858152296e-05,
      "peak_tuned_bias_diagnostic": 0.9797311909773095
    },
    "xgb_routed_v3": {
      "candidate_oof_at_anchor_bias": 0.9714628759663904,
      "sweep": [
        [
          0.01,
          0.9796872037761931
        ],
        [
          0.025,
          0.9796869559560174
        ],
        [
          0.05,
          0.9797233436827542
        ],
        [
          0.075,
          0.979669287448471
        ],
        [
          0.1,
          0.9796276634736166
        ],
        [
          0.15,
          0.9795674235377044
        ],
        [
          0.2,
          0.9795429826827058
        ],
        [
          0.25,
          0.9794994921692594
        ],
        [
          0.3,
          0.9792456302372511
        ],
        [
          0.4,
          0.9789338653121828
        ],
        [
          0.5,
          0.978073495789641
        ]
      ],
      "peak_alpha": 0.05,
      "peak_oof_fixed_bias": 0.9797233436827542,
      "delta_vs_anchor": 5.830867487865987e-05,
      "peak_tuned_bias_diagnostic": 0.9797233436827542
    },
    "xgb_vanilla_dist": {
      "candidate_oof_at_anchor_bias": 0.9715173707625638,
      "sweep": [
        [
          0.01,
          0.9796840073016714
        ],
        [
          0.025,
          0.9796869559560174
        ],
        [
          0.05,
          0.9797380221837136
        ],
        [
          0.075,
          0.9796503952134068
        ],
        [
          0.1,
          0.9796122543251408
        ],
        [
          0.15,
          0.9795527993357261
        ],
        [
          0.2,
          0.979544413048958
        ],
        [
          0.25,
          0.979390540540614
        ],
        [
          0.3,
          0.9792168385963551
        ],
        [
          0.4,
          0.9788713246166293
        ],
        [
          0.5,
          0.9779736947181409
        ]
      ],
      "peak_alpha": 0.05,
      "peak_oof_fixed_bias": 0.9797380221837136,
      "delta_vs_anchor": 7.298717583814618e-05,
      "peak_tuned_bias_diagnostic": 0.9797384358994422
    },
    "lgbm_te_orig": {
      "candidate_oof_at_anchor_bias": 0.9703646396974593,