{
  "candidate": "bnd",
  "use_iso": false,
  "anchor_bal": 0.9808424406412425,
  "anchor_pcr": [
    0.9955341333326124,
    0.9695073491889541,
    0.9774858394021609
  ],
  "sweep": {
    "0.00": {
      "oof": 0.9808424406412425,
      "delta": 0.0,
      "errs": 9415,
      "pcr": [
        0.9955341333326124,
        0.9695073491889541,
        0.9774858394021609
      ]
    },
    "0.10": {
      "oof": 0.980677264205965,
      "delta": -0.00016517643527746984,
      "errs": 9420,
      "pcr": [
        0.9955287267143711,
        0.969540811631545,
        0.9769622542719787
      ]
    },
    "0.20": {
      "oof": 0.9805766111613758,
      "delta": -0.0002658294798666416,
      "errs": 9441,
      "pcr": [
        0.9955233200961296,
        0.9694822523570108,
        0.9767242610309868
      ]
    },
    "0.30": {
      "oof": 0.9804541611882973,
      "delta": -0.00038827945294517274,
      "errs": 9484,
      "pcr": [
        0.9954692539137158,
        0.969406961861181,
        0.9764862677899948
      ]
    },
    "0.40": {
      "oof": 0.980402914167017,
      "delta": -0.0004395264742255156,
      "errs": 9525,
      "pcr": [
        0.9954368142042674,
        0.9692856605067887,
        0.9764862677899948
      ]
    },
    "0.50": {
      "oof": 0.9802897670054372,
      "delta": -0.0005526736358052453,
      "errs": 9571,
      "pcr": [
        0.9953881546400949,
        0.9691852731790157,
        0.9762958731972012
      ]
    }
  },
  "gates": {
    "G1": false,
    "G2": false,
    "G3": false,
    "G4": false,
    "overall": false
  },
  "net_high_flip": 5,
  "total_high_churn": 95
}