{
  "rf_natural_standalone": {
    "oof_tuned": 0.980784195641486,
    "bias": [
      0.5324411632360971,
      0.8689466919465483,
      3.400768902044088
    ],
    "errs": 10153,
    "pcr": [
      0.9948934490710079,
      0.9671649782075843,
      0.9802941596458661
    ],
    "test_diff_vs_primary": 634,
    "test_diff_vs_rawashishsin": 647,
    "sub_path": "submissions/submission_sklearn_rf_meta_natural_a1lgbm_standalone.csv"
  },
  "anchors": {
    "rawashishsin_tuned": 0.9800969378560188,
    "primary_tuned": 0.9809009444453641,
    "geomean_tuned": 0.9801150179475862
  },
  "blend_gate_results": {
    "rawashishsin": {
      "anchor_tuned": 0.9800969378560188,
      "best": {
        "alpha": 0.5,
        "tuned": 0.9805536715630895,
        "bias": [
          1.1324411632360976,
          1.3689466919465483,
          3.1007689020440883
        ],
        "delta_vs_anchor": 0.00045673370707066674,
        "pcr_delta": [
          0.00022167134789696785,
          0.0015769176071007696,
          -0.00042838783378562617
        ],
        "errs": 9778
      },
      "net_H": -161,
      "churn_H": 265,
      "disagree": 349,
      "sub_path": "submissions/submission_rf_natural_a1lgbm_blend_rawashishsin_a050.csv"
    },
    "primary": {
      "anchor_tuned": 0.9809009444453641,
      "best": null,
      "sweep": [
        {
          "alpha": 0.05,
          "tuned": 0.980869232908482,
          "bias": [
            0.5324411632360976,
            0.8689466919465483,
            2.8007689020440885
          ],
          "delta_vs_anchor": -3.171153688208417e-05,
          "pcr_delta": [
            5.406618241332595e-06,
            0.00028024795669956415,
            -0.0003807891855870382
          ],
          "errs": 9375
        },
        {
          "alpha": 0.1,
          "tuned": 0.9809115354022921,
          "bias": [
            1.0324411632360975,
            1.3689466919465483,
            3.400768902044088
          ],
          "delta_vs_anchor": 1.0590956928013817e-05,
          "pcr_delta": [
            8.109927362109914e-06,
            -0.0003095275939667408,
            0.00033319053738878335
          ],
          "errs": 9500
        },
        {
          "alpha": 0.15,
          "tuned": 0.980881868722636,
          "bias": [
            0.6324411632360972,
            0.9689466919465479,
            3.000768902044088
          ],
          "delta_vs_anchor": -1.9075722728079114e-05,
          "pcr_delta": [
            8.109927362109914e-06,
            -0.00011293574374460214,
            4.759864819847692e-05
          ],
          "errs": 9459
        },
        {
          "alpha": 0.2,
          "tuned": 0.9808999506317643,
          "bias": [
            0.5324411632360971,
            0.9689466919465479,
            3.400768902044088
          ],
          "delta_vs_anchor": -9.938135998588393e-07,
          "pcr_delta": [
            -0.0002595176755867401,
            -0.0031705664354969576,
            0.003427102670284232
          ],
          "errs": 10218
        },
        {
          "alpha": 0.25,
          "tuned": 0.9809109834537219,
          "bias": [
            0.5324411632360971,
            0.9689466919465479,
            3.400768902044088
          ],
          "delta_vs_anchor": 1.0039008357720647e-05,
          "pcr_delta": [
            -0.0002541110573452965,
            -0.003095275939667297,
            0.0033795040220858663
          ],
          "errs": 10199
        },
        {
          "alpha": 0.3,
          "tuned": 0.9809604369602208,
          "bias": [
            0.6324411632360972,
            1.068946691946548,
            3.400768902044088
          ],
          "delta_vs_anchor": 5.9492514856707146e-05,
          "pcr_delta": [
            -0.0002622209847074064,
            -0.0019868325288404654,
            0.002427531058117993
          ],
          "errs": 9957
        },
        {
          "alpha": 0.4,
          "tuned": 0.9810049452569095,
          "bias": [
            0.6324411632360972,
            1.068946691946548,
            3.400768902044088
          ],
          "delta_vs_anchor": 0.00010400081154537943,
          "pcr_delta": [
            -0.0002703309120695163,
            -0.0017024017668170188,
            0.0022847351135227845
          ],
          "errs": 9895
        },
        {
          "alpha": 0.5,
          "tuned": 0.9809649894349525,
          "bias": [
            0.6324411632360972,
            1.068946691946548,
            3.400768902044088
          ],
          "delta_vs_anchor": 6.404498958834104e-05,
          "pcr_delta": [
            -0.0002703309120695163,
            -0.0014890786952993507,
            0.0019515445761341121
          ],
          "errs": 9851
        }
      ]
    },
    "geomean": {
      "anchor_tuned": 0.9801150179475862,
      "best": {
        "alpha": 0.5,
        "tuned": 0.9805377919620235,
        "bias": [
          0.8324411632360978,
          1.3689466919465483,
          3.2007689020440884
        ],
        "delta_vs_anchor": 0.00042277401443735485,
        "pcr_delta": [
          -0.00048659564172504055,
          0.0011837339066564923,
          0.0005711837783807239
        ],
        "errs": 10289
      },
      "net_H": -50,
      "churn_H": 188,
      "disagree": 385,
      "sub_path": "submissions/submission_rf_natural_a1lgbm_blend_geomean_a050.csv"
    }
  }
}