{
  "anchor_bal": 0.9808424406412425,
  "anchor_errs": 9415,
  "yhat_oof_stats": {
    "min": -0.2735208570957184,
    "max": 2.341682195663452,
    "mean": 0.44567957520484924,
    "std": 0.549429178237915
  },
  "standalone_raw": {
    "bal": 0.9688199829105826,
    "errs": 8546,
    "jaccard": 0.6627476393260507
  },
  "standalone_iso": {
    "bal": 0.9763464067945153,
    "errs": 9564,
    "jaccard": 0.7272479068074262
  },
  "sweep_raw": [
    {
      "alpha": 0.0,
      "bal_acc": 0.9808424406412425,
      "errs": 9415,
      "rec_L": 0.9955341333326124,
      "rec_M": 0.9695073491889541,
      "rec_H": 0.9774858394021609,
      "delta_rec_L": 0.0,
      "delta_rec_M": 0.0,
      "delta_rec_H": 0.0,
      "add_H": 0,
      "rem_H": 0,
      "net_H": 0,
      "asym": 0.0,
      "delta_bal": 0.0,
      "gates": {
        "G1": false,
        "G2": true,
        "G3": true,
        "G4": false,
        "all_pass": false
      }
    },
    {
      "alpha": 0.025,
      "bal_acc": 0.9802685882239208,
      "errs": 9048,
      "rec_L": 0.9956936285707334,
      "rec_M": 0.9711009980173503,
      "rec_H": 0.9740111380836785,
      "delta_rec_L": 0.00015949523812097688,
      "delta_rec_M": 0.001593648828396188,
      "delta_rec_H": -0.003474701318482487,
      "add_H": 3,
      "rem_H": 511,
      "net_H": -508,
      "asym": -0.9883268482490273,
      "delta_bal": -0.000573852417321663,
      "gates": {
        "G1": false,
        "G2": false,
        "G3": true,
        "G4": false,
        "all_pass": false
      }
    },
    {
      "alpha": 0.05,
      "bal_acc": 0.9798029380628982,
      "errs": 8817,
      "rec_L": 0.9958071675538026,
      "rec_M": 0.9721132369057279,
      "rec_H": 0.9714884097291637,
      "delta_rec_L": 0.0002730342211901826,
      "delta_rec_M": 0.002605887716773836,
      "delta_rec_H": -0.005997429672997212,
      "add_H": 3,
      "rem_H": 850,
      "net_H": -847,
      "asym": -0.9929660023446659,
      "delta_bal": -0.0010395025783442868,
      "gates": {
        "G1": false,
        "G2": false,
        "G3": true,
        "G4": false,
        "all_pass": false
      }
    },
    {
      "alpha": 0.1,
      "bal_acc": 0.9788616062331282,
      "errs": 8610,
      "rec_L": 0.9958855635183027,
      "rec_M": 0.9732091319005831,
      "rec_H": 0.9674901232804989,
      "delta_rec_L": 0.0003514301856902824,
      "delta_rec_M": 0.0037017827116290203,
      "delta_rec_H": -0.009995716121662057,
      "add_H": 5,
      "rem_H": 1268,
      "net_H": -1263,
      "asym": -0.9921445404556166,
      "delta_bal": -0.0019808344081142515,
      "gates": {
        "G1": false,
        "G2": false,
        "G3": true,
        "G4": false,
        "all_pass": false
      }
    },
    {
      "alpha": 0.15,
      "bal_acc": 0.9776046543327439,
      "errs": 8441,
      "rec_L": 0.9958963767547855,
      "rec_M": 0.9743301237273815,
      "rec_H": 0.9625874625160645,
      "delta_rec_L": 0.0003622434221730586,
      "delta_rec_M": 0.004822774538427388,
      "delta_rec_H": -0.01489837688609641,
      "add_H": 6,
      "rem_H": 1685,
      "net_H": -1679,
      "asym": -0.9929036073329391,
      "delta_bal": -0.0032377863084985803,
      "gates": {
        "G1": false,
        "G2": false,
        "G3": true,
        "G4": false,
        "all_pass": false
      }
    },
    {
      "alpha": 0.2,
      "bal_acc": 0.9763427781177993,
      "errs": 8389,
      "rec_L": 0.9959125966095097,
      "rec_M": 0.9749073508620761,
      "rec_H": 0.9582083868818125,
      "delta_rec_L": 0.00037846327689727843,
      "delta_rec_M": 0.005400001673122046,
      "delta_rec_H": -0.019277452520348404,
      "add_H": 9,
      "rem_H": 1950,
      "net_H": -1941,
      "asym": -0.9908116385911179,
      "delta_bal": -0.0044996625234431376,
      "gates": {
        "G1": false,
        "G2": false,
        "G3": true,
        "G4": false,
        "all_pass": false
      }
    },
    {
      "alpha": 0.3,
      "bal_acc": 0.974462168606227,
      "errs": 8367,
      "rec_L": 0.995918003227751,
      "rec_M": 0.9755431372713051,
      "rec_H": 0.9519253653196249,
      "delta_rec_L": 0.00038386989513861103,
      "delta_rec_M": 0.006035788082351057,
      "delta_rec_H": -0.025560474082536033,
      "add_H": 11,
      "rem_H": 2272,
      "net_H": -2261,
      "asym": -0.9903635567236093,
      "delta_bal": -0.006380272035015455,
      "gates": {
        "G1": false,
        "G2": false,
        "G3": true,
        "G4": false,
        "all_pass": false
      }
    },
    {
      "alpha": 0.4,
      "bal_acc": 0.973053019166187,
      "errs": 8383,
      "rec_L": 0.9959044866821476,
      "rec_M": 0.9758986757238345,
      "rec_H": 0.9473558950925793,
      "delta_rec_L": 0.0003703533495351685,
      "delta_rec_M": 0.006391326534880393,
      "delta_rec_H": -0.030129944309581602,
      "add_H": 12,
      "rem_H": 2477,
      "net_H": -2465,
      "asym": -0.9903575733226195,
      "delta_bal": -0.007789421475055458,
      "gates": {
        "G1": false,
        "G2": false,
        "G3": true,
        "G4": false,
        "all_pass": false
      }
    },
    {
      "alpha": 0.5,
      "bal_acc": 0.9718912379742598,
      "errs": 8407,
      "rec_L": 0.9959017833730269,
      "rec_M": 0.9761287300166476,
      "rec_H": 0.9436432005331049,
      "delta_rec_L": 0.0003676500404145022,
      "delta_rec_M": 0.006621380827693479,
      "delta_rec_H": -0.03384263886905603,
      "add_H": 13,
      "rem_H": 2614,
      "net_H": -2601,
      "asym": -0.9901027788351732,
      "delta_bal": -0.008951202666982683,
      "gates": {
        "G1": false,
        "G2": false,
        "G3": true,
        "G4": false,
        "all_pass": false
      }
    }
  ],
  "sweep_iso": [
    {
      "alpha": 0.0,
      "bal_acc": 0.9808424406412425,
      "errs": 9415,
      "rec_L": 0.9955341333326124,
      "rec_M": 0.9695073491889541,
      "rec_H": 0.9774858394021609,
      "delta_rec_L": 0.0,
      "delta_rec_M": 0.0,
      "delta_rec_H": 0.0,
      "add_H": 0,
      "rem_H": 0,
      "net_H": 0,
      "asym": 0.0,
      "delta_bal": 0.0,
      "gates": {
        "G1": false,
        "G2": true,
        "G3": true,
        "G4": false,
        "all_pass": false
      }
    },
    {
      "alpha": 0.025,
      "bal_acc": 0.9807823014401825,
      "errs": 9383,
      "rec_L": 0.9955530564964573,
      "rec_M": 0.969641198959318,
      "rec_H": 0.9771526488647723,
      "delta_rec_L": 1.8923163844886126e-05,
      "delta_rec_M": 0.000133849770363903,
      "delta_rec_H": -0.0003331905373886723,
      "add_H": 15,
      "rem_H": 59,
      "net_H": -44,
      "asym": -0.5945945945945946,
      "delta_bal": -6.013920105996107e-05,
      "gates": {
        "G1": false,
        "G2": true,
        "G3": true,
        "G4": false,
        "all_pass": false
      }
    },
    {
      "alpha": 0.05,
      "bal_acc": 0.9807304426220084,
      "errs": 9344,
      "rec_L": 0.9955800895876643,
      "rec_M": 0.9697917799509775,
      "rec_H": 0.9768194583273835,
      "delta_rec_L": 4.595625505188217e-05,
      "delta_rec_M": 0.0002844307620234465,
      "delta_rec_H": -0.0006663810747774557,
      "add_H": 25,
      "rem_H": 118,
      "net_H": -93,
      "asym": -0.6503496503496503,
      "delta_bal": -0.00011199801923411634,
      "gates": {
        "G1": false,
        "G2": false,
        "G3": true,
        "G4": false,
        "all_pass": false
      }
    },
    {
      "alpha": 0.1,
      "bal_acc": 0.9806697689887064,
      "errs": 9277,
      "rec_L": 0.9956314524609574,
      "rec_M": 0.9700343826597623,
      "rec_H": 0.9763434718453996,
      "delta_rec_L": 9.73191283449859e-05,
      "delta_rec_M": 0.0005270334708081803,
      "delta_rec_H": -0.0011423675567613367,
      "add_H": 46,
      "rem_H": 214,
      "net_H": -168,
      "asym": -0.6461538461538462,
      "delta_bal": -0.00017267165253609384,
      "gates": {
        "G1": false,
        "G2": false,