{
  "candidate": "xgb_metastack_metamacrorec_lam03",
  "use_iso": true,
  "anchor_bal": 0.9808424406412425,
  "anchor_pcr": [
    0.9955341333326124,
    0.9695073491889541,
    0.9774858394021609
  ],
  "sweep": {
    "0.00": {
      "oof": 0.9808424406412425,
      "delta": 0.0,
      "errs": 9415,
      "pcr": [
        0.9955341333326124,
        0.9695073491889541,
        0.9774858394021609
      ]
    },
    "0.10": {
      "oof": 0.9813182857305925,
      "delta": 0.00047584508935005765,
      "errs": 9278,
      "pcr": [
        0.9954800671501985,
        0.9700845763236488,
        0.9783902137179304
      ]
    },
    "0.20": {
      "oof": 0.9814827366873837,
      "delta": 0.0006402960461412421,
      "errs": 9301,
      "pcr": [
        0.9954341108951468,
        0.9700051030224951,
        0.9790089961445095
      ]
    },
    "0.30": {
      "oof": 0.981593859667858,
      "delta": 0.000751419026615463,
      "errs": 9335,
      "pcr": [
        0.9953584182397673,
        0.9699381781373131,
        0.9794849826264934
      ]
    },
    "0.40": {
      "oof": 0.9816571956479693,
      "delta": 0.0008147550067267861,
      "errs": 9366,
      "pcr": [
        0.9952502858749395,
        0.9699507265532847,
        0.9797705745156837
      ]
    },
    "0.50": {
      "oof": 0.9817680271518766,
      "delta": 0.0009255865106341243,
      "errs": 9389,
      "pcr": [
        0.9951016038733013,
        0.9700511138810578,
        0.9801513637012709
      ]
    }
  },
  "gates": {
    "G1": true,
    "G2": true,
    "G3": true,
    "G4": false,
    "overall": false
  },
  "net_high_flip": 49,
  "total_high_churn": 277
}