{
  "anchor_3stack_bal": 0.9806090685483349,
  "anchor_4stack_bal": 0.9808424406412425,
  "candidates": {
    "multitask_xgb": {
      "name": "multitask_xgb",
      "descr": "Multi-task XGB (3 main + 3 aux heads, joint obj)",
      "status": "ok",
      "default_iso": false,
      "raw": {
        "bal_at_recipe_bias": 0.9789580486550751,
        "errs_at_recipe_bias": 9934,
        "jaccard_vs_4stack": 0.8079798168566623,
        "sweep": {
          "a0.000": {
            "alpha": 0.0,
            "bal": 0.9808424406412425,
            "delta": 0.0,
            "recL": 0.9955341333326124,
            "recM": 0.9695073491889541,
            "recH": 0.9774858394021609,
            "pcr_pass": true
          },
          "a0.025": {
            "alpha": 0.025,
            "bal": 0.9808134606481819,
            "delta": -2.897999306061827e-05,
            "recL": 0.9955314300234918,
            "recM": 0.9695659084634883,
            "recH": 0.9773430434575658,
            "pcr_pass": true
          },
          "a0.050": {
            "alpha": 0.05,
            "bal": 0.9807453689431435,
            "delta": -9.707169809902716e-05,
            "recL": 0.9955233200961296,
            "recM": 0.969607736516727,
            "recH": 0.9771050502165739,
            "pcr_pass": true
          },
          "a0.100": {
            "alpha": 0.1,
            "bal": 0.9805666216632813,
            "delta": -0.00027581897796113974,
            "recL": 0.995520616787009,
            "recM": 0.9696453817646419,
            "recH": 0.9765338664381932,
            "pcr_pass": false
          },
          "a0.150": {
            "alpha": 0.15,
            "bal": 0.9804956561935985,
            "delta": -0.00034678444764402183,
            "recL": 0.995520616787009,
            "recM": 0.9696704785965852,
            "recH": 0.9762958731972012,
            "pcr_pass": false
          },
          "a0.200": {
            "alpha": 0.2,
            "bal": 0.9804158810778177,
            "delta": -0.0004265595634247443,
            "recL": 0.9955125068596469,
            "recM": 0.9697248550657955,
            "recH": 0.9760102813080108,
            "pcr_pass": false
          },
          "a0.250": {
            "alpha": 0.25,
            "bal": 0.9803579132285867,
            "delta": -0.0004845274126558108,
            "recL": 0.9954881770775607,
            "recM": 0.9696704785965852,
            "recH": 0.9759150840116141,
            "pcr_pass": false
          },
          "a0.300": {
            "alpha": 0.3,
            "bal": 0.9803254501489379,
            "delta": -0.0005169904923045809,
            "recL": 0.9954692539137158,
            "recM": 0.9696872098178807,
            "recH": 0.9758198867152172,
            "pcr_pass": false
          },
          "a0.350": {
            "alpha": 0.35,
            "bal": 0.9802452670955181,
            "delta": -0.0005971735457244165,
            "recL": 0.9954557373681123,
            "recM": 0.9697457690924149,
            "recH": 0.9755342948260269,
            "pcr_pass": false
          },
          "a0.400": {
            "alpha": 0.4,
            "bal": 0.9801491377673003,
            "delta": -0.0006933028739422031,
            "recL": 0.9954178910404226,
            "recM": 0.9697332206764433,
            "recH": 0.975296301585035,
            "pcr_pass": false
          },
          "a0.500": {
            "alpha": 0.5,
            "bal": 0.9799970493492666,
            "delta": -0.0008453912919759166,
            "recL": 0.9953476050032846,
            "recM": 0.9696328333486702,
            "recH": 0.9750107096958447,
            "pcr_pass": false
          }
        }
      },
      "iso": {
        "bal_at_recipe_bias": 0.9787539654627232,
        "errs_at_recipe_bias": 9213,
        "jaccard_vs_4stack": 0.8106531881804043,
        "sweep": {
          "a0.000": {
            "alpha": 0.0,
            "bal": 0.9808424406412425,
            "delta": 0.0,
            "recL": 0.9955341333326124,
            "recM": 0.9695073491889541,
            "recH": 0.9774858394021609,
            "pcr_pass": true
          },
          "a0.025": {
            "alpha": 0.025,
            "bal": 0.9807811989528377,
            "delta": -6.12416884048228e-05,
            "recL": 0.9955314300234918,
            "recM": 0.9696119193220509,
            "recH": 0.9772002475129706,
            "pcr_pass": true
          },
          "a0.050": {
            "alpha": 0.05,
            "bal": 0.9807441399611959,
            "delta": -9.830068004657022e-05,
            "recL": 0.9955395399508539,
            "recM": 0.9696830270125568,
            "recH": 0.9770098529201771,
            "pcr_pass": true
          },
          "a0.100": {
            "alpha": 0.1,
            "bal": 0.9805774918928253,
            "delta": -0.00026494874841720417,
            "recL": 0.9955611664238194,
            "recM": 0.969875436057455,
            "recH": 0.9762958731972012,
            "pcr_pass": false
          },
          "a0.150": {
            "alpha": 0.15,
            "bal": 0.9804723772939558,
            "delta": -0.00037006334728673096,
            "recL": 0.9955638697329401,
            "recM": 0.9699381781373131,
            "recH": 0.9759150840116141,
            "pcr_pass": false
          },
          "a0.200": {
            "alpha": 0.2,
            "bal": 0.9804263021028814,
            "delta": -0.00041613853836108827,
            "recL": 0.9955773862785435,
            "recM": 0.9700720279076771,
            "recH": 0.9756294921224237,
            "pcr_pass": false
          },
          "a0.250": {
            "alpha": 0.25,
            "bal": 0.9804059743325352,
            "delta": -0.0004364663087073062,
            "recL": 0.9955854962059056,
            "recM": 0.9701933292620695,
            "recH": 0.9754390975296302,
            "pcr_pass": false
          },
          "a0.300": {
            "alpha": 0.3,
            "bal": 0.9803681485955659,
            "delta": -0.0004742920456766164,
            "recL": 0.9955719796603022,
            "recM": 0.9703313618377574,
            "recH": 0.9752011042886382,
            "pcr_pass": false
          },
          "a0.350": {
            "alpha": 0.35,
            "bal": 0.9802092437837592,
            "delta": -0.0006331968574833091,
            "recL": 0.995582792896785,
            "recM": 0.9704150179442348,
            "recH": 0.9746299205102575,
            "pcr_pass": false
          },
          "a0.400": {
            "alpha": 0.4,
            "bal": 0.9800924457741474,
            "delta": -0.0007499948670950385,
            "recL": 0.9955854962059056,
            "recM": 0.9704903084400646,
            "recH": 0.974201532676472,
            "pcr_pass": false
          },
          "a0.500": {
            "alpha": 0.5,
            "bal": 0.9799343028431674,
            "delta": -0.0009081377980750815,
            "recL": 0.995555759805578,
            "recM": 0.9707119971222299,
            "recH": 0.9735351516016945,
            "pcr_pass": false
          }
        }
      }
    },
    "kan": {
      "name": "kan",
      "descr": "KAN [157->256->128->64->3] on recipe FE",
      "status": "ok",
      "default_iso": true,
      "raw": {
        "bal_at_recipe_bias": 0.3333375161386572,
        "errs_at_recipe_bias": 608988,
        "jaccard_vs_4stack": 0.014671980651756225,
        "sweep": {
          "a0.000": {
            "alpha": 0.0,
            "bal": 0.9808424406412425,
            "delta": 0.0,
            "recL": 0.9955341333326124,
            "recM": 0.9695073491889541,
            "recH": 0.9774858394021609,
            "pcr_pass": true
          },
          "a0.025": {
            "alpha": 0.025,
            "bal": 0.9808333001176276,
            "delta": -9.14052361489226e-06,
            "recL": 0.9955881995150263,
            "recM": 0.9692354668429022,
            "recH": 0.9776762339949545,
            "pcr_pass": true
          },