{
  "anchors": {
    "recipe": {
      "base_fixed": 0.9796650350078755
    },
    "lbbest": {
      "base_fixed": 0.9801231679332877
    }
  },
  "sweeps": {
    "recipe": {
      "0.0": 0.9796650350078755,
      "0.05": 0.9796911851972124,
      "0.1": 0.9796639713124214,
      "0.15": 0.9797038628018667,
      "0.2": 0.9796397834466285,
      "0.25": 0.9796557297214264,
      "0.3": 0.9796066154792139,
      "0.35": 0.979626664500604,
      "0.4": 0.9796451979279799,
      "0.45": 0.9796155904118055,
      "0.5": 0.9795613922612288
    },
    "recipe_peak": {
      "alpha": 0.15,
      "score": 0.9797038628018667,
      "delta": 3.882779399122516e-05
    },
    "lbbest": {
      "0.0": 0.9801231679332877,
      "0.05": 0.9801536713834724,
      "0.1": 0.9801104569249023,
      "0.15": 0.9800636741519823,
      "0.2": 0.9800509191826761,
      "0.25": 0.9800172140889396,
      "0.3": 0.9800150400430309,
      "0.35": 0.9798801887393042,
      "0.4": 0.9798982650990898,
      "0.45": 0.979898673036729,
      "0.5": 0.9799013763458496
    },
    "lbbest_peak": {
      "alpha": 0.05,
      "score": 0.9801536713834724,
      "delta": 3.050345018473788e-05
    }
  },
  "jaccards": {
    "DAE vs recipe": 0.8425434583714547,
    "DAE vs LB-best": 0.8403703703703703,
    "LB-best vs recipe": 0.8829576534942941
  },
  "standalone": {
    "recipe_dae_tuned": 0.9794233800571317,
    "recipe_dae_argmax": 0.9754534905064457
  },
  "3way_best": {
    "score": 0.9801280091905064,
    "w_recipe": 0.44999999999999996,
    "w_pseudo": 0.5000000000000001,
    "w_dae": 0.04999999999999993
  }
}