{
  "focal_suffix": "_g2h3",
  "standalone": {
    "oof_argmax": 0.9736870470627969,
    "oof_tuned": 0.9784555324903282,
    "bias": [
      1.7324411632360976,
      1.7689466919465482,
      2.6007689020440883
    ],
    "errors": 10450,
    "recall_L": 0.9949961748175942,
    "recall_M": 0.9663116859215138,
    "recall_H": 0.9740587367318768
  },
  "anchors": {
    "recipe": 0.9796650350078755,
    "lb2way": 0.9801231679332877,
    "lb3way": 0.9802893410841148
  },
  "jaccard": {
    "vs_recipe": 0.7788927335640139,
    "vs_3way": 0.7388307378095481
  },
  "blend_sweep_peaks": {
    "vs_recipe": {
      "alpha": 0.0,
      "bal": 0.9796650350078755,
      "delta": 0.0
    },
    "vs_lb2way": {
      "alpha": 0.025,
      "bal": 0.9801392637683591,
      "delta": 1.6095835071450182e-05
    },
    "vs_lb3way": {
      "alpha": 0.0,
      "bal": 0.9802893410841148,
      "delta": 0.0
    }
  },
  "gate_passed": false
}