{
  "best": {
    "w": [
      0.8,
      0.0,
      0.19999999999999996
    ],
    "tuned": 0.9736153112774314
  },
  "top10": [
    [
      0.8,
      0.0,
      0.19999999999999996,
      0.9736153112774314
    ],
    [
      0.5,
      0.0,
      0.5,
      0.9736106928138097
    ],
    [
      0.6000000000000001,
      0.0,
      0.3999999999999999,
      0.97357467819335
    ],
    [
      0.7000000000000001,
      0.0,
      0.29999999999999993,
      0.9735727546616967
    ],
    [
      0.4,
      0.0,
      0.6,
      0.9735428236832385
    ],
    [
      1.0,
      0.0,
      0.0,
      0.9735244463466319
    ],
    [
      0.30000000000000004,
      0.0,
      0.7,
      0.9735132571293752
    ],
    [
      0.2,
      0.0,
      0.8,
      0.9735085247746486
    ],
    [
      0.9,
      0.0,
      0.09999999999999998,
      0.9735044904161138
    ],
    [
      0.0,
      0.5,
      0.5,
      0.9734314498935962
    ]
  ]
}