{
  "candidate": "xgb_metastack_metamacrorec_lam03",
  "use_iso": false,
  "anchor_bal": 0.9808424406412425,
  "anchor_pcr": [
    0.9955341333326124,
    0.9695073491889541,
    0.9774858394021609
  ],
  "sweep": {
    "0.00": {
      "oof": 0.9808424406412425,
      "delta": 0.0,
      "errs": 9415,
      "pcr": [
        0.9955341333326124,
        0.9695073491889541,
        0.9774858394021609
      ]
    },
    "0.10": {
      "oof": 0.9809959844424899,
      "delta": 0.0001535438012474355,
      "errs": 9652,
      "pcr": [
        0.9954989903140434,
        0.9684323682207183,
        0.9790565947927079
      ]
    },
    "0.20": {
      "oof": 0.9811623836433659,
      "delta": 0.0003199430021234573,
      "errs": 9966,
      "pcr": [
        0.9954395175133881,
        0.967039494047868,
        0.9810081393688419
      ]
    },
    "0.30": {
      "oof": 0.981082801001461,
      "delta": 0.0002403603602184612,
      "errs": 10315,
      "pcr": [
        0.9953503083124052,
        0.965604791821779,
        0.9822933028701984
      ]
    },
    "0.40": {
      "oof": 0.9810232386225856,
      "delta": 0.00018079798134307268,
      "errs": 10767,
      "pcr": [
        0.995236769329336,
        0.9637308950366832,
        0.9841020515017374
      ]
    },
    "0.50": {
      "oof": 0.9807015176789364,
      "delta": -0.00014092296230605594,
      "errs": 11397,
      "pcr": [
        0.9951205270371462,
        0.9611208245145855,
        0.9858632014850778
      ]
    }
  },
  "gates": {
    "G1": false,
    "G2": false,
    "G3": false,
    "G4": true,
    "overall": false
  },
  "net_high_flip": 482,
  "total_high_churn": 482
}