{
  "recipe": {
    "anchor": {
      "bias": [
        1.4324411632360974,
        1.468946691946548,
        3.400768902044088
      ],
      "bal_acc": 0.9796650350078755,
      "errs": 10114,
      "recall": {
        "L": 0.9949799549628701,
        "M": 0.9675288822707614,
        "H": 0.9764862677899948
      }
    },
    "candidates": {
      "focal_g2_invfreq": {
        "fixed_bias_bal_acc": 0.9764378763230632,
        "tuned_bal_acc": 0.9768334922855993,
        "tuned_bias": [
          1.532441163236097,
          1.468946691946548,
          3.000768902044088
        ],
        "recall_fixed": {
          "L": 0.993979730588213,
          "M": 0.9610371684081079,
          "H": 0.9742967299728688
        },
        "recall_tuned": {
          "L": 0.9943960401928,
          "M": 0.9660439863807858,
          "H": 0.970060450283212
        },
        "errs": 12082,
        "jaccard_vs_anchor": 0.6628708420737189,
        "sweep": [
          [
            0.0,
            0.9796650350078755
          ],
          [
            0.025,
            0.979631244686377
          ],
          [
            0.05,
            0.9795870490660351
          ],
          [
            0.07500000000000001,
            0.9795149268100262
          ],
          [
            0.1,
            0.9795217276967089
          ],
          [
            0.125,
            0.9795104883214166
          ],
          [
            0.15000000000000002,
            0.9794642348117085
          ],
          [
            0.17500000000000002,
            0.9794707982162759
          ],
          [
            0.2,
            0.9794248674164451
          ],
          [
            0.225,
            0.9794677409639675
          ],
          [
            0.25,
            0.9794665532488608
          ],
          [
            0.275,
            0.979417018036869
          ],
          [
            0.30000000000000004,
            0.9793993004847713
          ],
          [
            0.325,
            0.9793576377180263
          ],
          [
            0.35000000000000003,
            0.9793412653044188
          ],
          [
            0.375,
            0.9793133799355932
          ],
          [
            0.4,
            0.9792520812541273
          ],
          [
            0.42500000000000004,
            0.97930833729407
          ],
          [
            0.45,
            0.979237363961277
          ],
          [
            0.47500000000000003,
            0.979224528933239
          ],
          [
            0.5,
            0.9791513454567263
          ]
        ],
        "peak_alpha": 0.0,
        "peak_bal": 0.9796650350078755
      }
    }
  },
  "lb_best_2way": {
    "anchor": {
      "bias": [
        1.4324411632360974,
        1.468946691946548,
        3.400768902044088
      ],
      "bal_acc": 0.9801231679332877,
      "errs": 9851,
      "recall": {
        "L": 0.9950340211452839,
        "M": 0.9685160243271957,
        "H": 0.9768194583273835
      }
    },
    "candidates": {
      "focal_g2_invfreq": {
        "fixed_bias_bal_acc": 0.9764378763230632,
        "tuned_bal_acc": 0.9768334922855993,
        "tuned_bias": [
          1.532441163236097,
          1.468946691946548,
          3.000768902044088
        ],
        "recall_fixed": {
          "L": 0.993979730588213,
          "M": 0.9610371684081079,
          "H": 0.9742967299728688
        },
        "recall_tuned": {
          "L": 0.9943960401928,
          "M": 0.9660439863807858,
          "H": 0.970060450283212
        },
        "errs": 12082,
        "jaccard_vs_anchor": 0.6497179390748402,
        "sweep": [
          [
            0.0,
            0.9801231679332877
          ],
          [
            0.025,
            0.980084415028998
          ],
          [
            0.05,
            0.9800432454276539
          ],
          [
            0.07500000000000001,
            0.9800300825207086
          ],
          [
            0.1,
            0.9799994395437809
          ],
          [
            0.125,
            0.979980820888643
          ],
          [
            0.15000000000000002,
            0.9799840534609756
          ],
          [
            0.17500000000000002,
            0.9799990546718124
          ],
          [
            0.2,
            0.9799978978854865
          ],
          [
            0.225,
            0.9799193335504831
          ],
          [
            0.25,
            0.9798741024693879
          ],
          [
            0.275,
            0.9798203844520724
          ],
          [
            0.30000000000000004,
            0.9797444072696471
          ],
          [
            0.325,
            0.9797090212954028
          ],
          [
            0.35000000000000003,
            0.9797059822442648
          ],
          [
            0.375,
            0.9797201675798232
          ],
          [
            0.4,
            0.9796222539421656
          ],
          [
            0.42500000000000004,
            0.9795932299881841
          ],
          [
            0.45,
            0.9795384947112856
          ],
          [
            0.47500000000000003,
            0.9794511258992146
          ],
          [
            0.5,
            0.9793548491811438
          ]
        ],
        "peak_alpha": 0.0,
        "peak_bal": 0.9801231679332877
      }
    }
  },
  "lb_best_3way": {
    "anchor": {
      "bias": [
        0.7324411632360973,
        1.068946691946548,
        3.000768902044088
      ],
      "bal_acc": 0.9802893410841148,
      "errs": 9983,
      "recall": {
        "L": 0.9940662364800753,
        "M": 0.9694111446665049,
        "H": 0.9773906421057642
      }
    },
    "candidates": {
      "focal_g2_invfreq": {
        "fixed_bias_bal_acc": 0.9762350229762752,
        "tuned_bal_acc": 0.9768334922855993,
        "tuned_bias": [
          1.532441163236097,
          1.468946691946548,
          3.000768902044088
        ],
        "recall_fixed": {
          "L": 0.9921874366411925,
          "M": 0.9622209023147644,
          "H": 0.9742967299728688
        },
        "recall_tuned": {
          "L": 0.9943960401928,
          "M": 0.9660439863807858,
          "H": 0.970060450283212
        },
        "errs": 12462,
        "jaccard_vs_anchor": 0.6072323666308629,