{
  "candidate": "residte",
  "use_iso": true,
  "anchor_bal": 0.9808424406412425,
  "anchor_pcr": [
    0.9955341333326124,
    0.9695073491889541,
    0.9774858394021609
  ],
  "sweep": {
    "0.00": {
      "oof": 0.9808424406412425,
      "delta": 0.0,
      "errs": 9415,
      "pcr": [
        0.9955341333326124,
        0.9695073491889541,
        0.9774858394021609
      ]
    },
    "0.10": {
      "oof": 0.9805561338307558,
      "delta": -0.0002863068104866917,
      "errs": 9348,
      "pcr": [
        0.9955530564964573,
        0.9698670704468073,
        0.9762482745490028
      ]
    },
    "0.20": {
      "oof": 0.9804331081585943,
      "delta": -0.00040933248264818367,
      "errs": 9321,
      "pcr": [
        0.9955611664238194,
        0.9700134686331429,
        0.9757246894188205
      ]
    },
    "0.30": {
      "oof": 0.9803754839144906,
      "delta": -0.00046695672675189925,
      "errs": 9280,
      "pcr": [
        0.995555759805578,
        0.9702267917046605,
        0.9753439002332334
      ]
    },
    "0.40": {
      "oof": 0.9802428688187638,
      "delta": -0.0005995718224787172,
      "errs": 9262,
      "pcr": [
        0.995547649878216,
        0.9703606414750244,
        0.9748203151030511
      ]
    },
    "0.50": {
      "oof": 0.980116987583128,
      "delta": -0.0007254530581144447,
      "errs": 9242,
      "pcr": [
        0.9955179134778883,
        0.9705363192986272,
        0.9742967299728688
      ]
    }
  },
  "gates": {
    "G1": false,
    "G2": false,
    "G3": false,
    "G4": false,
    "overall": false
  },
  "net_high_flip": -94,
  "total_high_churn": 122
}