{
  "argmax_bal": 0.9635614715409316,
  "tuned_bal": 0.972838463503654,
  "tuned_bias": [
    0.13244116323609767,
    0.6689466919465481,
    3.400768902044088
  ],
  "boundary_bal_on_boundary_rows": 0.9634256948949723,
  "boundary_raw_on_boundary_rows": 0.9849069071990313
}