{
  "anchors": {
    "recipe_full_te": {
      "anchor_def": [
        [
          "recipe_full_te",
          1.0
        ]
      ],
      "final_oof": 0.980498269276727,
      "delta_vs_lb_best_2way": 0.00036826927672706233,
      "delta_vs_lb_best_3way": 0.00020826927672701334,
      "chosen": [
        [
          "recipe_pseudolabel_stage2",
          0.5
        ],
        [
          "recipe_full_te_seed7",
          0.25
        ],
        [
          "recipe_171pair",
          0.1
        ]
      ]
    },
    "lb_best_2way": {
      "anchor_def": [
        [
          "recipe_full_te",
          0.5
        ],
        [
          "recipe_pseudolabel",
          0.5
        ]
      ],
      "final_oof": 0.9803098888315084,
      "delta_vs_lb_best_2way": 0.0001798888315084346,
      "delta_vs_lb_best_3way": 1.9888831508385607e-05,
      "chosen": [
        [
          "recipe_allpairs__iso",
          0.3
        ]
      ]
    },
    "lb_best_3way": {
      "anchor_def": [
        [
          "recipe_full_te",
          0.25
        ],
        [
          "recipe_pseudolabel",
          0.35
        ],
        [
          "recipe_pseudolabel_seed7labeler",
          0.4
        ]
      ],
      "final_oof": 0.9804133277189001,
      "delta_vs_lb_best_2way": 0.0002833277189001615,
      "delta_vs_lb_best_3way": 0.00012332771890011252,
      "chosen": [
        [
          "recipe_allpairs__iso",
          0.2
        ]
      ]
    }
  },
  "elapsed_sec": 745.2783863544464
}