{
  "standalone": {
    "LGBM": {
      "tuned_bal": 0.972703780465796,
      "n_errors": 12594
    },
    "XGB": {
      "tuned_bal": 0.9730368669360977,
      "n_errors": 11913
    },
    "CatBoost": {
      "tuned_bal": 0.9712837307052379,
      "n_errors": 11960
    }
  },
  "jaccards": {
    "LGBM_vs_XGB": 0.777028496845769,
    "LGBM_vs_CatBoost": 0.7358784022622835,
    "XGB_vs_CatBoost": 0.7560132401618243,
    "all_three": 0.659379834532858
  },
  "best_3way": {
    "weights": [
      0.4,
      0.5,
      0.09999999999999998
    ],
    "tuned": 0.9732025006484779
  }
}