{
  "seed": 42,
  "n_folds": 5,
  "n_features": 43,
  "best_iters": [
    1783,
    1762,
    1480,
    1890,
    1614
  ],
  "argmax_bal": 0.9630172459640564,
  "tuned_bal": 0.9712837307052379,
  "delta_vs_lgbm_dist": -0.0013762692947620891,
  "delta_vs_xgb_dist": -0.0017562692947621361,
  "fold_bals": [
    0.962105228591581,
    0.9632851253778095,
    0.9639277360462607,
    0.9636933776896623,
    0.9620745091867443
  ],
  "log_bias": [
    0.23244116323609776,
    0.8689466919465483,
    3.400768902044088
  ]
}