{
  "seed": 42,
  "n_folds": 5,
  "n_features": 26,
  "feat_cols": [
    "Soil_pH",
    "Soil_Moisture",
    "Organic_Carbon",
    "Electrical_Conductivity",
    "Temperature_C",
    "Humidity",
    "Rainfall_mm",
    "Sunlight_Hours",
    "Wind_Speed_kmh",
    "Field_Area_hectare",
    "Previous_Irrigation_mm",
    "sm_dist",
    "rf_dist",
    "tc_dist",
    "ws_dist",
    "dgp_score",
    "rule_pred",
    "min_axis_abs",
    "Soil_Type",
    "Crop_Type",
    "Crop_Growth_Stage",
    "Season",
    "Irrigation_Type",
    "Water_Source",
    "Mulching_Used",
    "Region"
  ],
  "cat_cols": [
    "Soil_Type",
    "Crop_Type",
    "Crop_Growth_Stage",
    "Season",
    "Irrigation_Type",
    "Water_Source",
    "Mulching_Used",
    "Region"
  ],
  "best_params": {
    "depth": 5,
    "learning_rate": 0.06656333325146147,
    "l2_leaf_reg": 1.0824018381500955,
    "random_strength": 2.737029166028468,
    "bagging_temperature": 0.3881699724000254,
    "border_count": 190,
    "one_hot_max_size": 16,
    "leaf_estimation_iterations": 1
  },
  "best_iters": [
    2995,
    2979,
    2632,
    2830,
    2834
  ],
  "argmax_bal": 0.9628245793699817,
  "tuned_bal": 0.9717928256673907,
  "fold_bals": [
    0.9619592915787809,
    0.9633460042859108,
    0.9635368830857635,
    0.9630942189140992,
    0.9621862457214343
  ],
  "fold_std": 0.000633744239557331,
  "log_bias": [
    0.4324411632360975,
    0.6689466919465481,
    3.400768902044088
  ],
  "per_class_recall": [
    0.9957612112987508,
    0.955030659963024,
    0.964586605740397
  ],
  "delta_vs_lgbm_dist": -0.0008671743326092995,
  "delta_vs_xgb_dist": -0.0012471743326093465,
  "delta_vs_cat_prior": 0.0005128256673906373,
  "optuna_n_trials": 15,
  "optuna_best_trial": 4,
  "optuna_trials": [
    {
      "number": 0,
      "value": 0.9673327328273397,
      "params": {
        "depth": 6,
        "learning_rate": 0.1385613281701473,
        "l2_leaf_reg": 5.395030966670228,
        "random_strength": 1.8361096041714062,
        "bagging_temperature": 0.23402796066365478,
        "border_count": 93,
        "one_hot_max_size": 8,
        "leaf_estimation_iterations": 4
      }
    },
    {
      "number": 1,
      "value": 0.9671562604868388,
      "params": {
        "depth": 5,
        "learning_rate": 0.14290885785088342,
        "l2_leaf_reg": 6.798962421591129,
        "random_strength": 0.7157834209670008,
        "bagging_temperature": 0.2727374508106509,
        "border_count": 99,
        "one_hot_max_size": 8,
        "leaf_estimation_iterations": 2
      }
    },
    {
      "number": 2,
      "value": 0.9689003438284516,
      "params": {
        "depth": 8,
        "learning_rate": 0.03755115322842063,
        "l2_leaf_reg": 1.9594972058679163,
        "random_strength": 1.162449345551706,
        "bagging_temperature": 0.6841049763255539,
        "border_count": 213,
        "one_hot_max_size": 16,
        "leaf_estimation_iterations": 1
      }
    },
    {
      "number": 3,
      "value": 0.9680126117119299,
      "params": {
        "depth": 8,
        "learning_rate": 0.039474124105549825,
        "l2_leaf_reg": 1.1615865989246452,
        "random_strength": 2.8517680580346663,
        "bagging_temperature": 1.448448049611839,
        "border_count": 218,
        "one_hot_max_size": 16,
        "leaf_estimation_iterations": 3
      }
    },
    {
      "number": 4,
      "value": 0.9692239084766884,
      "params": {
        "depth": 5,
        "learning_rate": 0.06656333325146147,
        "l2_leaf_reg": 1.0824018381500955,
        "random_strength": 2.737029166028468,
        "bagging_temperature": 0.3881699724000254,
        "border_count": 190,
        "one_hot_max_size": 16,
        "leaf_estimation_iterations": 1
      }
    },
    {
      "number": 5,
      "value": 0.9680221339161573,
      "params": {
        "depth": 9,
        "learning_rate": 0.10445178054811381,
        "l2_leaf_reg": 8.699593128513321,
        "random_strength": 2.6949993162401817,
        "bagging_temperature": 0.8968499682166278,
        "border_count": 240,
        "one_hot_max_size": 8,
        "leaf_estimation_iterations": 2
      }
    },
    {
      "number": 6,
      "value": 0.9690252332993089,
      "params": {
        "depth": 6,
        "learning_rate": 0.0464286534970369,
        "l2_leaf_reg": 6.741204610702761,
        "random_strength": 1.134584647411409,
        "bagging_temperature": 0.42140176453107114,
        "border_count": 167,
        "one_hot_max_size": 8,
        "leaf_estimation_iterations": 5
      }
    },
    {
      "number": 7,
      "value": 0.9682764648921237,
      "params": {
        "depth": 8,
        "learning_rate": 0.0413064198963348,
        "l2_leaf_reg": 1.012796325733148,
        "random_strength": 2.464838142519019,
        "bagging_temperature": 1.0602860157714256,
        "border_count": 203,
        "one_hot_max_size": 2,
        "leaf_estimation_iterations": 1
      }
    },
    {
      "number": 8,
      "value": 0.9681685324328401,
      "params": {
        "depth": 9,
        "learning_rate": 0.08180652578321553,
        "l2_leaf_reg": 2.1423874956449054,
        "random_strength": 0.2843192158294685,
        "bagging_temperature": 0.4664734825734933,
        "border_count": 126,
        "one_hot_max_size": 16,
        "leaf_estimation_iterations": 3
      }
    },
    {
      "number": 9,
      "value": 0.9682227258515957,
      "params": {
        "depth": 5,
        "learning_rate": 0.09454922355484109,
        "l2_leaf_reg": 5.764810670114668,
        "random_strength": 1.727703872951539,
        "bagging_temperature": 1.1564507699318414,
        "border_count": 158,
        "one_hot_max_size": 2,
        "leaf_estimation_iterations": 1
      }
    },
    {
      "number": 10,
      "value": 0.9684451687972885,
      "params": {
        "depth": 6,
        "learning_rate": 0.06426327503744977,
        "l2_leaf_reg": 3.2963791954135377,
        "random_strength": 2.1733601672788705,
        "bagging_temperature": 0.030908955142243066,
        "border_count": 167,
        "one_hot_max_size": 16,
        "leaf_estimation_iterations": 2
      }
    },
    {
      "number": 11,
      "value": 0.9687515389267157,
      "params": {
        "depth": 6,
        "learning_rate": 0.055265389397490094,
        "l2_leaf_reg": 3.90411352174568,
        "random_strength": 1.1326645476714816,
        "bagging_temperature": 0.5665814494698225,
        "border_count": 166,
        "one_hot_max_size": 8,
        "leaf_estimation_iterations": 5
      }
    },
    {
      "number": 12,
      "value": 0.9691880064838689,
      "params": {
        "depth": 5,
        "learning_rate": 0.05273856824275609,
        "l2_leaf_reg": 1.8492306070921147,
        "random_strength": 1.2727865428364795,
        "bagging_temperature": 0.3682848523454534,
        "border_count": 189,
        "one_hot_max_size": 16,
        "leaf_estimation_iterations": 5
      }
    },
    {
      "number": 13,
      "value": 0.9687824402784148,
      "params": {
        "depth": 5,
        "learning_rate": 0.031666260552691394,
        "l2_leaf_reg": 1.6125980466950287,
        "random_strength": 2.1647356264188935,
        "bagging_temperature": 0.11769357745017084,
        "border_count": 191,
        "one_hot_max_size": 16,
        "leaf_estimation_iterations": 4
      }
    },
    {
      "number": 14,
      "value": 0.9689513829096198,
      "params": {
        "depth": 7,
        "learning_rate": 0.056655136208906304,
        "l2_leaf_reg": 1.4478408091507522,
        "random_strength": 1.4380740345119742,
        "bagging_temperature": 0.3468010119006049,
        "border_count": 248,
        "one_hot_max_size": 16,
        "leaf_estimation_iterations": 4
      }
    }
  ]
}