{
  "tag": "big_fe",
  "sample": 200000,
  "folds": 5,
  "seed": 42,
  "raw_only": false,
  "interactions": 8,
  "outer_bags": 1,
  "n_features": 30,
  "fold_scores": [
    0.9603428919684719,
    0.9599902714112322,
    0.9599446378712275,
    0.9625354410385523,
    0.9624955352356975
  ],
  "mean": 0.9610617555050363,
  "std": 0.0011950119767594714,
  "classes": [
    "High",
    "Low",
    "Medium"
  ],
  "confusion_matrix": [
    [
      6195,
      0,
      585
    ],
    [
      0,
      116772,
      618
    ],
    [
      243,
      1673,
      73914
    ]
  ],
  "recall": {
    "High": 0.9137168141592921,
    "Low": 0.9947354970610784,
    "Medium": 0.9747329552947382
  },
  "elapsed_s": 2200.9
}