{
  "tag": "gaussian_nb",
  "fold_scores": [
    0.7524827323835268,
    0.7501360347387872,
    0.7500839456842575,
    0.7469649288111028,
    0.7589474765052335
  ],
  "mean": 0.7517230236245817,
  "std": 0.004015331948801349,
  "classes": [
    "High",
    "Low",
    "Medium"
  ],
  "confusion_matrix": [
    [
      13390,
      235,
      7384
    ],
    [
      47,
      317203,
      52667
    ],
    [
      5948,
      51352,
      181774
    ]
  ],
  "recall": {
    "High": 0.6373458993764577,
    "Low": 0.8574977630117027,
    "Medium": 0.7603252549419844
  }
}