{
  "tag": "heuristic",
  "fold_scores": [
    0.5975585090807903,
    0.60088476475363,
    0.6008778899497043,
    0.5997035030018693,
    0.6015559008606047
  ],
  "mean": 0.6001161135293197,
  "std": 0.001411077853353001,
  "oof": 0.6001163034304571,
  "classes": [
    "High",
    "Low",
    "Medium"
  ],
  "confusion_matrix": [
    [
      14822,
      1317,
      4870
    ],
    [
      21801,
      253838,
      94278
    ],
    [
      68507,
      72872,
      97695
    ]
  ],
  "recall": {
    "High": 0.7055071635965539,
    "Low": 0.6862025805788866,
    "Medium": 0.40863916611593065
  },
  "elapsed_s": 826.0
}