{
  "tag": "lr_multinomial",
  "fold_scores": [
    0.825362697960335,
    0.8347974130033858,
    0.8176782831352777,
    0.8420563083276852,
    0.8305753325569952
  ],
  "mean": 0.8300940069967357,
  "std": 0.008270258033371055,
  "classes": [
    "High",
    "Low",
    "Medium"
  ],
  "confusion_matrix": [
    [
      18297,
      67,
      2645
    ],
    [
      608,
      325548,
      43761
    ],
    [
      38144,
      24180,
      176750
    ]
  ],
  "recall": {
    "High": 0.8709124660859632,
    "Low": 0.8800568776238994,
    "Medium": 0.7393108409948385
  }
}