{
  "tag": "smoke_fe",
  "sample": 40000,
  "folds": 5,
  "seed": 42,
  "raw_only": false,
  "interactions": 8,
  "outer_bags": 2,
  "n_features": 30,
  "fold_scores": [
    0.970937641654217,
    0.9551479427438684,
    0.9499829423102585,
    0.9612619273361472,
    0.9524853973845065
  ],
  "mean": 0.9579631702857997,
  "std": 0.007494454562937847,
  "classes": [
    "High",
    "Low",
    "Medium"
  ],
  "confusion_matrix": [
    [
      1208,
      0,
      126
    ],
    [
      0,
      23266,
      130
    ],
    [
      47,
      352,
      14871
    ]
  ],
  "recall": {
    "High": 0.9055472263868066,
    "Low": 0.994443494614464,
    "Medium": 0.9738703339882122
  },
  "elapsed_s": 905.8
}