{
  "tag": "smoke_raw",
  "sample": 40000,
  "folds": 5,
  "seed": 42,
  "raw_only": true,
  "interactions": 8,
  "outer_bags": 2,
  "n_features": 19,
  "fold_scores": [
    0.9687208940104194,
    0.956434288375614,
    0.949688836999003,
    0.9589121010904016,
    0.9512369579338199
  ],
  "mean": 0.9569986156818515,
  "std": 0.006753092111431489,
  "classes": [
    "High",
    "Low",
    "Medium"
  ],
  "confusion_matrix": [
    [
      1204,
      0,
      130
    ],
    [
      0,
      23267,
      129
    ],
    [
      45,
      353,
      14872
    ]
  ],
  "recall": {
    "High": 0.9025487256371814,
    "Low": 0.9944862369635835,
    "Medium": 0.9739358218729535
  },
  "elapsed_s": 115.3
}