{
  "tag": "smoke",
  "sample": 40000,
  "folds": 5,
  "seed": 42,
  "raw_only": false,
  "interactions": 8,
  "outer_bags": 2,
  "n_features": 30,
  "fold_scores": [
    0.8807183546662402,
    0.8728958987874137,
    0.8524958903396233,
    0.8650714685745577,
    0.8653136259710011
  ],
  "mean": 0.8672990476677672,
  "std": 0.009374860186552422,
  "classes": [
    "High",
    "Low",
    "Medium"
  ],
  "confusion_matrix": [
    [
      1039,
      0,
      295
    ],
    [
      0,
      21322,
      2074
    ],
    [
      231,
      1118,
      13921
    ]
  ],
  "recall": {
    "High": 0.7788605697151424,
    "Low": 0.9113523679261413,
    "Medium": 0.9116568434839555
  },
  "elapsed_s": 282.6
}