{
  "lb_best_4stack_oof": 0.9808424406412425,
  "lb_best_4stack_pcr": [
    0.9955341333326124,
    0.9695073491889541,
    0.9774858394021609
  ],
  "lb_best_4stack_errs": 9415,
  "results": {
    "rawashishsin_2600": {
      "label": "v3 (n_est=2600)",
      "standalone_iso": 0.9796480710544695,
      "sweep": {
        "0.050": {
          "oof": 0.9805368019010826,
          "delta_vs_lb4": -0.0003056387401598748,
          "errs": 9529,
          "pcr": [
            0.9955449465690952,
            0.9690556062139756,
            0.9770098529201771
          ],
          "pcr_delta": [
            1.0813236482776212e-05,
            -0.00045174297497851956,
            -0.00047598648198388105
          ],
          "net_h": 82,
          "churn": 302
        },
        "0.100": {
          "oof": 0.9805672461877858,
          "delta_vs_lb4": -0.00027519445345669524,
          "errs": 9466,
          "pcr": [
            0.9955422432599745,
            0.969340036975999,
            0.9768194583273835
          ],
          "pcr_delta": [
            8.109927362109914e-06,
            -0.00016731221295507304,
            -0.0006663810747774557
          ],
          "net_h": 16,
          "churn": 332
        },
        "0.150": {
          "oof": 0.9805314240412014,
          "delta_vs_lb4": -0.0003110166000410697,
          "errs": 9428,
          "pcr": [
            0.9955530564964573,
            0.9695073491889541,
            0.9765338664381932
          ],
          "pcr_delta": [
            1.8923163844886126e-05,
            0.0,
            -0.0009519729639677621
          ],
          "net_h": -29,
          "churn": 399
        },
        "0.200": {
          "oof": 0.9804527644449057,
          "delta_vs_lb4": -0.00038967619633678563,
          "errs": 9391,
          "pcr": [
            0.9955530564964573,
            0.9696997582338522,
            0.9761054786044077
          ],
          "pcr_delta": [
            1.8923163844886126e-05,
            0.00019240904489814525,
            -0.0013803607977532772
          ],
          "net_h": -72,
          "churn": 464
        },
        "0.250": {
          "oof": 0.9804513471107938,
          "delta_vs_lb4": -0.0003910935304486385,
          "errs": 9363,
          "pcr": [
            0.9955368366417331,
            0.9698545220308357,
            0.9759626826598125
          ],
          "pcr_delta": [
            2.7033091206662974e-06,
            0.00034717284188157116,
            -0.001523156742348486
          ],
          "net_h": -108,
          "churn": 542
        },
        "0.300": {
          "oof": 0.9804250525302133,
          "delta_vs_lb4": -0.00041738811102920437,
          "errs": 9346,
          "pcr": [
            0.995493583695802,
            0.970009285827819,
            0.9757722880670189
          ],
          "pcr_delta": [
            -4.054963681043855e-05,
            0.000501936638864886,
            -0.0017135513351420606
          ],
          "net_h": -135,
          "churn": 619
        },
        "0.350": {
          "oof": 0.9803956106050622,
          "delta_vs_lb4": -0.00044683003618029016,
          "errs": 9323,
          "pcr": [
            0.9954341108951468,
            0.9702184260940128,
            0.9755342948260269
          ],
          "pcr_delta": [
            -0.0001000224374656522,
            0.0007110769050586718,
            -0.0019515445761340011
          ],
          "net_h": -172,
          "churn": 700
        },
        "0.400": {
          "oof": 0.9803916112874022,
          "delta_vs_lb4": -0.00045082935384033185,
          "errs": 9309,
          "pcr": [
            0.9954043744948191,
            0.9703313618377574,
            0.9754390975296302
          ],
          "pcr_delta": [
            -0.00012975883779331454,
            0.000824012648803274,
            -0.002046741872530733
          ],
          "net_h": -190,
          "churn": 792
        },
        "0.450": {
          "oof": 0.9803494013608045,
          "delta_vs_lb4": -0.0004930392804379791,
          "errs": 9302,
          "pcr": [
            0.9953719347853708,
            0.9704275663602064,
            0.9752487029368366
          ],
          "pcr_delta": [
            -0.00016219854724164318,
            0.0009202171712523466,
            -0.0022371364653243075
          ],
          "net_h": -206,
          "churn": 862
        },
        "0.500": {
          "oof": 0.9803468324093968,
          "delta_vs_lb4": -0.00049560823184569,
          "errs": 9297,
          "pcr": [
            0.9953449016941638,
            0.9704944912453884,
            0.9752011042886382
          ],
          "pcr_delta": [
            -0.00018923163844863922,
            0.0009871420564343536,
            -0.0022847351135227845
          ],
          "net_h": -212,
          "churn": 944
        }
      },
      "4gate_a030": {
        "g1": false,
        "g2": false,
        "g3": false,
        "g3_ratio": NaN,
        "g4": false,
        "g4_ratio": 0.21809369951534732,
        "net_h": -135,
        "all_pass": false
      }
    },
    "rawashishsin": {
      "label": "v2 (n_est=1500)",
      "standalone_iso": 0.9796423338632408,
      "sweep": {
        "0.050": {
          "oof": 0.9804833395670527,
          "delta_vs_lb4": -0.00035910107418979376,
          "errs": 9548,
          "pcr": [
            0.9955341333326124,
            0.9690012297447652,
            0.9769146556237803
          ],
          "pcr_delta": [
            0.0,
            -0.0005061194441888794,
            -0.0005711837783806128
          ],
          "net_h": 93,
          "churn": 307
        },
        "0.100": {
          "oof": 0.980501813830947,
          "delta_vs_lb4": -0.0003406268102954524,
          "errs": 9495,
          "pcr": [
            0.995520616787009,
            0.9692605636748455,
            0.9767242610309868
          ],
          "pcr_delta": [
            -1.3516545603442509e-05,
            -0.00024678551410861616,
            -0.0007615783711741875
          ],
          "net_h": 36,
          "churn": 338
        },
        "0.150": {
          "oof": 0.9805274168604315,
          "delta_vs_lb4": -0.0003150237808109413,
          "errs": 9458,
          "pcr": [
            0.9955043969322848,
            0.9694487899144199,
            0.9766290637345899
          ],
          "pcr_delta": [
            -2.9736400327662338e-05,
            -5.8559274534242256e-05,
            -0.0008567756675710303
          ],
          "net_h": -7,
          "churn": 413
        },
        "0.200": {
          "oof": 0.9805099628547295,
          "delta_vs_lb4": -0.00033247778651301907,
          "errs": 9429,
          "pcr": [
            0.9955043969322848,
            0.9695868224901076,
            0.9764386691417963
          ],
          "pcr_delta": [
            -2.9736400327662338e-05,
            7.947330115354312e-05,
            -0.001047170260364605
          ],
          "net_h": -32,
          "churn": 480
        },
        "0.250": {
          "oof": 0.9804654705887907,
          "delta_vs_lb4": -0.00037697005245174164,
          "errs": 9405,
          "pcr": [
            0.9954557373681123,
            0.9697875971456537,
            0.976153077252606
          ],
          "pcr_delta": [
            -7.839596450009978e-05,
            0.00028024795669956415,
            -0.0013327621495549113
          ],
          "net_h": -74,
          "churn": 530
        },
        "0.300": {
          "oof": 0.9804177688161898,
          "delta_vs_lb4": -0.0004246718250526804,
          "errs": 9403,
          "pcr": [
            0.9954151877313019,
            0.969875436057455,
            0.9759626826598125
          ],
          "pcr_delta": [
            -0.00011894560131053833,
            0.000368086868500872,
            -0.001523156742348486
          ],
          "net_h": -90,
          "churn": 624
        },