{
  "n_flagged": 1631,
  "frac_flagged": 0.002588888888888889,
  "frac_y_neq_rule_in_flagged": 0.996934396076027,
  "global_y_neq_rule_rate": 0.016355555555555557
}