{
  "mode": "drop",
  "smoke": false,
  "n_kept": 628369,
  "n_flagged": 1631,
  "fold_scores_argmax": [
    0.979852649122896,
    0.9791996321006047,
    0.9787307699681417,
    0.9773328397893021,
    0.9790996281021123
  ],
  "overall_argmax_originaly": 0.9729383822653611,
  "tuned_macro_originaly": 0.9806554903802162,
  "log_bias": [
    0.5324411632360971,
    0.9689466919465479,
    3.500768902044088
  ]
}