{
  "mode": "relabel",
  "smoke": false,
  "n_kept": 630000,
  "n_flagged": 1631,
  "fold_scores_argmax": [
    0.9807825222615052,
    0.9788089014132648,
    0.9784595903814785,
    0.9793754642736671,
    0.9771448554562827
  ],
  "overall_argmax_originaly": 0.9729442329190526,
  "tuned_macro_originaly": 0.9806762700491228,
  "log_bias": [
    0.4324411632360975,
    0.8689466919465483,
    3.400768902044088
  ]
}