{
  "seed": 42,
  "smoke": false,
  "epochs": 30,
  "batch": 4096,
  "bottleneck": 128,
  "swap_p": 0.15,
  "lr": 0.001,
  "weight_decay": 1e-05,
  "input_dim": 43,
  "n_train": 630000,
  "n_test": 270000,
  "n_total_unsup": 910000,
  "epoch_losses": [
    0.2675942669849138,
    0.1399735717757328,
    0.12621695867127125,
    0.12096025019481375,
    0.11832383093801704,
    0.11602655835114084,
    0.11428414157650492,
    0.11298558713348063,
    0.11192781025090733,
    0.11133116050749212,
    0.11058255332010286,
    0.1100146826860067,
    0.10947052365890494,
    0.10905948640392707,
    0.10866724219810855,
    0.10839614154653507,
    0.10793762979609473,
    0.10760566051881593,
    0.10734834820703343,
    0.10706677331446528,
    0.10687203728803643,
    0.10648702168921093,
    0.10626566950399596,
    0.10627224360097635,
    0.10604693146573531,
    0.10600956264245617,
    0.10592229671037949,
    0.10572767079816209,
    0.10588507850964864,
    0.10573813557490572
  ],
  "final_loss": 0.10573813557490572,
  "emb_mean": -0.008534515276551247,
  "emb_std": 0.36060023307800293,
  "total_wall_seconds": 192.3802831172943,
  "enc_info": {
    "nums": [
      "Soil_pH",
      "Soil_Moisture",
      "Organic_Carbon",
      "Electrical_Conductivity",
      "Temperature_C",
      "Humidity",
      "Rainfall_mm",
      "Sunlight_Hours",
      "Wind_Speed_kmh",
      "Field_Area_hectare",
      "Previous_Irrigation_mm"
    ],
    "cats": [
      "Soil_Type",
      "Crop_Type",
      "Crop_Growth_Stage",
      "Season",
      "Irrigation_Type",
      "Water_Source",
      "Mulching_Used",
      "Region"
    ],
    "n_num": 11,
    "total_dim": 43,
    "cat_widths": {
      "Soil_Type": 4,
      "Crop_Type": 6,
      "Crop_Growth_Stage": 4,
      "Season": 3,
      "Irrigation_Type": 4,
      "Water_Source": 4,
      "Mulching_Used": 2,
      "Region": 5
    }
  }
}