{
  "configs": [
    {
      "config": "baseline_no_orig_targetstrat",
      "orig_weight": 0,
      "strat_by_score": false,
      "tuned_bal": 0.9730368669360977,
      "rec_Low": 0.995271912347905,
      "rec_Med": 0.9607276408141412,
      "rec_High": 0.9631110476462469,
      "bias": [
        -0.06755883676390251,
        0.6689466919465481,
        3.400768902044088
      ]
    },
    {
      "config": "orig_w20_targetstrat",
      "orig_weight": 20,
      "strat_by_score": false,
      "tuned_bal": 0.9727817816198142,
      "rec_Low": 0.9956882219524921,
      "rec_Med": 0.9593556806679103,
      "rec_High": 0.9633014422390405,
      "bias": [
        -0.06755883676390251,
        0.4689466919465479,
        3.400768902044088
      ]
    },
    {
      "config": "no_orig_scorestrat",
      "orig_weight": 0,
      "strat_by_score": true,
      "tuned_bal": 0.9727775635448687,
      "rec_Low": 0.9956314524609574,
      "rec_Med": 0.9602089729539808,
      "rec_High": 0.9624922652196678,
      "bias": [
        0.13244116323609767,
        0.6689466919465481,
        3.400768902044088
      ]
    },
    {
      "config": "orig_w20_scorestrat",
      "orig_weight": 20,
      "strat_by_score": true,
      "tuned_bal": 0.9724944469925547,
      "rec_Low": 0.9956071226788712,
      "rec_Med": 0.9592887557827283,
      "rec_High": 0.9625874625160645,
      "bias": [
        -0.1675588367639026,
        0.4689466919465479,
        3.400768902044088
      ]
    }
  ]
}