{
  "n_features": 36,
  "teacher_fixed_bias_ba": 0.9802863771805209,
  "meta_fixed_bias_ba": 0.9799219539456097,
  "meta_tuned_ba": 0.9801509245516903,
  "meta_tuned_bias": [
    0.9324411632360975,
    1.168946691946548,
    3.400768902044088
  ],
  "blend_sweep": {
    "0.000": 0.9802863771805209,
    "0.050": 0.980262981819806,
    "0.100": 0.9802561035684714,
    "0.150": 0.9802211333949762,
    "0.200": 0.9802293364132103,
    "0.250": 0.9802735398966624,
    "0.300": 0.9802462486472195,
    "0.350": 0.9802957735211512,
    "0.400": 0.980272737272654,
    "0.450": 0.9802732743989759,
    "0.500": 0.9802664270764222,
    "0.550": 0.9802909042483616,
    "0.600": 0.9802922211521511
  },
  "peak_alpha": "0.350",
  "peak_blend_ba": 0.9802957735211512,
  "delta_vs_teacher": 9.396340630241085e-06,
  "smoke": false,
  "wall_seconds": 162.4
}