{
  "config": {
    "target": "true",
    "smoke": false,
    "n_folds": 5,
    "n_features": 424,
    "seed": 42
  },
  "fold_scores": [
    0.9752715984654935,
    0.976639358744337,
    0.9773513178231014,
    0.9750231965705848,
    0.9751497742311983
  ],
  "overall_argmax": 0.9758870896567872,
  "tuned_bal": 0.9795028693890352,
  "tuned_bias": [
    1.4324411632360974,
    1.3689466919465483,
    3.2007689020440884
  ]
}