{
  "seed": 42,
  "n_folds": 5,
  "class_priors": [
    0.5871698412698413,
    0.3794825396825397,
    0.03334761904761905
  ],
  "log_bias": [
    0.8324411632360974,
    0.8689466919465483,
    3.400768902044088
  ],
  "argmax_bal_acc": 0.9592463225596878,
  "reweight_bal_acc": 0.9633387199047027,
  "tuned_bal_acc": 0.9633941619352577,
  "cells_used_in_train": 128
}