{
  "seed": 42,
  "n_folds": 5,
  "n_features_total": 89,
  "class_priors": [
    0.5871698412698413,
    0.3794825396825397,
    0.03334761904761905
  ],
  "log_bias": [
    3.9324411632360983,
    2.5689466919465485,
    3.400768902044088
  ],
  "argmax_bal_acc": 0.9651012127899475,
  "reweight_bal_acc": 0.9333663601897823,
  "tuned_bal_acc": 0.9667591179680638
}