{
  "seed": 42,
  "n_folds": 5,
  "n_features_total": 89,
  "class_priors": [
    0.5871698412698413,
    0.3794825396825397,
    0.03334761904761905
  ],
  "log_bias": [
    1.7324411632360976,
    0.7689466919465482,
    3.6007689020440883
  ],
  "argmax_bal_acc": 0.960786665125589,
  "reweight_bal_acc": 0.9658760694625861,
  "tuned_bal_acc": 0.9663099971865381
}