{
  "smoke": true,
  "fold": 0,
  "n_val": 4000,
  "n_train_full": 16000,
  "results": [
    {
      "frac": 0.5,
      "n_train": 8000,
      "best_iter": 179,
      "argmax_bal": 0.9630884226652788,
      "tuned_bal": 0.9650758494730218,
      "bias": [
        2.731028331083511,
        2.3708789221585587,
        3.003700511880274
      ],
      "wall_seconds": 8.922874927520752
    },
    {
      "frac": 1.0,
      "n_train": 16000,
      "best_iter": 251,
      "argmax_bal": 0.9684627844458568,
      "tuned_bal": 0.9708333078481538,
      "bias": [
        1.3310283310835105,
        1.9708789221585583,
        3.3037005118802742
      ],
      "wall_seconds": 15.961788654327393
    }
  ],
  "elapsed_seconds": 30.73654079437256
}