{
  "smoke": false,
  "fold": 0,
  "n_val": 126000,
  "n_train_full": 504000,
  "results": [
    {
      "frac": 0.1,
      "n_train": 50400,
      "best_iter": 375,
      "argmax_bal": 0.9727183013834644,
      "tuned_bal": 0.9759451872389736,
      "bias": [
        1.3324533282011335,
        1.2689425091499724,
        3.300602320650845
      ],
      "wall_seconds": 223.52281951904297
    },
    {
      "frac": 0.2,
      "n_train": 100801,
      "best_iter": 420,
      "argmax_bal": 0.9732139000064074,
      "tuned_bal": 0.9772634326326628,
      "bias": [
        0.7324463530420379,
        1.0689524297356834,
        3.400612241236556
      ],
      "wall_seconds": 461.3185222148895
    }
  ],
  "elapsed_seconds": 762.1020963191986
}