{
  "fold_seed": 123,
  "xgb_seed": 42,
  "n_folds": 5,
  "routed_best_iters": [
    593,
    640,
    579,
    658,
    587
  ],
  "spec_best_iters": [
    408,
    393,
    405,
    419,
    395
  ],
  "nonrule_best_iters": [
    1133,
    1050,
    1212,
    1162,
    1072
  ],
  "routed_argmax_bal": 0.964201253221892,
  "nonrule_argmax_bal": 0.42996577256310625,
  "elapsed_sec": 638.936276435852
}