{
  "baseline_oof": 0.9808424406412425,
  "rows": [
    {
      "cand": "xgb_metastack",
      "a30_oof": 0.9808424406412425,
      "a30_d": 0.0,
      "a30_g1": false,
      "a30_g2": true,
      "a30_drec": [
        0.0,
        0.0,
        0.0
      ],
      "a30_to_high": 0,
      "a30_from_high": 0,
      "a30_net_high": 0,
      "a30_churn": 0,
      "a30_ratio": 0.0,
      "a30_g4": false,
      "a40_oof": 0.9808157769149136,
      "a40_d": -2.6663726328868265e-05,
      "a40_g1": false,
      "a40_g2": true,
      "a40_drec": [
        5e-06,
        0.000343,
        -0.000428
      ],
      "a40_to_high": 5,
      "a40_from_high": 43,
      "a40_net_high": -38,
      "a40_churn": 48,
      "a40_ratio": 0.7916666666666666,
      "a40_g4": true,
      "g3_dual_alpha": false,
      "all4_pass_a30": false
    },
    {
      "cand": "xgb_metastack_bag3",
      "a30_oof": 0.9807891074958953,
      "a30_d": -5.333314534716749e-05,
      "a30_g1": false,
      "a30_g2": true,
      "a30_drec": [
        3e-06,
        7.5e-05,
        -0.000238
      ],
      "a30_to_high": 15,
      "a30_from_high": 19,
      "a30_net_high": -4,
      "a30_churn": 34,
      "a30_ratio": 0.11764705882352941,
      "a30_g4": false,
      "a40_oof": 0.980836727039344,
      "a40_d": -5.713601898493792e-06,
      "a40_g1": false,
      "a40_g2": true,
      "a40_drec": [
        8e-06,
        0.000356,
        -0.000381
      ],
      "a40_to_high": 13,
      "a40_from_high": 43,
      "a40_net_high": -30,
      "a40_churn": 56,
      "a40_ratio": 0.5357142857142857,
      "a40_g4": true,
      "g3_dual_alpha": false,
      "all4_pass_a30": false
    },
    {
      "cand": "xgb_metastack_classw",
      "a30_oof": 0.981068642701719,
      "a30_d": 0.00022620206047652136,
      "a30_g1": false,
      "a30_g2": true,
      "a30_drec": [
        3.2e-05,
        0.000837,
        -0.00019
      ],
      "a30_to_high": 35,
      "a30_from_high": 120,
      "a30_net_high": -85,
      "a30_churn": 155,
      "a30_ratio": 0.5483870967741935,
      "a30_g4": true,
      "a40_oof": 0.9811184362910765,
      "a40_d": 0.0002759956498340488,
      "a40_g1": false,
      "a40_g2": true,
      "a40_drec": [
        4.6e-05,
        0.001163,
        -0.000381
      ],
      "a40_to_high": 45,
      "a40_from_high": 165,
      "a40_net_high": -120,
      "a40_churn": 210,
      "a40_ratio": 0.5714285714285714,
      "a40_g4": true,
      "g3_dual_alpha": false,
      "all4_pass_a30": false
    },
    {
      "cand": "xgb_metastack_j2bag",
      "a30_oof": 0.9807481392788558,
      "a30_d": -9.430136238663955e-05,
      "a30_g1": false,
      "a30_g2": true,
      "a30_drec": [
        3.5e-05,
        6.3e-05,
        -0.000381
      ],
      "a30_to_high": 34,
      "a30_from_high": 31,
      "a30_net_high": 3,
      "a30_churn": 65,
      "a30_ratio": 0.046153846153846156,
      "a30_g4": false,
      "a40_oof": 0.980856063309858,
      "a40_d": 1.3622668615487221e-05,
      "a40_g1": false,
      "a40_g2": true,
      "a40_drec": [
        3.8e-05,
        0.000289,
        -0.000286
      ],
      "a40_to_high": 26,
      "a40_from_high": 46,
      "a40_net_high": -20,
      "a40_churn": 72,
      "a40_ratio": 0.2777777777777778,
      "a40_g4": false,
      "g3_dual_alpha": false,
      "all4_pass_a30": false
    },
    {
      "cand": "xgb_metastack_n5b_both",
      "a30_oof": 0.9810409975090885,
      "a30_d": 0.00019855686784597815,
      "a30_g1": false,
      "a30_g2": true,
      "a30_drec": [
        0.000105,
        0.000966,
        -0.000476
      ],
      "a30_to_high": 30,
      "a30_from_high": 96,
      "a30_net_high": -66,
      "a30_churn": 126,
      "a30_ratio": 0.5238095238095238,
      "a30_g4": true,
      "a40_oof": 0.9811181702697306,
      "a40_d": 0.00027572962848809723,
      "a40_g1": false,
      "a40_g2": false,
      "a40_drec": [
        0.000135,
        0.001263,
        -0.000571
      ],
      "a40_to_high": 31,
      "a40_from_high": 125,
      "a40_net_high": -94,
      "a40_churn": 156,
      "a40_ratio": 0.6025641025641025,
      "a40_g4": true,
      "g3_dual_alpha": false,
      "all4_pass_a30": false
    },
    {
      "cand": "xgb_metastack_narrow",
      "a30_oof": 0.9803173917410771,
      "a30_d": -0.0005250489001653591,
      "a30_g1": false,
      "a30_g2": false,
      "a30_drec": [
        4.6e-05,
        0.00033,
        -0.001952
      ],
      "a30_to_high": 34,
      "a30_from_high": 72,
      "a30_net_high": -38,
      "a30_churn": 106,
      "a30_ratio": 0.3584905660377358,
      "a30_g4": false,
      "a40_oof": 0.9801539713805386,
      "a40_d": -0.0006884692607038723,
      "a40_g1": false,
      "a40_g2": false,
      "a40_drec": [
        1.4e-05,
        0.000682,
        -0.002761
      ],
      "a40_to_high": 26,
      "a40_from_high": 114,
      "a40_net_high": -88,
      "a40_churn": 140,
      "a40_ratio": 0.6285714285714286,
      "a40_g4": true,
      "g3_dual_alpha": false,
      "all4_pass_a30": false
    },
    {
      "cand": "xgb_metastack_v2",
      "a30_oof": 0.9806891307998414,
      "a30_d": -0.0001533098414010503,
      "a30_g1": false,
      "a30_g2": false,
      "a30_drec": [
        5.9e-05,
        4e-06,
        -0.000524
      ],
      "a30_to_high": 10,
      "a30_from_high": 16,
      "a30_net_high": -6,
      "a30_churn": 26,
      "a30_ratio": 0.23076923076923078,
      "a30_g4": false,
      "a40_oof": 0.9806880801365278,
      "a40_d": -0.0001543605047147345,
      "a40_g1": false,
      "a40_g2": false,
      "a40_drec": [
        7.8e-05,
        0.000268,
        -0.000809
      ],
      "a40_to_high": 8,
      "a40_from_high": 42,
      "a40_net_high": -34,
      "a40_churn": 50,
      "a40_ratio": 0.68,
      "a40_g4": true,
      "g3_dual_alpha": false,
      "all4_pass_a30": false
    },
    {
      "cand": "xgb_metastack_v3",
      "a30_oof": 0.9807581057112795,
      "a30_d": -8.433492996295922e-05,
      "a30_g1": false,
      "a30_g2": true,
      "a30_drec": [
        2.2e-05,
        5.9e-05,
        -0.000333
      ],
      "a30_to_high": 15,
      "a30_from_high": 30,
      "a30_net_high": -15,
      "a30_churn": 45,
      "a30_ratio": 0.3333333333333333,
      "a30_g4": false,
      "a40_oof": 0.9807441839221168,
      "a40_d": -9.825671912566669e-05,
      "a40_g1": false,
      "a40_g2": false,
      "a40_drec": [
        2.7e-05,
        0.000297,
        -0.000619
      ],
      "a40_to_high": 13,
      "a40_from_high": 56,
      "a40_net_high": -43,
      "a40_churn": 69,
      "a40_ratio": 0.6231884057971014,
      "a40_g4": true,
      "g3_dual_alpha": false,
      "all4_pass_a30": false
    },
    {
      "cand": "xgb_metastack_v4",
      "a30_oof": 0.9810813072742333,
      "a30_d": 0.00023886663299077515,
      "a30_g1": false,
      "a30_g2": true,
      "a30_drec": [
        5.9e-05,
        0.000895,
        -0.000238
      ],
      "a30_to_high": 27,
      "a30_from_high": 109,
      "a30_net_high": -82,
      "a30_churn": 136,
      "a30_ratio": 0.6029411764705882,
      "a30_g4": true,
      "a40_oof": 0.9811801659758522,
      "a40_d": 0.00033772533460973975,
      "a40_g1": true,
      "a40_g2": true,
      "a40_drec": [
        7.8e-05,
        0.001125,
        -0.00019
      ],
      "a40_to_high": 19,
      "a40_from_high": 142,
      "a40_net_high": -123,
      "a40_churn": 161,
      "a40_ratio": 0.7639751552795031,
      "a40_g4": true,
      "g3_dual_alpha": false,
      "all4_pass_a30": false
    },
    {
      "cand": "xgb_metastack_v5",
      "a30_oof": 0.9807123092691615,
      "a30_d": -0.00013013137208095493,
      "a30_g1": false,
      "a30_g2": true,
      "a30_drec": [
        2.7e-05,
        5.9e-05,
        -0.000476
      ],
      "a30_to_high": 25,
      "a30_from_high": 36,
      "a30_net_high": -11,
      "a30_churn": 61,
      "a30_ratio": 0.18032786885245902,
      "a30_g4": false,
      "a40_oof": 0.980807320907474,