{
  "seed": 42,
  "n_folds": 5,
  "class_priors": [
    0.5871698412698413,
    0.3794825396825397,
    0.03334761904761905
  ],
  "rule_argmax_bal": 0.9609734412171452,
  "direction_argmax_bal": 0.9634913580443379,
  "direction_tuned_bal": 0.9727126135013285,
  "direction_tuned_bias": [
    0.03244116323609758,
    0.6689466919465481,
    3.400768902044088
  ],
  "direction_on_flipped_rows_bal": 0.12016392710478148,
  "direction_on_flipped_rows_raw": 0.15110636645962733,
  "gated_argmax_bal": 0.9631268430124562,
  "gated_tuned_bal": 0.9724906838147788,
  "gated_tuned_bias": [
    -0.6675588367639026,
    0.1689466919465481,
    3.400768902044088
  ]
}