{
  "anchor_bias": [
    -0.2675588367639027,
    0.4689466919465479,
    3.400768902044088
  ],
  "standalone_at_fixed_bias": {
    "digit_xgb": 0.9744913502771055,
    "digits_ote": 0.9741547156641492,
    "digits_pairs": 0.9737460506196074,
    "digits_light_ote": 0.9736230054040442,
    "cat_ote": 0.9735507496942942,
    "cat_ote_light": 0.9738147218505276,
    "lgbm_digit": 0.9734751785078347,
    "lgbm_digit_ote": 0.9732934928262867,
    "extratrees": 0.9302305653229556,
    "xgb_nonrule": 0.5461265416846647,
    "xgb_vanilla_dist": 0.973005841028875,
    "xgb_routed_v3": 0.9731557732976407,
    "hybrid_lgbmxgb": 0.9735002056094891,
    "xgb_corn": 0.9732983649447217,
    "lgbm_te_orig": 0.9725135976903844,
    "tabpfn": 0.9559542804945389,
    "greedy_blend": 0.9734862597927368
  },
  "lb_best_2way_oof": 0.9747689882346862,
  "greedy": {
    "components": [
      "digit_xgb",
      "xgb_nonrule",
      "lgbm_digit_ote"
    ],
    "weights_log_space": [
      0.68,
      0.17,
      0.15
    ],
    "oof_fixed_bias": 0.9754079343536194,
    "oof_tuned_bias_diagnostic": 0.9754079343536194,
    "delta_vs_lb_best": 0.0006389461189332257,
    "error_count": 12066,
    "jaccard_vs_lb_best": 0.8772727272727273
  },
  "action": "submission_ready"
}