{
  "anchors": {
    "recipe_full_te": {
      "final_oof": 0.9804692814205563,
      "delta_vs_3way": 0.0001792814205563431,
      "chosen": [
        [
          "recipe_full_te_seed7",
          0.5,
          0.9801930175789559,
          0.0005279825710804431
        ],
        [
          "recipe_pseudolabel_seed7labeler",
          0.2,
          0.9803488268702232,
          0.0001558092912672393
        ],
        [
          "xgb_nonrule__iso",
          0.15,
          0.9804692814205563,
          0.00012045455033315999
        ]
      ],
      "realmlp_picked_at_step": null
    },
    "lb_best_3way": {
      "final_oof": 0.9806090685483349,
      "delta_vs_3way": 0.00031906854833485543,
      "chosen": [
        [
          "realmlp",
          0.2,
          0.9804738323726396,
          0.00018745519211871287
        ],
        [
          "xgb_nonrule__iso",
          0.075,
          0.9806090685483349,
          0.00013523617569521917
        ]
      ],
      "realmlp_picked_at_step": 1
    }
  },
  "realmlp_included": true,
  "elapsed_sec": 999.7287795543671
}