{
  "anchors": {
    "recipe_full_te": {
      "start_oof": 0.9796650350078755,
      "final_oof": 0.9804845529081802,
      "delta_vs_lb_best": -0.00012544709181983027,
      "chosen": [
        [
          "recipe_full_te_seed7",
          0.5,
          0.9801930175789559,
          0.0005279825710804431
        ],
        [
          "em_uniform__iso",
          0.25,
          0.9803165910200294,
          0.000123573441073499
        ],
        [
          "realmlp",
          0.1,
          0.9804845529081802,
          0.0001679618881507139
        ]
      ]
    },
    "lb_best_3way": {
      "start_oof": 0.9802863771805209,
      "final_oof": 0.9806090685483349,
      "delta_vs_lb_best": -9.31451665131533e-07,
      "chosen": [
        [
          "realmlp",
          0.2,
          0.9804738323726396,
          0.00018745519211871287
        ],
        [
          "xgb_nonrule__iso",
          0.075,
          0.9806090685483349,
          0.00013523617569521917
        ]
      ]
    },
    "lb_best_realmlp_stack": {
      "start_oof": 0.9805862619188431,
      "final_oof": 0.9805862619188431,
      "delta_vs_lb_best": -2.3738081156854385e-05,
      "chosen": []
    }
  },
  "elapsed_sec": 839.8966329097748,
  "lb_best_oof": 0.98061,
  "pool_size": 42
}