{
  "anchors": {
    "lb_best_3way": {
      "final_oof": 0.9806090685483349,
      "delta_vs_3way": 0.00031906854833485543,
      "delta_vs_3stack": -9.31451665131533e-07,
      "chosen": [
        [
          "realmlp",
          0.2,
          0.9804738323726396,
          0.00018745519211871287
        ],
        [
          "xgb_nonrule__iso",
          0.075,
          0.9806090685483349,
          0.00013523617569521917
        ]
      ]
    },
    "current_3stack_LB0.98008": {
      "final_oof": 0.9806090685483349,
      "delta_vs_3way": 0.00031906854833485543,
      "delta_vs_3stack": -9.31451665131533e-07,
      "chosen": []
    }
  },
  "elapsed_sec": 867.3796861171722
}