{
  "smoke": true,
  "seeds": [
    42
  ],
  "fold_seed": 42,
  "bank": [
    "rawashishsin_2600",
    "recipe_full_te_catboost_natural",
    "recipe_full_te_catboost",
    "recipe_full_te",
    "realmlp",
    "xgb_corn",
    "xgb_dist_digits"
  ],
  "per_seed": {
    "42": {
      "argmax": 0.9727667689201193,
      "tuned": 0.9804240967270023,
      "bias": [
        0.4324411632360975,
        0.9689466919465479,
        3.6007689020440883
      ],
      "fold_scores": [
        0.9729957701910125,
        0.972537792862593
      ]
    }
  },
  "bag_argmax": 0.9727667689201193,
  "bag_tuned": 0.9804240967270023,
  "bag_bias": [
    0.4324411632360975,
    0.9689466919465479,
    3.6007689020440883
  ],
  "bag_pcr": [
    0.9944392931387311,
    0.9672528171193856,
    0.9795801799228901
  ],
  "v1_argmax": 0.9728269599452101,
  "v1_tuned": 0.980628290879414,
  "v1_bias": [
    0.4324411632360975,
    0.8689466919465483,
    3.2007689020440884
  ],
  "bag_vs_v1_test_diff": 89,
  "delta_tuned_vs_v1": -0.00020419415241179628
}