{
  "smoke": false,
  "seeds": [
    42,
    7,
    123
  ],
  "fold_seed": 42,
  "bank": [
    "rawashishsin_2600",
    "recipe_full_te_catboost_natural",
    "recipe_full_te_catboost",
    "recipe_full_te",
    "realmlp",
    "xgb_corn",
    "xgb_dist_digits"
  ],
  "per_seed": {
    "42": {
      "argmax": 0.9728269599452101,
      "tuned": 0.980628290879414,
      "bias": [
        0.4324411632360975,
        0.8689466919465483,
        3.2007689020440884
      ],
      "fold_scores": [
        0.9723591718444912,
        0.9726509659932189,
        0.973881915261121,
        0.9723232428946655,
        0.9729193477858556
      ]
    },
    "7": {
      "argmax": 0.9729331461026436,
      "tuned": 0.9805891395473562,
      "bias": [
        0.5324411632360971,
        0.9689466919465479,
        3.400768902044088
      ],
      "fold_scores": [
        0.9726810620728159,
        0.9727118449013202,
        0.9737890713379803,
        0.9723636341017396,
        0.9731200073605103
      ]
    },
    "123": {
      "argmax": 0.972831586785984,
      "tuned": 0.9806207145561049,
      "bias": [
        0.5324411632360971,
        0.9689466919465479,
        3.400768902044088
      ],
      "fold_scores": [
        0.9723183353207566,
        0.9724738629879455,
        0.9739432204073357,
        0.9725427766423854,
        0.9728795596736498
      ]
    }
  },
  "bag_argmax": 0.972847130292173,
  "bag_tuned": 0.9805836881400047,
  "bag_bias": [
    0.4324411632360975,
    0.8689466919465483,
    3.400768902044088
  ],
  "bag_pcr": [
    0.9946555578683867,
    0.9674201293323406,
    0.979675377219287
  ],
  "v1_argmax": 0.9728269599452101,
  "v1_tuned": 0.980628290879414,
  "v1_bias": [
    0.4324411632360975,
    0.8689466919465483,
    3.2007689020440884
  ],
  "bag_vs_v1_test_diff": 13,
  "delta_tuned_vs_v1": -4.460273940931625e-05
}