{
  "smoke": true,
  "seed": 42,
  "bank": [
    "rawashishsin_2600",
    "recipe_full_te_catboost_natural",
    "recipe_full_te_catboost",
    "recipe_full_te",
    "realmlp",
    "xgb_corn",
    "xgb_dist_digits"
  ],
  "n_estimators": 100,
  "max_depth": 8,
  "fold_scores": [
    0.9720780912350376,
    0.971545153705395
  ],
  "argmax": 0.9718116112956511,
  "tuned": 0.9801385929787836,
  "bias": [
    0.03244116323609758,
    0.8689466919465483,
    3.400768902044088
  ],
  "pcr": [
    0.994617711540697,
    0.9680266361043024,
    0.9777714312913514
  ],
  "v1_tuned": 0.980628290879414,
  "v1_bias": [
    0.4324411632360975,
    0.8689466919465483,
    3.2007689020440884
  ],
  "et_at_v1bias": 0.9799570432646396,
  "test_diff_vs_v1": 327
}