{
  "smoke": false,
  "seed": 42,
  "bank": [
    "rawashishsin_2600",
    "recipe_full_te_catboost_natural",
    "recipe_full_te_catboost",
    "recipe_full_te",
    "realmlp",
    "xgb_corn",
    "xgb_dist_digits"
  ],
  "n_estimators": 500,
  "max_depth": 12,
  "fold_scores": [
    0.9723953202770436,
    0.9728642881047392,
    0.9735895276820824,
    0.972059076304245,
    0.9727895172604258
  ],
  "argmax": 0.9727395723229094,
  "tuned": 0.980289517870483,
  "bias": [
    0.3324411632360974,
    0.9689466919465479,
    3.6007689020440883
  ],
  "pcr": [
    0.9946204148498177,
    0.9661443737085589,
    0.9801037650530725
  ],
  "v1_tuned": 0.980628290879414,
  "v1_bias": [
    0.4324411632360975,
    0.8689466919465483,
    3.2007689020440884
  ],
  "et_at_v1bias": 0.9801976061514986,
  "test_diff_vs_v1": 227
}