{
  "variant": "S2",
  "smoke": false,
  "bank": [
    "rawashishsin_2600",
    "recipe_full_te_catboost_natural",
    "recipe_full_te_catboost",
    "recipe_full_te",
    "realmlp",
    "xgb_corn",
    "recipe_full_te_lgbm_skte"
  ],
  "fold_scores": [
    0.9721980136352749,
    0.9726558979535898,
    0.9741318000345144,
    0.9721416345805336,
    0.9732532424907253
  ],
  "argmax": 0.9728761594151845,
  "tuned": 0.9805447820677724,
  "bias": [
    0.5324411632360976,
    0.8689466919465483,
    3.400768902044088
  ],
  "pcr": [
    0.9949204821622147,
    0.9669432895254189,
    0.9797705745156837
  ],
  "v1_tuned": 0.980628290879414,
  "delta_tuned_vs_v1": -8.350881164165269e-05,
  "test_diff_vs_v1": 277
}