{
  "best": {
    "w_v1": 0.85,
    "w_s1": 0.0,
    "w_s2": 0.05,
    "w_hg": 0.1,
    "d": 8.06610162602528e-05,
    "bal": 0.9807089518956743,
    "pcr": [
      0.9946582611775074,
      0.9696495645699658,
      0.9778190299395497
    ],
    "diff": 55,
    "net_h": -13,
    "churn": 39,
    "ratio": 0.3333333333333333,
    "g1": false,
    "g2": true,
    "g4": false,
    "pcr_d": [
      1.3516545603553531e-05,
      0.00027606515137568177,
      -4.75986481983659e-05
    ]
  },
  "all_passes_top20": [
    {
      "w_v1": 0.85,
      "w_s1": 0.0,
      "w_s2": 0.05,
      "w_hg": 0.1,
      "d": 8.06610162602528e-05,
      "bal": 0.9807089518956743,
      "pcr": [
        0.9946582611775074,
        0.9696495645699658,
        0.9778190299395497
      ],
      "diff": 55,
      "net_h": -13,
      "churn": 39,
      "ratio": 0.3333333333333333,
      "g1": false,
      "g2": true,
      "g4": false,
      "pcr_d": [
        1.3516545603553531e-05,
        0.00027606515137568177,
        -4.75986481983659e-05
      ]
    },
    {
      "w_v1": 0.7499999999999999,
      "w_s1": 0.05,
      "w_s2": 0.15,
      "w_hg": 0.05,
      "d": 6.257162433431773e-05,
      "bal": 0.9806908625037484,
      "pcr": [
        0.9946609644866281,
        0.9695449944368689,
        0.9778666285877481
      ],
      "diff": 38,
      "net_h": -12,
      "churn": 26,
      "ratio": 0.46153846153846156,
      "g1": false,
      "g2": true,
      "g4": false,
      "pcr_d": [
        1.621985472421983e-05,
        0.0001714950182788444,
        0.0
      ]
    },
    {
      "w_v1": 0.85,
      "w_s1": 0.05,
      "w_s2": 0.0,
      "w_hg": 0.1,
      "d": 6.0898606936587996e-05,
      "bal": 0.9806891894863506,
      "pcr": [
        0.9946690744139902,
        0.969674661401909,
        0.9777238326431529
      ],
      "diff": 62,
      "net_h": -10,
      "churn": 44,
      "ratio": 0.22727272727272727,
      "g1": false,
      "g2": true,
      "g4": false,
      "pcr_d": [
        2.4329782086329743e-05,
        0.00030116198331897603,
        -0.00014279594459520872
      ]
    },
    {
      "w_v1": 0.8499999999999999,
      "w_s1": 0.05,
      "w_s2": 0.05,
      "w_hg": 0.05,
      "d": 5.588689419433468e-05,
      "bal": 0.9806841777736084,
      "pcr": [
        0.9946717777231109,
        0.9695617256581645,
        0.9778190299395497
      ],
      "diff": 36,
      "net_h": -14,
      "churn": 24,
      "ratio": 0.5833333333333334,
      "g1": false,
      "g2": true,
      "g4": false,
      "pcr_d": [
        2.703309120699604e-05,
        0.0001882262395743739,
        -4.75986481983659e-05
      ]
    },
    {
      "w_v1": 0.65,
      "w_s1": 0.1,
      "w_s2": 0.15,
      "w_hg": 0.1,
      "d": 5.421387679649392e-05,
      "bal": 0.9806825047562105,
      "pcr": [
        0.994679887650473,
        0.9696913926232046,
        0.9776762339949545
      ],
      "diff": 68,
      "net_h": -21,
      "churn": 47,
      "ratio": 0.44680851063829785,
      "g1": false,
      "g2": true,
      "g4": false,
      "pcr_d": [
        3.5143018569105955e-05,
        0.00031789320461450554,
        -0.00019039459279357462
      ]
    },
    {
      "w_v1": 0.75,
      "w_s1": 0.0,
      "w_s2": 0.15,
      "w_hg": 0.1,
      "d": 5.302616169000629e-05,
      "bal": 0.9806813170411041,
      "pcr": [
        0.9946663711048694,
        0.9696537473752896,
        0.9777238326431529
      ],
      "diff": 58,
      "net_h": -13,
      "churn": 41,
      "ratio": 0.3170731707317073,
      "g1": false,
      "g2": true,
      "g4": false,
      "pcr_d": [
        2.1626472965552423e-05,
        0.00028024795669956415,
        -0.00014279594459520872
      ]
    },
    {
      "w_v1": 0.7499999999999999,
      "w_s1": 0.05,
      "w_s2": 0.05,
      "w_hg": 0.15,
      "d": 5.295396606819214e-05,
      "bal": 0.9806812448454822,
      "pcr": [
        0.9946609644866281,
        0.9697541347030626,
        0.9776286353467561
      ],
      "diff": 87,
      "net_h": -23,
      "churn": 63,
      "ratio": 0.36507936507936506,
      "g1": false,
      "g2": true,
      "g4": false,
      "pcr_d": [
        1.621985472421983e-05,
        0.00038063528447251915,
        -0.00023799324099194052
      ]
    },
    {
      "w_v1": 0.8,
      "w_s1": 0.0,
      "w_s2": 0.1,
      "w_hg": 0.1,
      "d": 5.171712101059711e-05,
      "bal": 0.9806800080004247,
      "pcr": [
        0.9946582611775074,
        0.9696579301806135,
        0.9777238326431529
      ],
      "diff": 59,
      "net_h": -12,
      "churn": 40,
      "ratio": 0.3,
      "g1": false,
      "g2": true,
      "g4": false,
      "pcr_d": [
        1.3516545603553531e-05,
        0.0002844307620234465,
        -0.00014279594459520872
      ]
    },
    {
      "w_v1": 0.9,
      "w_s1": 0.0,
      "w_s2": 0.0,
      "w_hg": 0.1,
      "d": 4.8435418726899826e-05,
      "bal": 0.980676726298141,
      "pcr": [
        0.9946609644866281,
        0.9696453817646419,
        0.9777238326431529
      ],
      "diff": 57,
      "net_h": -12,
      "churn": 40,
      "ratio": 0.3,
      "g1": false,
      "g2": true,
      "g4": false,
      "pcr_d": [
        1.621985472421983e-05,
        0.0002718823460517994,
        -0.00014279594459520872
      ]
    },
    {
      "w_v1": 0.7,
      "w_s1": 0.05,
      "w_s2": 0.1,
      "w_hg": 0.15,
      "d": 4.455225760957582e-05,
      "bal": 0.9806728431370236,
      "pcr": [
        0.9946582611775074,
        0.9697792315350059,
        0.9775810366985578
      ],
      "diff": 86,
      "net_h": -20,
      "churn": 62,
      "ratio": 0.3225806451612903,
      "g1": false,
      "g2": true,
      "g4": false,
      "pcr_d": [
        1.3516545603553531e-05,
        0.0004057321164158134,
        -0.0002855918891903064
      ]
    },
    {
      "w_v1": 0.6499999999999999,
      "w_s1": 0.05,
      "w_s2": 0.15,
      "w_hg": 0.15,
      "d": 3.9961514646469354e-05,
      "bal": 0.9806682523940605,
      "pcr": [
        0.994652854559266,
        0.9697708659243581,
        0.9775810366985578
      ],
      "diff": 87,
      "net_h": -24,
      "churn": 62,
      "ratio": 0.3870967741935484,
      "g1": false,
      "g2": true,
      "g4": false,
      "pcr_d": [
        8.109927362109914e-06,
        0.00039736650576804866,
        -0.0002855918891903064
      ]
    },
    {
      "w_v1": 0.7999999999999999,
      "w_s1": 0.05,
      "w_s2": 0.05,
      "w_hg": 0.1,
      "d": 3.7939723091295896e-05,
      "bal": 0.9806662306025054,
      "pcr": [
        0.9946744810322315,
        0.9696955754285284,
        0.9776286353467561
      ],
      "diff": 60,
      "net_h": -15,
      "churn": 43,
      "ratio": 0.3488372093023256,
      "g1": false,
      "g2": true,
      "g4": false,
      "pcr_d": [
        2.9736400327662338e-05,
        0.0003220760099382769,
        -0.00023799324099194052
      ]
    },
    {
      "w_v1": 0.7999999999999999,
      "w_s1": 0.05,
      "w_s2": 0.0,
      "w_hg": 0.15,
      "d": 3.7580915403179205e-05,
      "bal": 0.9806658717948172,
      "pcr": [
        0.9946582611775074,
        0.9697583175083865,
        0.9775810366985578
      ],
      "diff": 86,
      "net_h": -22,
      "churn": 64,
      "ratio": 0.34375,
      "g1": false,
      "g2": true,
      "g4": false,
      "pcr_d": [
        1.3516545603553531e-05,
        0.00038481808979640153,
        -0.0002855918891903064
      ]
    },
    {
      "w_v1": 0.8999999999999999,
      "w_s1": 0.05,
      "w_s2": 0.0,
      "w_hg": 0.05,
      "d": 3.673897584444141e-05,
      "bal": 0.9806650298552585,
      "pcr": [
        0.9946744810322315,
        0.9695491772421928,
        0.9777714312913514
      ],
      "diff": 30,
      "net_h": -8,
      "churn": 20,
      "ratio": 0.4,
      "g1": false,
      "g2": true,
      "g4": false,