{
  "smoke": false,
  "n_iter": 1000,
  "fold_scores": [
    0.972853697073741,
    0.9737702256413163,
    0.9743911218944402,
    0.9732171831902571,
    0.972640122650585
  ],
  "argmax": 0.9733745033221801,
  "tuned": 0.9802905119789953,
  "bias": [
    0.3324411632360974,
    0.6689466919465481,
    3.400768902044088
  ],
  "pcr": [
    0.9948637126706802,
    0.9667132352326058,
    0.9792945880336998
  ],
  "v1_tuned": 0.980628290879414,
  "delta_tuned_vs_v1": -0.00033777890041875036,
  "test_diff_vs_v1": 638
}