{
  "bias": [
    1.4324411632360974,
    1.468946691946548,
    3.400768902044088
  ],
  "oof_tuned_bal_acc_2way": 0.9801231679332877,
  "oof_tuned_bal_acc_3way": 0.9802863771805209,
  "oof_tuned_bal_acc_hedge": 0.9802024319870268,
  "test_argmax_disagree_2w_3w": 163,
  "test_argmax_disagree_hedge_2w": 88,
  "test_argmax_disagree_hedge_3w": 75,
  "components": {
    "2way_LB_0.97998": {
      "recipe_full_te": 0.5,
      "recipe_pseudolabel": 0.5
    },
    "3way_LB_0.98005": {
      "recipe_full_te": 0.25,
      "recipe_pseudolabel": 0.35,
      "recipe_pseudolabel_seed7labeler": 0.4
    },
    "hedge_weights": {
      "2way": 0.5,
      "3way": 0.5
    }
  }
}