{
  "name": "dist_routed",
  "best_params": {
    "learning_rate": 0.027960187014152475,
    "max_depth": 4,
    "min_child_weight": 12,
    "subsample": 0.943250767548711,
    "colsample_bytree": 0.9212064842803369,
    "reg_alpha": 2.97945335423208,
    "reg_lambda": 7.336661760190139e-05,
    "gamma": 1.6081918152517835e-05
  },
  "best_value_reweight_bal_acc": 0.9705455450264658,
  "baseline_reweight_bal_acc": 0.9683610294460564,
  "delta_vs_baseline": 0.0021845155804094407,
  "accepted": true,
  "n_trials_complete": 80,
  "n_trials_pruned": 0,
  "best_trial_best_iter": 1891,
  "inner_train_rows": 113779,
  "inner_val_rows": 126000,
  "routed_scores": [
    0,
    1,
    2
  ],
  "val_routed_rows": 54311
}