{
  "name": "nonrule",
  "best_params": {
    "learning_rate": 0.0264751131386592,
    "max_depth": 4,
    "min_child_weight": 10,
    "subsample": 0.8652989159298502,
    "colsample_bytree": 0.6101899354787617,
    "reg_alpha": 5.377904319391334,
    "reg_lambda": 0.8576888695483517,
    "gamma": 0.1299407737974438
  },
  "best_value_reweight_bal_acc": 0.5646097591088798,
  "baseline_reweight_bal_acc": 0.55441801705777,
  "delta_vs_baseline": 0.010191742051109731,
  "accepted": true,
  "n_trials_complete": 59,
  "n_trials_pruned": 0,
  "best_trial_best_iter": 3999,
  "inner_train_rows": 200000,
  "inner_val_rows": 126000,
  "n_features": 13
}