{
  "name": "spec_678",
  "best_params": {
    "learning_rate": 0.07160636632400356,
    "max_depth": 4,
    "min_child_weight": 5,
    "subsample": 0.7847002992430252,
    "colsample_bytree": 0.9568610539152995,
    "reg_alpha": 1.8050369146739182e-08,
    "reg_lambda": 0.0007268713213528958,
    "gamma": 3.6974887559497323e-07
  },
  "best_value_reweight_bal_acc": 0.9514648577069403,
  "baseline_reweight_bal_acc": 0.949535561010497,
  "delta_vs_baseline": 0.0019292966964433722,
  "accepted": true,
  "n_trials_complete": 80,
  "n_trials_pruned": 0,
  "best_trial_best_iter": 974,
  "inner_train_rows": 44897,
  "inner_val_rows": 11225,
  "spec_scores": [
    6,
    7,
    8
  ],
  "spec_prior": [
    0.0,
    0.6870211325326966,
    0.31297886746730336
  ]
}