{
  "main_routed_v3_tuned": 0.9733220046612904,
  "hybrid_v3_tuned": 0.9735244463466319,
  "delta": 0.00020244168534155893,
  "log_bias": [
    -0.06755883676390251,
    0.568946691946548,
    3.400768902044088
  ],
  "spec_scores": [
    8,
    6,
    7
  ],
  "n_train_overridden": 56122,
  "n_test_overridden": 24324
}