{
  "main_routed_tuned": 0.9733308695682883,
  "hybrid_tuned": 0.9735159715289626,
  "delta": 0.0001851019606743387,
  "log_bias": [
    0.3324411632360974,
    0.6689466919465481,
    3.500768902044088
  ],
  "spec_scores": [
    6,
    7,
    8
  ],
  "n_train_overridden": 56122,
  "n_test_overridden": 24324
}