{
  "main_routed_tuned": 0.9733220046612904,
  "variants": {
    "baseline_main_only": {
      "tuned_bal_acc": 0.9733220046612904,
      "log_bias": [
        -0.06755883676390251,
        0.568946691946548,
        3.400768902044088
      ],
      "delta_vs_baseline": 0.0
    },
    "hybrid_spec_base": {
      "tuned_bal_acc": 0.9735244463466319,
      "log_bias": [
        -0.06755883676390251,
        0.568946691946548,
        3.400768902044088
      ],
      "delta_vs_baseline": 0.00020244168534155893
    },
    "hybrid_spec_aug_w1.0": {
      "tuned_bal_acc": 0.9732251565945947,
      "log_bias": [
        -0.06755883676390251,
        0.568946691946548,
        3.400768902044088
      ],
      "delta_vs_baseline": -9.684806669563173e-05
    },
    "hybrid_spec_aug_w0.3": {
      "tuned_bal_acc": 0.9732631259042354,
      "log_bias": [
        0.03244116323609758,
        0.6689466919465481,
        3.400768902044088
      ],
      "delta_vs_baseline": -5.887875705501422e-05
    }
  },
  "best_variant": "hybrid_spec_base",
  "best_tuned_bal_acc": 0.9735244463466319
}