{
  "study": "lgbm_200k",
  "sample": 200000,
  "n_trials_attempted": 60,
  "n_trials_completed": 47,
  "elapsed_s": 5441.2,
  "best_value": 0.9704690855563356,
  "best_params": {
    "learning_rate": 0.06419743968776612,
    "num_leaves": 46,
    "min_data_in_leaf": 105,
    "feature_fraction": 0.6416184151778903,
    "bagging_fraction": 0.7616578449262369,
    "bagging_freq": 1,
    "lambda_l1": 6.671066070283412e-05,
    "lambda_l2": 3.883149048683064e-05,
    "max_depth": 3,
    "min_gain_to_split": 0.23736775012483038
  },
  "best_fold_scores": [
    0.9717347562476276,
    0.9702011257437918,
    0.9683400469614973,
    0.9708489973544561,
    0.9712205014743049
  ],
  "baseline_bench_results": 0.97097
}