{
  "overall_auc": 0.5024650055702529,
  "fold_aucs": [
    0.5043977493386242,
    0.501916211346267,
    0.4990154839800117,
    0.50218710111699,
    0.5029178389917696
  ],
  "n_train": 630000,
  "n_test": 270000,
  "n_features": 34,
  "train_p_pct": [
    0.2781325876712799,
    0.2978726327419281,
    0.2998798191547394,
    0.30189353227615356,
    0.3235515058040619
  ],
  "weight_pct": [
    0.38529592752456665,
    0.4242430031299591,
    0.42832618951797485,
    0.43244630098342896,
    0.47830918431282043
  ],
  "smoke": false
}