{
  "overall_argmax_bal_acc": 0.964494223419392,
  "tuned_log_bias_bal_acc": 0.9660365139621622,
  "log_bias": [
    3.9324411632360974,
    2.468946691946548,
    3.400768902044088
  ],
  "fold_ba": [
    0.9632896932391928,
    0.964735156613559,
    0.9658387750976639,
    0.9646641764500973,
    0.9639429736000061
  ],
  "n_folds": 5,
  "folds_completed": 5,
  "seed": 42
}