{
  "k": 50,
  "argmax_bal": 0.9443297878708482,
  "tuned_bal": 0.9543601621264145,
  "tuned_bias": [
    1.3324411632360973,
    1.2689466919465482,
    2.7007689020440884
  ]
}