{
  "smoke": false,
  "n_folds": 5,
  "epochs": 30,
  "embed_dim": 32,
  "fold_argmax_bal": [
    0.9655167507902873,
    0.967086993316635,
    0.9696043151658076,
    0.9671641462341922,
    0.9674040346121561
  ],
  "argmax_bal_acc": 0.9673553542803122
}