{
  "alphas": [
    0.01,
    0.025,
    0.05,
    0.1,
    0.2
  ],
  "q_alpha": {
    "0.01": 0.7141830921173096,
    "0.025": 0.19925320148468018,
    "0.05": 0.11380356550216675,
    "0.1": 0.07630866765975952,
    "0.2": 0.060294926166534424
  },
  "test_n_flips_4b": 108,
  "test_kept_by_alpha": {
    "0.01": 104,
    "0.025": 108,
    "0.05": 108,
    "0.1": 108,
    "0.2": 108
  },
  "test_p_old_mean": 0.156194806098938,
  "test_p_new_mean": 0.8057334423065186,
  "oof_validation": {
    "baseline_prec": 0.6819953234606392,
    "baseline_n": 1283,
    "by_alpha": {
      "0.01": {
        "kept": 425,
        "precision": 0.8635294117647059,
        "delta_vs_baseline": 0.1815340883040667,
        "per_direction_precision": {
          "M->L": [
            36,
            0.7777777777777778
          ],
          "H->M": [
            385,
            0.8727272727272727
          ]
        }
      },
      "0.025": {
        "kept": 1283,
        "precision": 0.6819953234606392,
        "delta_vs_baseline": 0.0,
        "per_direction_precision": {
          "L->M": [
            51,
            0.47058823529411764
          ],
          "M->L": [
            435,
            0.5793103448275863
          ],
          "M->H": [
            21,
            0.38095238095238093
          ],
          "H->M": [
            776,
            0.7615979381443299
          ]
        }
      },
      "0.05": {
        "kept": 1283,
        "precision": 0.6819953234606392,
        "delta_vs_baseline": 0.0,
        "per_direction_precision": {
          "L->M": [
            51,
            0.47058823529411764
          ],
          "M->L": [
            435,
            0.5793103448275863
          ],
          "M->H": [
            21,
            0.38095238095238093
          ],
          "H->M": [
            776,
            0.7615979381443299
          ]
        }
      },
      "0.1": {
        "kept": 1283,
        "precision": 0.6819953234606392,
        "delta_vs_baseline": 0.0,
        "per_direction_precision": {
          "L->M": [
            51,
            0.47058823529411764
          ],
          "M->L": [
            435,
            0.5793103448275863
          ],
          "M->H": [
            21,
            0.38095238095238093
          ],
          "H->M": [
            776,
            0.7615979381443299
          ]
        }
      },
      "0.2": {
        "kept": 1283,
        "precision": 0.6819953234606392,
        "delta_vs_baseline": 0.0,
        "per_direction_precision": {
          "L->M": [
            51,
            0.47058823529411764
          ],
          "M->L": [
            435,
            0.5793103448275863
          ],
          "M->H": [
            21,
            0.38095238095238093
          ],
          "H->M": [
            776,
            0.7615979381443299
          ]
        }
      }
    }
  },
  "candidates": {}
}