{
  "smoke": true,
  "n_folds": 2,
  "base_n_est": 80,
  "n_trees": 240,
  "n_features_base": 443,
  "n_features_meta": 720,
  "base_argmax": 0.9624043565625294,
  "base_tuned": 0.9633829870739007,
  "meta_argmax": 0.9603710496682522,
  "meta_tuned": 0.964443650731408,
  "base_bias": [
    0.6309433006850921,
    1.3710109440743883,
    2.103700511880274
  ],
  "meta_bias": [
    0.23094330068509206,
    -0.12898905592561194,
    3.403700511880274
  ],
  "wall_s": 28.310039520263672
}