{
  "smoke": false,
  "n_folds": 5,
  "base_n_est": 80,
  "n_trees": 240,
  "n_features_base": 443,
  "n_features_meta": 720,
  "base_argmax": 0.9767827320055013,
  "base_tuned": 0.977289793980754,
  "meta_argmax": 0.976742970942092,
  "meta_tuned": 0.9781152077041725,
  "base_bias": [
    1.8324411632360968,
    2.2689466919465477,
    2.500768902044088
  ],
  "meta_bias": [
    1.8324411632360973,
    1.7689466919465482,
    3.2007689020440884
  ],
  "wall_s": 879.3927829265594
}