{
  "smoke": false,
  "n_folds": 5,
  "base_n_est": 50,
  "n_trees": 150,
  "base_argmax": 0.9490808021613425,
  "base_tuned": 0.9639502749609044,
  "meta_argmax": 0.9594598266906064,
  "meta_tuned": 0.9656374173877443,
  "base_bias": [
    0.4324411632360975,
    1.168946691946548,
    3.000768902044088
  ],
  "meta_bias": [
    0.7324411632360973,
    1.168946691946548,
    3.400768902044088
  ],
  "wall_s": 580.649094581604
}