{
  "smoke": true,
  "n_folds": 2,
  "base_n_est": 50,
  "n_trees": 150,
  "base_argmax": 0.9318907114926133,
  "base_tuned": 0.951506383695795,
  "meta_argmax": 0.946638071592851,
  "meta_tuned": 0.9590283659183644,
  "base_bias": [
    1.330943300685092,
    1.071010944074388,
    2.2037005118802737
  ],
  "meta_bias": [
    0.4309433006850919,
    0.7710109440743882,
    2.703700511880274
  ],
  "wall_s": 55.33049392700195
}