{
  "seed": 42,
  "n_folds": 5,
  "q": 0.7,
  "n_features": 34,
  "log_bias": [
    3.3324411632360977,
    3.2689466919465486,
    3.400768902044088
  ],
  "argmax_bal_acc": 0.9592810533093937,
  "reweight_bal_acc": 0.3333333333333333,
  "tuned_bal_acc": 0.9649985341366215
}