{
  "seed": 42,
  "n_folds": 5,
  "n_features_total": 227,
  "n_ote_keys": 46,
  "ote_n_shuffles": 8,
  "ote_alpha": 10.0,
  "class_priors": [
    0.5871698412698413,
    0.3794825396825397,
    0.03334761904761905
  ],
  "log_bias": [
    0.03244116323609714,
    0.4689466919465479,
    3.400768902044088
  ],
  "argmax_bal_acc": 0.9644016348378299,
  "reweight_bal_acc": 0.9722890898388671,
  "tuned_bal_acc": 0.9733013230911034,
  "best_iters": [
    171,
    157,
    164,
    153,
    195
  ]
}