{
  "smoke": false,
  "n_folds": 5,
  "n_estimators": 500,
  "seed": 42,
  "bank": [
    "rawashishsin_2600",
    "recipe_full_te_catboost_natural",
    "recipe_full_te_catboost",
    "recipe_full_te",
    "realmlp",
    "xgb_corn",
    "xgb_dist_digits"
  ],
  "bank_loaded": [
    "rawashishsin_2600",
    "realmlp",
    "recipe_full_te",
    "recipe_full_te_catboost",
    "recipe_full_te_catboost_natural",
    "xgb_corn",
    "xgb_dist_digits"
  ],
  "feature_count": 35,
  "lgb_params": {
    "objective": "multiclass",
    "num_class": 3,
    "boosting_type": "gbdt",
    "learning_rate": 0.05,
    "num_leaves": 31,
    "min_data_in_leaf": 100,
    "feature_fraction": 1.0,
    "bagging_fraction": 0.8,
    "bagging_freq": 5,
    "lambda_l1": 0.0,
    "lambda_l2": 0.0,
    "verbose": -1,
    "seed": 42,
    "n_jobs": -1
  },
  "fold_scores": [
    0.9728709579144343,
    0.9737566162952628,
    0.974201105596055,
    0.9732474623834338,
    0.9733614657111666
  ],
  "best_iters": [
    165,
    147,
    148,
    186,
    141
  ],
  "overall_argmax": 0.9734875625619179,
  "tuned_log_bias": 0.9805443494177015,
  "log_bias": [
    0.5324411632360976,
    0.8689466919465483,
    3.400768902044088
  ],
  "bias_H": 3.400768902044088,
  "drift": [
    4.440892098500626e-16,
    -0.09999999999999964,
    0.0
  ],
  "max_abs_drift": 0.09999999999999964,
  "per_class_recall": [
    0.9949285920895768,
    0.9682190451492007,
    0.9784854110143272
  ],
  "errs": 9926
}