{
  "seed": 42,
  "n_folds": 5,
  "n_cat_cols": 96,
  "n_num_cols": 11,
  "n_te_cols": 288,
  "total_cols_fed_to_lgbm": 299,
  "best_iters": [
    121,
    121,
    134,
    130,
    113
  ],
  "argmax_bal": 0.9689104056138755,
  "tuned_bal": 0.9719453171777976,
  "fold_bals": [
    0.968657048218501,
    0.9687580810860424,
    0.9696244558537601,
    0.9686377100450593,
    0.9688746244461229
  ],
  "fold_std": 0.0003668524606750177,
  "log_bias": [
    2.232441163236097,
    2.0689466919465485,
    3.2007689020440884
  ],
  "per_class_recall": [
    0.995617935915354,
    0.9608196625312665,
    0.9593983530867723
  ],
  "delta_vs_claim": -0.007484682822202382,
  "delta_vs_greedy_nonrule": -0.0022646828222023796
}