{
  "seed": 42,
  "n_folds": 5,
  "n_features": 89,
  "class_priors": [
    0.5871698412698413,
    0.3794825396825397,
    0.03334761904761905
  ],
  "log_bias": [
    -0.1675588367639026,
    0.4689466919465479,
    3.500768902044088
  ],
  "argmax_bal_acc": 0.9643896287172103,
  "reweight_bal_acc": 0.9728002712488509,
  "tuned_bal_acc": 0.9735012648787021,
  "best_iters": [
    229,
    188,
    228,
    227,
    223
  ]
}