{
  "smoke": false,
  "n_folds": 5,
  "n_estimators": 500,
  "seed": 42,
  "bank": [
    "rawashishsin_2600",
    "recipe_full_te_catboost_natural",
    "recipe_full_te_catboost",
    "recipe_full_te",
    "realmlp",
    "xgb_corn",
    "xgb_dist_digits"
  ],
  "bank_loaded": [
    "rawashishsin_2600",
    "realmlp",
    "recipe_full_te",
    "recipe_full_te_catboost",
    "recipe_full_te_catboost_natural",
    "xgb_corn",
    "xgb_dist_digits"
  ],
  "feature_count": 35,
  "lgb_params": {
    "objective": "multiclass",
    "num_class": 3,
    "boosting_type": "gbdt",
    "learning_rate": 0.05,
    "num_leaves": 31,
    "min_data_in_leaf": 100,
    "feature_fraction": 1.0,
    "bagging_fraction": 0.8,
    "bagging_freq": 5,
    "lambda_l1": 0.0,
    "lambda_l2": 0.0,
    "verbose": -1,
    "seed": 42,
    "n_jobs": -1
  },
  "fold_scores": [
    0.9754130894746694,
    0.9748031929651834,
    0.9765144575551443,
    0.9752109372454848,
    0.975131429399067
  ],
  "best_iters": [
    136,
    194,
    145,
    147,
    162
  ],
  "overall_argmax": 0.9754146321365331,
  "tuned_log_bias": 0.980344925069676,
  "log_bias": [
    0.8324411632360974,
    1.168946691946548,
    3.400768902044088
  ],
  "bias_H": 3.400768902044088,
  "drift": [
    0.30000000000000027,
    0.20000000000000018,
    0.0
  ],
  "max_abs_drift": 0.30000000000000027,
  "per_class_recall": [
    0.9949069656166113,
    0.9674996026334942,
    0.9786282069589224
  ],
  "errs": 10103
}