{
  "seed": 42,
  "n_folds": 5,
  "n_meta_features": 30,
  "components": [
    "recipe_full_te",
    "greedy_full_bank",
    "digit_xgb",
    "digits_ote",
    "digits_pairs",
    "cat_ote",
    "lgbm_digit_ote",
    "xgb_nonrule",
    "xgb_corn",
    "hybrid_lgbmxgb"
  ],
  "log_bias": [
    2.6324411632360976,
    2.0689466919465485,
    3.400768902044088
  ],
  "argmax_bal_acc": 0.9783296004585024,
  "tuned_bal_acc": 0.9790817115793514,
  "recipe_oof_tuned": 0.9796650350078755,
  "delta_vs_recipe": -0.000583323428524074
}