{
  "overall_argmax_bal_acc": 0.9574295799634799,
  "tuned_log_bias_bal_acc": 0.9632393297399086,
  "log_bias": [
    1.1324411632360971,
    1.068946691946548,
    3.800768902044088
  ],
  "fold_ba": [
    0.9574295799634799
  ],
  "n_folds": 5,
  "folds_completed": 1,
  "seed": 42
}