{
  "teacher_bal_acc": 0.9802863771805209,
  "teacher_recall": {
    "Low": 0.9949231854713355,
    "Med": 0.9685453039644629,
    "High": 0.9773906421057642
  },
  "sweep": {
    "all_scores": {
      "0.05": {
        "bal_acc": 0.6409826541002095,
        "delta": -0.3393037230803114,
        "n_overridden": 305725,
        "correct_overrides": 470,
        "false_overrides": 305255,
        "precision": 0.0015373292992068035,
        "recall_Low": 0.5862693523141678,
        "recall_Med": 0.3369166032274526,
        "recall_High": 0.9997620067590081
      },
      "0.10": {
        "bal_acc": 0.6610353654857909,
        "delta": -0.31925101169473,
        "n_overridden": 289790,
        "correct_overrides": 469,
        "false_overrides": 289321,
        "precision": 0.0016184133337934367,
        "recall_Low": 0.5958715063108752,
        "recall_Med": 0.3875201820356877,
        "recall_High": 0.9997144081108097
      },
      "0.15": {
        "bal_acc": 0.7734667105932095,
        "delta": -0.20681966658731143,
        "n_overridden": 181982,
        "correct_overrides": 468,
        "false_overrides": 181514,
        "precision": 0.002571682913694761,
        "recall_Low": 0.7939591854388958,
        "recall_Med": 0.5267741368781215,
        "recall_High": 0.9996668094626112
      },
      "0.20": {
        "bal_acc": 0.8918528473759183,
        "delta": -0.08843352980460262,
        "n_overridden": 69918,
        "correct_overrides": 466,
        "false_overrides": 69452,
        "precision": 0.006664950370433937,
        "recall_Low": 0.9910358269557765,
        "recall_Med": 0.6849511030057639,
        "recall_High": 0.9995716121662145
      },
      "0.30": {
        "bal_acc": 0.9128987644731023,
        "delta": -0.06738761270741866,
        "n_overridden": 54154,
        "correct_overrides": 461,
        "false_overrides": 53693,
        "precision": 0.008512759906932083,
        "recall_Low": 0.9946852942687143,
        "recall_Med": 0.7446773802253696,
        "recall_High": 0.9993336189252225
      },
      "0.40": {
        "bal_acc": 0.9256239167093527,
        "delta": -0.054662460471168184,
        "n_overridden": 44824,
        "correct_overrides": 450,
        "false_overrides": 44374,
        "precision": 0.01003926467963591,
        "recall_Low": 0.9949150755439734,
        "recall_Med": 0.7831466407890444,
        "recall_High": 0.9988100337950402
      },
      "0.50": {
        "bal_acc": 0.9350401399704905,
        "delta": -0.045246237210030404,
        "n_overridden": 37948,
        "correct_overrides": 441,
        "false_overrides": 37507,
        "precision": 0.01162116580583957,
        "recall_Low": 0.9949231854713355,
        "recall_Med": 0.811815588478881,
        "recall_High": 0.9983816459612547
      },
      "0.60": {
        "bal_acc": 0.9423783169978307,
        "delta": -0.03790806018269022,
        "n_overridden": 32617,
        "correct_overrides": 436,
        "false_overrides": 32181,
        "precision": 0.013367262470490849,
        "recall_Low": 0.9949231854713355,
        "recall_Med": 0.834068112801894,
        "recall_High": 0.9981436527202627
      },
      "0.70": {
        "bal_acc": 0.9502542433007491,
        "delta": -0.030032133879771772,
        "n_overridden": 26725,
        "correct_overrides": 417,
        "false_overrides": 26308,
        "precision": 0.015603367633302152,
        "recall_Low": 0.9949231854713355,
        "recall_Med": 0.8586002660264186,
        "recall_High": 0.9972392784044933
      },
      "0.80": {
        "bal_acc": 0.9617778089873606,
        "delta": -0.01850856819316027,
        "n_overridden": 17987,
        "correct_overrides": 380,
        "false_overrides": 17607,
        "precision": 0.02112636904430978,
        "recall_Low": 0.9949231854713355,
        "recall_Med": 0.8949321130695935,
        "recall_High": 0.9954781284211528
      },
      "0.90": {
        "bal_acc": 0.9733084298355438,
        "delta": -0.006977947344977142,
        "n_overridden": 7399,
        "correct_overrides": 193,
        "false_overrides": 7206,
        "precision": 0.0260846060278416,
        "recall_Low": 0.9949231854713355,
        "recall_Med": 0.9384249228272418,
        "recall_High": 0.9865771812080537
      }
    },
    "score_5_6_7_8": {
      "0.05": {
        "bal_acc": 0.8545193086918839,
        "delta": -0.12576706848863706,
        "n_overridden": 95959,
        "correct_overrides": 460,
        "false_overrides": 95499,
        "precision": 0.004793713982013151,
        "recall_Low": 0.9949042623074906,
        "recall_Med": 0.5693676434911367,
        "recall_High": 0.9992860202770242
      },
      "0.10": {
        "bal_acc": 0.8645756376957078,
        "delta": -0.11571073948481314,
        "n_overridden": 88727,
        "correct_overrides": 459,
        "false_overrides": 88268,
        "precision": 0.005173171638847251,
        "recall_Low": 0.9949042623074906,
        "recall_Med": 0.5995842291508069,
        "recall_High": 0.9992384216288257
      },
      "0.15": {
        "bal_acc": 0.8788793524071558,
        "delta": -0.10140702477336516,
        "n_overridden": 78455,
        "correct_overrides": 459,
        "false_overrides": 77996,
        "precision": 0.0058504875406283855,
        "recall_Low": 0.9949123722348527,
        "recall_Med": 0.6424872633577888,
        "recall_High": 0.9992384216288257
      },
      "0.20": {
        "bal_acc": 0.8985346412361089,
        "delta": -0.08175173594441199,
        "n_overridden": 64334,
        "correct_overrides": 458,
        "false_overrides": 63876,
        "precision": 0.007119097211427861,
        "recall_Low": 0.9949231854713355,
        "recall_Med": 0.7014899152563642,
        "recall_High": 0.9991908229806273
      },
      "0.30": {
        "bal_acc": 0.9158278949342709,
        "delta": -0.06445848224625006,
        "n_overridden": 51861,
        "correct_overrides": 453,
        "false_overrides": 51408,
        "precision": 0.008734887487707526,
        "recall_Low": 0.9949231854713355,
        "recall_Med": 0.7536076695918419,
        "recall_High": 0.9989528297396354
      },
      "0.40": {
        "bal_acc": 0.9274081080440549,
        "delta": -0.05287826913646598,
        "n_overridden": 43440,
        "correct_overrides": 444,
        "false_overrides": 42996,
        "precision": 0.010220994475138122,
        "recall_Low": 0.9949231854713355,
        "recall_Med": 0.7887766967549796,
        "recall_High": 0.9985244419058499
      },
      "0.50": {
        "bal_acc": 0.9362569492773489,
        "delta": -0.04402942790317199,
        "n_overridden": 36979,
        "correct_overrides": 435,
        "false_overrides": 36544,
        "precision": 0.01176343329998107,
        "recall_Low": 0.9949231854713355,
        "recall_Med": 0.815751608288647,
        "recall_High": 0.9980960540720644
      },
      "0.60": {
        "bal_acc": 0.9431536724720117,
        "delta": -0.03713270470850927,
        "n_overridden": 31981,
        "correct_overrides": 431,
        "false_overrides": 31550,
        "precision": 0.013476751821393953,
        "recall_Low": 0.9949231854713355,
        "recall_Med": 0.8366321724654291,
        "recall_High": 0.9979056594792708
      },
      "0.70": {
        "bal_acc": 0.9507075227649918,
        "delta": -0.0295788544155291,
        "n_overridden": 26324,
        "correct_overrides": 412,
        "false_overrides": 25912,
        "precision": 0.01565111685154232,
        "recall_Low": 0.9949231854713355,
        "recall_Med": 0.8601980976601387,
        "recall_High": 0.9970012851635014
      },
      "0.80": {
        "bal_acc": 0.9620182946432977,
        "delta": -0.01826808253722323,
        "n_overridden": 17761,
        "correct_overrides": 376,
        "false_overrides": 17385,
        "precision": 0.02116997916783965,
        "recall_Low": 0.9949231854713355,
        "recall_Med": 0.8958439646301982,