{
  "greedy_tuned_bal_acc": 0.973746084242468,
  "greedy_bias": [
    0.13244116323609723,
    0.568946691946548,
    3.400768902044088
  ],
  "A_sweep_greedy_plus_mlp": [
    [
      0.0,
      0.973746084242468
    ],
    [
      0.05,
      0.9734568648658288
    ],
    [
      0.1,
      0.9731787939440304
    ],
    [
      0.15000000000000002,
      0.97281107404124
    ],
    [
      0.2,
      0.9719177336609125
    ],
    [
      0.25,
      0.9710684200921643
    ],
    [
      0.30000000000000004,
      0.9696514796740062
    ],
    [
      0.35000000000000003,
      0.9674370234001191
    ],
    [
      0.4,
      0.965072086564895
    ],
    [
      0.45,
      0.962144451535662
    ],
    [
      0.5,
      0.9582275473636165
    ]
  ],
  "B_sweep_greedy_nonrule_plus_mlp": [
    [
      0.0,
      0.9742149555904441
    ],
    [
      0.05,
      0.9736893768937902
    ],
    [
      0.1,
      0.9732630643127346
    ],
    [
      0.15000000000000002,
      0.9726210684325091
    ],
    [
      0.2,
      0.9716883780298989
    ],
    [
      0.25,
      0.9702369736357873
    ],
    [
      0.30000000000000004,
      0.9682330157987242
    ],
    [
      0.35000000000000003,
      0.9658464500155843
    ],
    [
      0.4,
      0.9632343558264232
    ]
  ],
  "B_base_bal_acc": 0.9742149555904441,
  "jaccard_mlp_greedy": 0.6756670138610689,
  "jaccard_mlp_nonrule": 0.0321728948036278,
  "jaccard_greedy_nonrule": 0.02439974740349604
}