{
  "seed": 42,
  "n_folds": 5,
  "smoke": false,
  "aux_w": 0.3,
  "suffix": "",
  "fold_scores_argmax": [
    0.9756578665295185,
    0.9761557563154576,
    0.9771801906817629,
    0.9746880922214762,
    0.9746481235673107
  ],
  "overall_argmax_bal_acc": 0.9756660078216154,
  "tuned_log_bias_bal_acc": 0.9790926403537002,
  "log_bias": [
    1.2324411632360972,
    1.068946691946548,
    3.400768902044088
  ],
  "n_features": 443
}