{
  "seed": 42,
  "n_folds": 2,
  "smoke": true,
  "aux_w": 0.3,
  "suffix": "",
  "fold_scores_argmax": [
    0.9596620510725585,
    0.9592778158595427
  ],
  "overall_argmax_bal_acc": 0.9594677173674993,
  "tuned_log_bias_bal_acc": 0.963940924729024,
  "log_bias": [
    0.8309433006850923,
    0.8710109440743883,
    2.503700511880274
  ],
  "n_features": 443
}