{
  "smoke": false,
  "n_folds": 5,
  "seed": 42,
  "aux": {
    "aux_flipped_from_rule": {
      "overall_auc": 0.8992526578957178,
      "fold_aucs": [
        0.8972995354806199,
        0.8963981763986907,
        0.8973916580191399,
        0.899553723917009,
        0.9061173306900502
      ],
      "pos": 10304,
      "neg": 619696,
      "spw": 60.141304347826086
    },
    "aux_missed_high": {
      "overall_auc": 0.9833418430936661,
      "fold_aucs": [
        0.981405592009768,
        0.9823552365037584,
        0.984422905961182,
        0.984742682686913,
        0.9844194277975201
      ],
      "pos": 1758,
      "neg": 628242,
      "spw": 357.3617747440273
    },
    "aux_missed_medium": {
      "overall_auc": 0.9492323374126086,
      "fold_aucs": [
        0.950970533614374,
        0.9478931213469559,
        0.9476276644591659,
        0.9494077340434239,
        0.9509127924020302
      ],
      "pos": 6961,
      "neg": 623039,
      "spw": 89.5042378968539
    }
  }
}