{
  "k>=2": {
    "n_oof_overrides": 2395,
    "n_test_overrides": 797,
    "OOF_bal_acc": 0.979589696039484,
    "delta_vs_B": -0.001288614792262166,
    "directions": {
      "Low->Medium": {
        "n": 125,
        "prec": 0.232,
        "be": 0.39257394608458906
      },
      "Medium->Low": {
        "n": 694,
        "prec": 0.4783861671469741,
        "be": 0.6074260539154108
      },
      "Medium->High": {
        "n": 658,
        "prec": 0.06534954407294832,
        "be": 0.08077805931183507
      },
      "High->Medium": {
        "n": 918,
        "prec": 0.8638344226579521,
        "be": 0.9192219406881649
      }
    }
  },
  "k>=3": {
    "n_oof_overrides": 664,
    "n_test_overrides": 224,
    "OOF_bal_acc": 0.9805482181190475,
    "delta_vs_B": -0.0003300927126986819,
    "directions": {
      "Low->Medium": {
        "n": 24,
        "prec": 0.16666666666666666,
        "be": 0.39257394608458906
      },
      "Medium->Low": {
        "n": 297,
        "prec": 0.5050505050505051,
        "be": 0.6074260539154108
      },
      "Medium->High": {
        "n": 68,
        "prec": 0.029411764705882353,
        "be": 0.08077805931183507
      },
      "High->Medium": {
        "n": 275,
        "prec": 0.8763636363636363,
        "be": 0.9192219406881649
      }
    }
  },
  "k>=4": {
    "n_oof_overrides": 0,
    "n_test_overrides": 4,
    "OOF_bal_acc": 0.9808783108317461,
    "delta_vs_B": 0.0,
    "directions": {}
  }
}