{
  "lb4_baseline": {
    "oof": 0.9808424406412425,
    "errs": 9415,
    "pcr": [
      0.9955341333326124,
      0.9695073491889541,
      0.9774858394021609
    ]
  },
  "components": [
    {
      "name": "n2_extratrees",
      "desc": "ET on 35-dist features",
      "raw_tuned": 0.9413173693120943,
      "iso_tuned": 0.9657588568041784,
      "raw_errs": 40411,
      "iso_errs": 10371,
      "raw_jaccard_vs_lb4": 0.2102795792951007,
      "iso_jaccard_vs_lb4": 0.5892369477911646,
      "raw_pcr": [
        0.9956855186433714,
        0.8385478973037637,
        0.9897186919891475
      ],
      "iso_pcr": [
        0.9953881546400949,
        0.9697164894551478,
        0.9321719263172926
      ]
    },
    {
      "name": "n2_knn",
      "desc": "kNN(k=50, sub=80k) on 35-dist features",
      "raw_tuned": 0.9628313971899868,
      "iso_tuned": 0.9627115100195315,
      "raw_errs": 12525,
      "iso_errs": 11235,
      "raw_jaccard_vs_lb4": 0.5104991394148021,
      "iso_jaccard_vs_lb4": 0.5482081271554956,
      "raw_pcr": [
        0.9951313402736289,
        0.9610957276826422,
        0.9322671236136894
      ],
      "iso_pcr": [
        0.995493583695802,
        0.9664664497184972,
        0.9261744966442953
      ]
    }
  ]
}