{
  "OOF_tuned": 0.9806334730380629,
  "bias": [
    0.3324411632360974,
    0.7689466919465482,
    3.400768902044088
  ],
  "PCR": [
    0.9947042174325592,
    0.9667592460911685,
    0.9804369555904612
  ],
  "diff_vs_v1": 1046,
  "diff_vs_winner": 396,
  "n_features": 22,
  "submission": "submissions/submission_n2_disagree.csv"
}