{
  "seed": 42,
  "n_folds": 5,
  "n_features": 35,
  "n_estimators": 500,
  "fold_scores_argmax": [
    0.9647305994255895,
    0.9661245027601112,
    0.9677696621089614,
    0.9650550278775301,
    0.9652465676635996
  ],
  "overall_argmax_bal_acc": 0.9657853361292542,
  "tuned_log_bias_bal_acc": 0.9666661717873151,
  "log_bias": [
    4.132441163236098,
    2.8689466919465483,
    3.400768902044088
  ],
  "elapsed_sec": 218.15154361724854
}