{
  "seed": 42,
  "n_folds": 5,
  "n_features": 35,
  "k_nn": 50,
  "subsample_size": 80000,
  "fold_scores_argmax": [
    0.9543932857016579,
    0.9555452551144265,
    0.9564507876523027,
    0.9566729657940306,
    0.9551352523186593
  ],
  "overall_argmax_bal_acc": 0.9556395890598993,
  "tuned_log_bias_bal_acc": 0.9630782702360077,
  "log_bias": [
    2.132441163236097,
    1.568946691946548,
    3.400768902044088
  ],
  "elapsed_sec": 141.48488306999207
}