{
  "v1_oof_score": 0.980628290879414,
  "gated_oof_score": 0.9805167173522285,
  "delta_oof": -0.00011157352718560443,
  "v1_pcr": [
    0.9946447446319039,
    0.9693734994185901,
    0.9778666285877481
  ],
  "gated_pcr": [
    0.994679887650473,
    0.970812384450003,
    0.9760578799562093
  ],
  "delta_pcr": [
    3.5143018569105955e-05,
    0.0014388850314128732,
    -0.0018087486315387924
  ],
  "binary_gate_auc": 0.882044607049884,
  "binary_gate_ap": 0.9044746318492946,
  "binary_target_base_rate": 0.623789020452099,
  "n_oof_disagreement": 1858,
  "n_test_disagreement": 609,
  "n_test_pick_v1": 414,
  "n_test_pick_raw": 195,
  "n_test_diff_from_v1": 195,
  "net_h": -391,
  "add_h": 0,
  "rem_h": 391,
  "g4_ratio": 1.0,
  "submission_path": "submissions/submission_n2_v1_raw_gating_b045_055.csv",
  "v1_bias": [
    0.4324411632360975,
    0.8689466919465483,
    3.2007689020440884
  ],
  "raw_bias": [
    1.6324411632360976,
    1.7689466919465482,
    3.000768902044088
  ]
}