{
  "bank": [
    "rawashishsin_2600",
    "realmlp",
    "recipe_full_te",
    "recipe_full_te_catboost",
    "recipe_full_te_catboost_natural",
    "xgb_corn",
    "xgb_dist_digits"
  ],
  "rf_bias": [
    0.4324411632360975,
    0.8689466919465483,
    3.2007689020440884
  ],
  "rf_drift": [
    -0.09999999999999964,
    -0.09999999999999964,
    -0.19999999999999973
  ],
  "rf_score": 0.980628290879414,
  "et_bias": [
    0.3324411632360974,
    0.9689466919465479,
    3.6007689020440883
  ],
  "et_drift": [
    -0.19999999999999973,
    0.0,
    0.20000000000000018
  ],
  "et_score": 0.980289517870483,
  "et_fold_bals": [
    0.9723953202770436,
    0.9728642881047392,
    0.9735895276820824,
    0.972059076304245,
    0.9727895172604258
  ],
  "baglr_bias": [
    0.4324411632360975,
    0.8689466919465483,
    3.400768902044088
  ],
  "baglr_drift": [
    -0.09999999999999964,
    -0.09999999999999964,
    0.0
  ],
  "baglr_score": 0.980654886970092,
  "baglr_fold_bals": [
    0.9732057081080464,
    0.972950428573354,
    0.9743490450962057,
    0.972854479385882,
    0.9733452343990443
  ],
  "l3_bias": [
    0.23244116323609776,
    0.7689466919465482,
    3.400768902044088
  ],
  "l3_drift": [
    -0.2999999999999994,
    -0.19999999999999973,
    0.0
  ],
  "l3_score": 0.9806143175611327,
  "l3_argmax": 0.9731301708220664,
  "anchor_bal": 0.980628290879414,
  "anchor_pcr": [
    0.9946447446319039,
    0.9693734994185901,
    0.9778666285877481
  ],
  "l3_pcr": [
    0.9945933817586107,
    0.9667174180379297,
    0.980532152886858
  ],
  "delta_pcr": [
    -5.136287329321476e-05,
    -0.0026560813806604244,
    0.0026655242991099337
  ],
  "delta_bal": -1.3973318281346181e-05,
  "net_h": 701,
  "add_h": 727,
  "rem_h": 26,
  "g4_ratio": 0.9309428950863213,
  "g1_pass": false,
  "g2_pass": false,
  "g4_pass": true,
  "drift_pass": true,
  "overall_pass": false,
  "test_diff_vs_v1": 393,
  "submission_path": "submissions/submission_n3_l3_bagging_mean.csv"
}