{
  "rf_score": 0.980628290879414,
  "rf_drift": [
    -0.09999999999999964,
    -0.09999999999999964,
    -0.19999999999999973
  ],
  "bl_score": 0.980654886970092,
  "bl_drift": [
    -0.09999999999999964,
    -0.09999999999999964,
    0.0
  ],
  "l2_score": 0.9807604357803933,
  "l2_drift": [
    0.10000000000000009,
    0.0,
    0.20000000000000018
  ],
  "l2_drift_max": 0.20000000000000018,
  "anchor_bal": 0.980628290879414,
  "l2_bal": 0.9807604357803933,
  "delta_bal": 0.00013214490097923637,
  "v1_pcr": [
    0.9946447446319039,
    0.9693734994185901,
    0.9778666285877481
  ],
  "l2_pcr": [
    0.9949799549628701,
    0.9667216008432535,
    0.9805797515350564
  ],
  "delta_pcr": [
    0.0003352103309661736,
    -0.002651898575336542,
    0.0027131229473082996
  ],
  "net_h": 619,
  "add_h": 632,
  "rem_h": 13,
  "ratio": 0.9596899224806201,
  "g1_pass": false,
  "g2_pass": false,
  "g4_pass": true,
  "drift_pass": true,
  "overall_pass": false,
  "test_diff_vs_v1": 369,
  "submission_path": "submissions/submission_n3b_l2_rf_baglr_mean.csv"
}