{
  "overall_auc": 0.6347165453342335,
  "overall_ap": 0.02473892259510598,
  "fold_aucs": [
    0.6338734120001064,
    0.634723054875787,
    0.6460601063501529,
    0.6324474580203008,
    0.6387044968290096
  ],
  "fold_aps": [
    0.024849944845731272,
    0.024107546666420135,
    0.026392245866296883,
    0.02464685397176053,
    0.025869198641165478
  ],
  "n_residual": 9415,
  "verdict": "PROCEED",
  "feature_names": [
    "ood_gmm",
    "ood_iso",
    "ood_knn",
    "k10_pL",
    "k10_pM",
    "k10_pH",
    "k10_nbr0",
    "k10_dL",
    "k10_dM",
    "k10_dH",
    "k10_margin"
  ]
}