{
  "candidate": "both",
  "v1_oof": 0.9808424406412425,
  "new_oof": 0.9810409975090885,
  "d_macro": 0.00019855686784597815,
  "d_rec": [
    0.00010542905570709582,
    0.0009662280298149417,
    -0.00047598648198388105
  ],
  "gate_pass": false
}