{
  "v1_standalone_tuned": 0.9804137629018684,
  "v2_argmax": 0.9742920912362072,
  "v2_tuned": 0.979883518496767,
  "v2_iso_tuned": 0.9803457213644827,
  "n_features": 224,
  "best_iters": [
    236,
    227,
    215,
    297,
    233
  ],
  "elapsed_sec": 524.3208312988281
}