{
  "anchor_oof": 0.9808424406412425,
  "final_oof": 0.9808424406412425,
  "delta": 0.0,
  "chosen": [],
  "elapsed_sec": 584.1403577327728
}