{
  "seed": 42,
  "n_folds": 5,
  "head_spec": {
    "0": [
      0,
      1
    ],
    "1": [
      0,
      1,
      2
    ],
    "2": [
      1,
      2
    ]
  },
  "log_bias": [
    -2.267558836763903,
    -1.831053308053452,
    3.400768902044088
  ],
  "argmax_bal_acc": 0.9611426753246097,
  "reweight_bal_acc": 0.9643434462220751,
  "tuned_bal_acc": 0.9676814208347407
}