{
  "primary": {
    "bal": 0.9808424406412425,
    "errs": 9415,
    "pcr": [
      0.9955341333326124,
      0.9695073491889541,
      0.9774858394021609
    ]
  },
  "S1_equal_log": {
    "bal": 0.9801962169666875,
    "errs": 9648,
    "delta": -0.0006462236745550243,
    "derr": 233,
    "jaccard_vs_primary": 0.9187720181177654,
    "pcr": [
      0.9953124619847155,
      0.9689803157181458,
      0.9762958731972012
    ],
    "pcr_delta": [
      -0.00022167134789696785,
      -0.0005270334708082913,
      -0.0011899662049597026
    ]
  },
  "S2_lb_weighted_tau100": {
    "bal": 0.9802521812255337,
    "errs": 9639,
    "delta": -0.0005902594157087826,
    "derr": 224,
    "jaccard_vs_primary": 0.9209597741707833,
    "pcr": [
      0.9953124619847155,
      0.9690054125500891,
      0.9764386691417963
    ],
    "pcr_delta": [
      -0.00022167134789696785,
      -0.0005019366388649971,
      -0.001047170260364605
    ],
    "meta": {
      "primary_lb098094": 0.18347562194867978,
      "stack2_lb098008": 0.1683561722696365,
      "m3_seed_lb098005": 0.16785186059856833,
      "m2_pseudo_lb097998": 0.1666810003662001,
      "recipe_lb097939": 0.15713130733509417,
      "catboost_lb097935": 0.15650403748182104
    }
  },
  "S2_lb_weighted_tau200": {
    "bal": 0.9802843215953051,
    "errs": 9636,
    "delta": -0.0005581190459373886,
    "derr": 221,
    "jaccard_vs_primary": 0.9235662358642972,
    "pcr": [
      0.9953178686029569,
      0.9690012297447652,
      0.9765338664381932
    ],
    "pcr_delta": [
      -0.00021626472965552423,
      -0.0005061194441888794,
      -0.0009519729639677621
    ],
    "meta": {
      "primary_lb098094": 0.20139858387567328,
      "stack2_lb098008": 0.16957341312894333,
      "m3_seed_lb098005": 0.16855901887610997,
      "m2_pseudo_lb097998": 0.16621563457708896,
      "recipe_lb097939": 0.14771517833149325,
      "catboost_lb097935": 0.14653817121069124
    }
  },
  "S2_lb_weighted_tau500": {
    "bal": 0.9803685300306652,
    "errs": 9615,
    "delta": -0.00047391061057733275,
    "derr": 200,
    "jaccard_vs_primary": 0.9323720552396426,
    "pcr": [
      0.995334088457681,
      0.9690472406033278,
      0.9767242610309868
    ],
    "pcr_delta": [
      -0.00020004487493141543,
      -0.0004601085856262843,
      -0.0007615783711741875
    ],
    "meta": {
      "primary_lb098094": 0.2616156170785383,
      "stack2_lb098008": 0.17018333823123458,
      "m3_seed_lb098005": 0.16764963841309785,
      "m2_pseudo_lb097998": 0.16188339888530867,
      "recipe_lb097939": 0.12052730395645707,
      "catboost_lb097935": 0.1181407034353634
    }
  },
  "S2_lb_weighted_tau1000": {
    "bal": 0.9803804766832735,
    "errs": 9574,
    "delta": -0.0004619639579689361,
    "derr": 159,
    "jaccard_vs_primary": 0.9473900112808943,
    "pcr": [
      0.995423297658664,
      0.9690890686565666,
      0.9766290637345899
    ],
    "pcr_delta": [
      -0.00011083567394842841,
      -0.00041828053238746055,
      -0.0008567756675710303
    ],
    "meta": {
      "primary_lb098094": 0.3798115995795709,
      "stack2_lb098008": 0.16072186736651262,
      "m3_seed_lb098005": 0.15597181832941215,
      "m2_pseudo_lb097998": 0.1454271594898351,
      "recipe_lb097939": 0.08061424244665397,
      "catboost_lb097935": 0.0774533127880155
    }
  },
  "S3_hard_vote": {
    "bal": 0.980502619453565,
    "errs": 9608,
    "delta": -0.0003398211876775026,
    "derr": 193,
    "jaccard_vs_primary": 0.956696153054927,
    "pcr": [
      0.9953665281671293,
      0.9689886813287936,
      0.9771526488647723
    ],
    "pcr_delta": [
      -0.0001676051654830868,
      -0.0005186678601605266,
      -0.0003331905373886723
    ]
  },
  "S4_soft_vote": {
    "bal": 0.9802471486175411,
    "errs": 9726,
    "delta": -0.0005952920237013437,
    "derr": 311,
    "jaccard_vs_primary": 0.9173595111689873,
    "pcr": [
      0.9953097586755948,
      0.9686122288496449,
      0.9768194583273835
    ],
    "pcr_delta": [
      -0.00022437465701763415,
      -0.0008951203393091633,
      -0.0006663810747774557
    ]
  },
  "S5_greedy_forward": {
    "bal": 0.9808525644970497,
    "errs": 9441,
    "delta": 1.0123855807231408e-05,
    "derr": 26,
    "jaccard_vs_primary": 0.9951327901809333,
    "pcr": [
      0.9955179134778883,
      0.9694111446665049,
      0.9776286353467561
    ],
    "pcr_delta": [
      -1.6219854724108806e-05,
      -9.620452244918365e-05,
      0.00014279594459520872
    ],
    "meta": {
      "chosen": [
        [
          "m3_seed_lb098005",
          0.05
        ]
      ],
      "history": [
        {
          "step": 0,
          "base_bal": 0.9808424406412425,
          "chosen": []
        },
        {
          "step": 1,
          "base_bal": 0.9808525644970497,
          "chosen": [
            [
              "m3_seed_lb098005",
              0.05
            ]
          ]
        }
      ]
    }
  }
}