{
  "train_y_prior": [
    0.5871698412698413,
    0.3794825396825397,
    0.03334761904761905
  ],
  "train_rule_prior": [
    0.5930174603174603,
    0.37373968253968254,
    0.03324285714285714
  ],
  "test_rule_prior": [
    0.5923111111111111,
    0.37422222222222223,
    0.033466666666666665
  ],
  "rule_diff": [
    -0.000706349206349155,
    0.0004825396825396955,
    0.00022380952380952196
  ],
  "pred_test_y_prior": [
    0.5864767021781755,
    0.3799663481659437,
    0.0335569496558807
  ],
  "train_y_prior_diff": [
    -0.0006931390916657953,
    0.0004838084834040135,
    0.00020933060826165
  ],
  "cm_rownorm": [
    [
      0.9858967186918665,
      0.014103281308133543,
      0.0
    ],
    [
      0.006731618646371297,
      0.9858020182114705,
      0.007466363142158195
    ],
    [
      0.0,
      0.08079071766222604,
      0.919209282337774
    ]
  ],
  "oof_4stack_at_orig_bias": 0.9808424406412425,
  "oof_4stack_at_test_prior_bias": 0.973040909407123,
  "orig_bias": [
    1.4324,
    1.4689,
    3.4008
  ],
  "new_bias_test_prior": [
    2.7524000000000024,
    2.6589000000000023,
    2.0508000000000006
  ],
  "sanity_unweighted_retune_bias": [
    1.0424,
    1.4489000000000003,
    3.4008
  ],
  "n_test_pred_diff": 1327,
  "elapsed_sec": 74.00158524513245
}