{
  "base_oof": 0.9808424406412425,
  "results": {
    "Q1_train_y/HML": {
      "quota": [
        369917,
        239074,
        21009
      ],
      "order": "HML",
      "oof": 0.9762112095763386,
      "counts": [
        369917,
        239074,
        21009
      ]
    },
    "Q1_train_y/MHL": {
      "quota": [
        369917,
        239074,
        21009
      ],
      "order": "MHL",
      "oof": 0.9707753395975942,
      "counts": [
        369917,
        239074,
        21009
      ]
    },
    "Q1_train_y/HLM": {
      "quota": [
        369917,
        239074,
        21009
      ],
      "order": "HLM",
      "oof": 0.9762066188333755,
      "counts": [
        369917,
        239074,
        21009
      ]
    },
    "Q1_train_y/greedy": {
      "quota": [
        369917,
        239074,
        21009
      ],
      "order": "greedy",
      "oof": 0.9746604310115599,
      "counts": [
        369917,
        239074,
        21009
      ]
    },
    "Q2_test_rule/HML": {
      "quota": [
        373156,
        235760,
        21084
      ],
      "order": "HML",
      "oof": 0.9770166636247941,
      "counts": [
        373156,
        235760,
        21084
      ]
    },
    "Q2_test_rule/MHL": {
      "quota": [
        373156,
        235760,
        21084
      ],
      "order": "MHL",
      "oof": 0.9759570047209988,
      "counts": [
        373156,
        235760,
        21084
      ]
    },
    "Q2_test_rule/HLM": {
      "quota": [
        373156,
        235760,
        21084
      ],
      "order": "HLM",
      "oof": 0.977012072881831,
      "counts": [
        373156,
        235760,
        21084
      ]
    },
    "Q2_test_rule/greedy": {
      "quota": [
        373156,
        235760,
        21084
      ],
      "order": "greedy",
      "oof": 0.9759903455334874,
      "counts": [
        373156,
        235760,
        21084
      ]
    },
    "Q3_pred_test_y/HML": {
      "quota": [
        369480,
        239379,
        21141
      ],
      "order": "HML",
      "oof": 0.9765739989852897,
      "counts": [
        369480,
        239379,
        21141
      ]
    },
    "Q3_pred_test_y/MHL": {
      "quota": [
        369480,
        239379,
        21141
      ],
      "order": "MHL",
      "oof": 0.9701941889098175,
      "counts": [
        369480,
        239379,
        21141
      ]
    },
    "Q3_pred_test_y/HLM": {
      "quota": [
        369480,
        239379,
        21141
      ],
      "order": "HLM",
      "oof": 0.9765739989852897,
      "counts": [
        369480,
        239379,
        21141
      ]
    },
    "Q3_pred_test_y/greedy": {
      "quota": [
        369480,
        239379,
        21141
      ],
      "order": "greedy",
      "oof": 0.9746520697884402,
      "counts": [
        369480,
        239379,
        21141
      ]
    }
  },
  "best_key": "Q2_test_rule/HML",
  "best_oof": 0.9770166636247941,
  "delta_vs_bias": -0.003825777016448373,
  "n_test_pred_diff_vs_bias": 1271,
  "elapsed_sec": 5.665306568145752
}