{
  "p3_standalone": {
    "argmax": 0.966294858836378,
    "tuned": 0.9704686394117129,
    "errors": 9958,
    "log_bias": [
      2.532441163236098,
      0.1689466919465481,
      4.500768902044088
    ],
    "jaccard_vs_recipe": 0.6455639367816092,
    "jaccard_vs_lb_best": 0.6473294839408156,
    "recipe_errors": 8367,
    "lb_best_errors": 8301
  },
  "vs_recipe": {
    "results": [
      [
        0.0,
        0.9796650350078755
      ],
      [
        0.025,
        0.9793918517130012
      ],
      [
        0.05,
        0.9788983403815422
      ],
      [
        0.075,
        0.9780471553435359
      ],
      [
        0.1,
        0.9773329720658351
      ],
      [
        0.15,
        0.9766028607145065
      ],
      [
        0.2,
        0.9758722356070565
      ],
      [
        0.25,
        0.9752336604514324
      ],
      [
        0.3,
        0.9745858058545099
      ],
      [
        0.4,
        0.9734922032034311
      ],
      [
        0.5,
        0.9725023951634229
      ]
    ],
    "peak_alpha": 0.0,
    "peak_bal": 0.9796650350078755,
    "baseline_bal": 0.9796650350078755,
    "delta": 0.0
  },
  "vs_lb_best": {
    "results": [
      [
        0.0,
        0.9801231679332877
      ],
      [
        0.025,
        0.9796637880535045
      ],
      [
        0.05,
        0.9791707902590373
      ],
      [
        0.075,
        0.9782206330569495
      ],
      [
        0.1,
        0.9775054995462575
      ],
      [
        0.15,
        0.9767299326638587
      ],
      [
        0.2,
        0.976025305491392
      ],
      [
        0.25,
        0.9753718738207042
      ],
      [
        0.3,
        0.9747429475566567
      ],
      [
        0.4,
        0.9736610823107718
      ],
      [
        0.5,
        0.9727229213665728
      ]
    ],
    "peak_alpha": 0.0,
    "peak_bal": 0.9801231679332877,
    "baseline_bal": 0.9801231679332877,
    "delta": 0.0
  },
  "lb_best_tuned": 0.9801231679332877
}