{
  "smoke": false,
  "n_folds": 5,
  "epochs": 15,
  "knn": 30,
  "embed_dim": 32,
  "argmax_bal_acc": 0.966294858836378,
  "tuned_bal_acc": 0.9704686394117129,
  "log_bias": [
    2.532441163236098,
    0.1689466919465481,
    4.500768902044088
  ]
}