{
  "smoke": false,
  "n_folds_run": 5,
  "log_bias": [
    0.9324411632360975,
    1.568946691946548,
    3.1007689020440883
  ],
  "tuned_log_bias_bal_acc": 0.8976774928045783,
  "n_filled": 630000,
  "min_cell_tr": 200
}