{
  "smoke": true,
  "n_folds_run": 1,
  "log_bias": [
    0.7361434317502813,
    0.8630155303803911,
    1.9033998052173553
  ],
  "tuned_log_bias_bal_acc": 0.877314520064651,
  "n_filled": 10000,
  "min_cell_tr": 200
}