{
  "global_bias": [
    0.13244116323609723,
    0.568946691946548,
    3.400768902044088
  ],
  "full_fit_bias": [
    [
      0.13244116323609723,
      0.568946691946548,
      3.400768902044088
    ],
    [
      0.13244116323609723,
      0.568946691946548,
      3.400768902044088
    ],
    [
      0.13244116323609723,
      0.568946691946548,
      3.400768902044088
    ],
    [
      0.03244116323609736,
      0.568946691946548,
      3.400768902044088
    ],
    [
      0.43244116323609727,
      0.568946691946548,
      4.200768902044088
    ],
    [
      -1.7675588367639028,
      0.868946691946548,
      3.400768902044088
    ],
    [
      0.13244116323609723,
      0.568946691946548,
      3.400768902044088
    ],
    [
      0.13244116323609723,
      0.6689466919465481,
      3.400768902044088
    ],
    [
      0.13244116323609723,
      1.168946691946548,
      3.400768902044088
    ],
    [
      0.13244116323609723,
      0.568946691946548,
      3.400768902044088
    ]
  ],
  "nested_bias_per_fold": [
    [
      [
        0.13244116323609723,
        0.568946691946548,
        3.400768902044088
      ],
      [
        0.13244116323609723,
        0.568946691946548,
        3.400768902044088
      ],
      [
        0.13244116323609723,
        0.568946691946548,
        3.400768902044088
      ],
      [
        0.23244116323609731,
        0.568946691946548,
        3.400768902044088
      ],
      [
        0.23244116323609731,
        0.568946691946548,
        4.500768902044088
      ],
      [
        -2.867558836763903,
        0.7689466919465482,
        3.400768902044088
      ],
      [
        0.13244116323609723,
        0.568946691946548,
        3.400768902044088
      ],
      [
        0.13244116323609723,
        0.6689466919465481,
        3.400768902044088
      ],
      [
        0.13244116323609723,
        1.168946691946548,
        3.400768902044088
      ],
      [
        0.13244116323609723,
        0.568946691946548,
        3.400768902044088
      ]
    ],
    [
      [
        0.13244116323609723,
        0.568946691946548,
        3.400768902044088
      ],
      [
        0.13244116323609723,
        0.568946691946548,
        3.400768902044088
      ],
      [
        0.13244116323609723,
        0.568946691946548,
        3.400768902044088
      ],
      [
        0.03244116323609736,
        0.568946691946548,
        3.400768902044088
      ],
      [
        0.6324411632360974,
        0.6689466919465481,
        4.300768902044089
      ],
      [
        -1.7675588367639028,
        1.2689466919465482,
        3.400768902044088
      ],
      [
        0.13244116323609723,
        0.568946691946548,
        3.400768902044088
      ],
      [
        0.13244116323609723,
        0.6689466919465481,
        3.400768902044088
      ],
      [
        0.13244116323609723,
        1.568946691946548,
        3.400768902044088
      ],
      [
        0.13244116323609723,
        0.568946691946548,
        3.400768902044088
      ]
    ],
    [
      [
        0.13244116323609723,
        0.568946691946548,
        3.400768902044088
      ],
      [
        0.13244116323609723,
        0.568946691946548,
        3.400768902044088
      ],
      [
        0.13244116323609723,
        0.568946691946548,
        3.400768902044088
      ],
      [
        0.13244116323609723,
        0.568946691946548,
        3.400768902044088
      ],
      [
        0.6324411632360974,
        0.6689466919465481,
        3.400768902044088
      ],
      [
        0.03244116323609736,
        0.46894669194654814,
        3.400768902044088
      ],
      [
        0.13244116323609723,
        0.6689466919465481,
        3.400768902044088
      ],
      [
        0.13244116323609723,
        2.068946691946548,
        3.400768902044088
      ],
      [
        0.13244116323609723,
        1.568946691946548,
        3.400768902044088
      ],
      [
        0.13244116323609723,
        0.568946691946548,
        3.400768902044088
      ]
    ],
    [
      [
        0.13244116323609723,
        0.568946691946548,
        3.400768902044088
      ],
      [
        0.13244116323609723,
        0.568946691946548,
        3.400768902044088
      ],
      [
        0.13244116323609723,
        0.568946691946548,
        3.400768902044088
      ],
      [
        0.13244116323609723,
        0.568946691946548,
        3.400768902044088
      ],
      [
        0.8324411632360974,
        0.868946691946548,
        0.4007689020440881
      ],
      [
        -2.867558836763903,
        0.6689466919465481,
        3.400768902044088
      ],
      [
        0.13244116323609723,
        0.568946691946548,
        3.400768902044088
      ],
      [
        0.13244116323609723,
        0.6689466919465481,
        3.400768902044088
      ],
      [
        0.13244116323609723,
        0.9689466919465481,
        3.400768902044088
      ],
      [
        0.13244116323609723,
        0.568946691946548,
        3.400768902044088
      ]
    ],
    [
      [
        0.13244116323609723,
        0.568946691946548,
        3.400768902044088
      ],
      [
        0.13244116323609723,
        0.568946691946548,
        3.400768902044088
      ],
      [
        0.13244116323609723,
        0.568946691946548,
        3.400768902044088
      ],
      [
        0.03244116323609736,
        0.568946691946548,
        3.400768902044088
      ],
      [
        0.3324411632360974,
        0.6689466919465481,
        4.300768902044089
      ],
      [
        1.1324411632360976,
        0.868946691946548,
        3.400768902044088
      ],
      [
        0.13244116323609723,
        0.6689466919465481,
        3.400768902044088
      ],
      [
        0.13244116323609723,
        0.6689466919465481,
        3.400768902044088
      ],
      [
        0.13244116323609723,
        1.3689466919465483,
        3.400768902044088
      ],
      [
        0.13244116323609723,
        0.568946691946548,
        3.400768902044088
      ]
    ]
  ],
  "base_oof_bal_acc": 0.9742149555904441,
  "nested_oof_bal_acc": 0.9739051153297479,
  "full_fit_tune_bal_acc": 0.9742888011265206,
  "delta_nested_vs_base": -0.00030984026069624804,
  "action": "no_submission"
}