{
  "seed": 42,
  "n_folds": 5,
  "features": [
    "Humidity",
    "Previous_Irrigation_mm",
    "Electrical_Conductivity",
    "Field_Area_hectare",
    "Soil_pH",
    "Organic_Carbon",
    "Sunlight_Hours"
  ],
  "min_cell_size": 100,
  "lr_C": 1.0,
  "class_priors": [
    0.5871698412698413,
    0.3794825396825397,
    0.03334761904761905
  ],
  "log_bias": [
    0.9324411632360975,
    1.068946691946548,
    3.400768902044088
  ],
  "argmax_bal_acc": 0.9563258289767244,
  "reweight_bal_acc": 0.9627371583425509,
  "tuned_bal_acc": 0.9628036915399734,
  "fold_bals": [
    0.9564874689671735,
    0.9566070096394649,
    0.9569770707035615,
    0.9570651117607419,
    0.9544924529257081
  ]
}