{
  "rule_bal": 0.9609734412171452,
  "rule_acc": 0.9836444444444444,
  "n_rule_wrong": 10304,
  "lr_recovers_rule_wrong": 398,
  "lr_new_errors_on_rule_right": 358,
  "blend_sweep": {
    "a=0.00": 0.9609734412171452,
    "a=0.05": 0.9624719511506027,
    "a=0.10": 0.9628169906801398,
    "a=0.15": 0.9628215209077727,
    "a=0.20": 0.9628605208040488,
    "a=0.30": 0.9628344446858416,
    "a=0.50": 0.9628301313399864,
    "a=0.70": 0.9628508005450399,
    "a=1.00": 0.9628036915399734
  }
}