{
  "r_global": {
    "auc_oof": 0.8951236714696595,
    "prevalence": 0.016355555555555557,
    "fold_aucs": [
      0.8983125467067529,
      0.8946371268027531,
      0.8937466533745321,
      0.8918616246236141,
      0.8982103324459055
    ],
    "n_positives": 10304,
    "decision": "PROCEED"
  },
  "r_mh_s6": {
    "auc_oof": 0.9882071435831827,
    "prevalence": 0.002458730158730159,
    "fold_aucs": [
      0.9881974644810736,
      0.989580983936413,
      0.9881518405498423,
      0.9891267557918997,
      0.990036290001771
    ],
    "n_positives": 1549,
    "decision": "PROCEED"
  },
  "r_hm_s78": {
    "auc_oof": 0.9981579401642746,
    "prevalence": 0.0026825396825396826,
    "fold_aucs": [
      0.9987537127632414,
      0.9982501900703107,
      0.9980350101366123,
      0.9981519529377152,
      0.9981425000416728
    ],
    "n_positives": 1690,
    "decision": "PROCEED"
  }
}