{
  "seed": 42,
  "n_folds": 5,
  "tau": 0.95,
  "n_pseudo_rows": 226749,
  "pseudo_class_dist": [
    135896,
    82255,
    8598
  ],
  "baseline_tuned": 0.97352,
  "pseudo_tuned": 0.973319438927622,
  "delta": -0.0002005610723780915,
  "log_bias": [
    0.03244116323609758,
    0.568946691946548,
    3.400768902044088
  ],
  "best_iters_main": [
    594,
    530,
    618,
    512,
    543
  ],
  "best_iters_spec": [
    359,
    399,
    421,
    438,
    363
  ]
}