{
  "rf_tuned": 0.9806669044664734,
  "rf_bias": [
    0.5324411632360976,
    0.8689466919465483,
    3.400768902044088
  ],
  "tier1b_4stack_tuned": 0.9809009444453641,
  "tier1b_4stack_bias": [
    1.0324411632360975,
    1.3689466919465483,
    3.3007689020440885
  ],
  "sweep": [
    {
      "alpha": 0.5,
      "tuned": 0.9809612732070899,
      "delta_tuned": 0.00029436874061650187,
      "bias": [
        0.5324411632360971,
        0.9689466919465479,
        3.400768902044088
      ],
      "drift": [
        0.0,
        0.0,
        0.0
      ],
      "max_abs_drift": 0.0,
      "pcr": [
        0.9947663935423352,
        0.96777566778487,
        0.9803417582940644
      ],
      "delta_pcr": [
        -0.00013246214691398084,
        0.0005395818867798274,
        0.00047598648198388105
      ],
      "errs": 10053,
      "delta_errs": -90,
      "test_rows_diff": 334,
      "net_h": 29,
      "churn_h": 233,
      "asym": 0.12446351931330472,
      "g1": true,
      "g2": true,
      "g4_direction": true,
      "g4_asymmetry": false
    },
    {
      "alpha": 0.6,
      "tuned": 0.9809681362558638,
      "delta_tuned": 0.0003012317893903438,
      "bias": [
        0.5324411632360971,
        0.9689466919465479,
        3.400768902044088
      ],
      "drift": [
        0.0,
        0.0,
        0.0
      ],
      "max_abs_drift": 0.0,
      "pcr": [
        0.9947582836149731,
        0.9679471628031489,
        0.9801989623494692
      ],
      "delta_pcr": [
        -0.00014057207427609075,
        0.0007110769050586718,
        0.0003331905373886723
      ],
      "errs": 10018,
      "delta_errs": -125,
      "test_rows_diff": 258,
      "net_h": -10,
      "churn_h": 174,
      "asym": 0.05747126436781609,
      "g1": true,
      "g2": true,
      "g4_direction": false,
      "g4_asymmetry": false
    },
    {
      "alpha": 0.65,
      "tuned": 0.9809740964211064,
      "delta_tuned": 0.00030719195463302373,
      "bias": [
        0.4324411632360975,
        0.9689466919465479,
        3.400768902044088
      ],
      "drift": [
        -0.09999999999999964,
        0.0,
        0.0
      ],
      "max_abs_drift": 0.09999999999999964,
      "pcr": [
        0.9944122600475241,
        0.968311066866326,
        0.9801989623494692
      ],
      "delta_pcr": [
        -0.00048659564172504055,
        0.0010749809682357725,
        0.0003331905373886723
      ],
      "errs": 10059,
      "delta_errs": -84,
      "test_rows_diff": 277,
      "net_h": -25,
      "churn_h": 141,
      "asym": 0.1773049645390071,
      "g1": true,
      "g2": true,
      "g4_direction": false,
      "g4_asymmetry": false
    },
    {
      "alpha": 0.7,
      "tuned": 0.9809567215605473,
      "delta_tuned": 0.00028981709407382983,
      "bias": [
        0.5324411632360971,
        0.9689466919465479,
        3.400768902044088
      ],
      "drift": [
        0.0,
        0.0,
        0.0
      ],
      "max_abs_drift": 0.0,
      "pcr": [
        0.9947204372872833,
        0.9680935609894844,
        0.9800561664048741
      ],
      "delta_pcr": [
        -0.000178418401965863,
        0.000857475091394222,
        0.00019039459279357462
      ],
      "errs": 10000,
      "delta_errs": -143,
      "test_rows_diff": 190,
      "net_h": -33,
      "churn_h": 123,
      "asym": 0.2682926829268293,
      "g1": true,
      "g2": true,
      "g4_direction": false,
      "g4_asymmetry": false
    },
    {
      "alpha": 0.75,
      "tuned": 0.9808784259409697,
      "delta_tuned": 0.00021152147449632341,
      "bias": [
        0.5324411632360971,
        0.9689466919465479,
        3.400768902044088
      ],
      "drift": [
        0.0,
        0.0,
        0.0
      ],
      "max_abs_drift": 0.0,
      "pcr": [
        0.9947042174325592,
        0.9681604858746664,
        0.9797705745156837
      ],
      "delta_pcr": [
        -0.0001946382566899718,
        0.000924399976576229,
        -9.519729639684282e-05
      ],
      "errs": 9996,
      "delta_errs": -147,
      "test_rows_diff": 165,
      "net_h": -46,
      "churn_h": 100,
      "asym": 0.46,
      "g1": true,
      "g2": true,
      "g4_direction": false,
      "g4_asymmetry": false
    },
    {
      "alpha": 0.8,
      "tuned": 0.980878314125268,
      "delta_tuned": 0.0002114096587946257,
      "bias": [
        0.4324411632360975,
        0.8689466919465483,
        3.400768902044088
      ],
      "drift": [
        -0.09999999999999964,
        -0.09999999999999964,
        0.0
      ],
      "max_abs_drift": 0.09999999999999964,
      "pcr": [
        0.9946988108143178,
        0.9672611827300334,
        0.9806749488314532
      ],
      "delta_pcr": [
        -0.00020004487493141543,
        2.509683194318324e-05,
        0.0008091770193726644
      ],
      "errs": 10194,
      "delta_errs": 51,
      "test_rows_diff": 147,
      "net_h": 32,
      "churn_h": 84,
      "asym": 0.38095238095238093,
      "g1": true,
      "g2": true,
      "g4_direction": true,
      "g4_asymmetry": false
    },
    {
      "alpha": 0.85,
      "tuned": 0.9807921004527621,
      "delta_tuned": 0.00012519598628868422,
      "bias": [
        0.5324411632360971,
        0.9689466919465479,
        3.400768902044088
      ],
      "drift": [
        0.0,
        0.0,
        0.0
      ],
      "max_abs_drift": 0.0,
      "pcr": [
        0.994687997577835,
        0.9682985184503543,
        0.9793897853300966
      ],
      "delta_pcr": [
        -0.00021085811141419164,
        0.0010624325522641254,
        -0.00047598648198399207
      ],
      "errs": 9977,
      "delta_errs": -166,
      "test_rows_diff": 134,
      "net_h": -63,
      "churn_h": 73,
      "asym": 0.863013698630137,
      "g1": false,
      "g2": true,
      "g4_direction": false,
      "g4_asymmetry": true
    },
    {
      "alpha": 0.9,
      "tuned": 0.9808070389778482,
      "delta_tuned": 0.00014013451137473432,
      "bias": [
        0.4324411632360975,
        0.8689466919465483,
        3.400768902044088
      ],
      "drift": [
        -0.09999999999999964,
        -0.09999999999999964,
        0.0
      ],
      "max_abs_drift": 0.09999999999999964,
      "pcr": [
        0.9946717777231109,
        0.967407580916369,
        0.9803417582940644
      ],
      "delta_pcr": [
        -0.00022707796613830045,
        0.0001714950182788444,
        0.00047598648198388105
      ],
      "errs": 10176,
      "delta_errs": 33,
      "test_rows_diff": 95,
      "net_h": 9,
      "churn_h": 33,
      "asym": 0.2727272727272727,
      "g1": false,
      "g2": true,
      "g4_direction": true,
      "g4_asymmetry": false
    }
  ],
  "best_alpha": 0.65,
  "best_delta_tuned": 0.00030719195463302373,
  "best_passes_all_gates": false
}