{
  "te_seed": 9999,
  "oof_argmax": 0.9784637251993539,
  "oof_tuned": 0.9796545110388263,
  "tuned_bias": [
    -1.2299999999999998,
    -1.0399999999999998,
    0.0
  ],
  "fold_scores": [
    0.9774317253528076,
    0.9778539515343992,
    0.979359651021756,
    0.9785189171110966,
    0.9791540633546317
  ],
  "n_folds": 5,
  "ORIG_ROW_WEIGHT": 0.5
}