{
  "te_seed": 123,
  "oof_argmax": 0.9783577485938646,
  "oof_tuned": 0.979652119482846,
  "tuned_bias": [
    -1.0270000000000001,
    -0.98,
    0.4
  ],
  "fold_scores": [
    0.9770125013934944,
    0.9777682375474931,
    0.9799660484688032,
    0.9784010612781818,
    0.9786404948467444
  ],
  "n_folds": 5,
  "ORIG_ROW_WEIGHT": 0.5
}