{
  "oof_argmax": 0.967680949153063,
  "oof_tuned": 0.9710919720893315,
  "tuned_bias": [
    0.0,
    -1.0,
    0.0
  ],
  "fold_scores": [
    0.9714093847643546,
    0.962586230427554,
    0.9722231527664045,
    0.9537506543350361,
    0.9784366916820576
  ],
  "n_folds": 5,
  "ORIG_ROW_WEIGHT": 0.5,
  "n_train": 20000,
  "n_orig": 10000,
  "n_test": 5000
}