{
  "oof_argmax": 0.9784332899084797,
  "oof_tuned": 0.9803165276011069,
  "tuned_bias": [
    -1.0150000000000001,
    -1.0,
    0.2
  ],
  "fold_scores": [
    0.9771141790647043,
    0.9778345678077415,
    0.9799470690407767,
    0.9785185629361819,
    0.9787516816805787
  ],
  "n_folds": 5,
  "ORIG_ROW_WEIGHT": 0.5,
  "n_train": 630000,
  "n_orig": 10000,
  "n_test": 270000
}