{
  "te_seed": 7,
  "oof_argmax": 0.9784135036052962,
  "oof_tuned": 0.9797846133480173,
  "tuned_bias": [
    -1.2780000000000002,
    -1.138,
    0.0
  ],
  "fold_scores": [
    0.9773671741717004,
    0.9776237011332224,
    0.9798793238438872,
    0.9784359362818993,
    0.9787610653730986
  ],
  "n_folds": 5,
  "ORIG_ROW_WEIGHT": 0.5
}