{
  "n_seeds": 5,
  "seeds": [
    7,
    42,
    123,
    2024,
    9999
  ],
  "bag_oof_tuned": 0.9799561278242978,
  "bag_oof_bias": [
    1.5324411632360975,
    1.668946691946548,
    2.900768902044088
  ],
  "bag_oof_drift": [
    1.0000000000000004,
    0.7000000000000002,
    -0.5
  ]
}