{
  "te_seed": 2024,
  "oof_argmax": 0.9786164001781903,
  "oof_tuned": 0.9798607204522973,
  "tuned_bias": [
    -0.89,
    -0.8,
    0.498
  ],
  "fold_scores": [
    0.9775231134963711,
    0.9781657270332018,
    0.9799117864681316,
    0.9789931769082019,
    0.9784878727195753
  ],
  "n_folds": 5,
  "ORIG_ROW_WEIGHT": 0.5
}