{
  "overall_argmax_bal_acc": 0.9705481533640729,
  "tuned_log_bias_bal_acc": 0.9763588437750976,
  "log_bias": [
    1.2324411632360972,
    1.468946691946548,
    3.400768902044088
  ],
  "fold_ba": [
    0.9704185774296602,
    0.9681962820616038,
    0.9727023800790158,
    0.9705272516456285,
    0.9708961765486873
  ],
  "n_folds": 5,
  "folds_completed": 5,
  "seed": 42,
  "smoke": false,
  "feature_counts": {
    "base_cols": 30,
    "combo_cols": 9
  }
}