{
  "overall_argmax_bal_acc": 0.9700163793805155,
  "tuned_log_bias_bal_acc": 0.976378616731994,
  "log_bias": [
    1.4324411632360974,
    1.3689466919465483,
    3.400768902044088
  ],
  "fold_ba": [
    0.9697780105843542,
    0.9711193136303882,
    0.9710382675635526,
    0.9701794861471615,
    0.9679667261520833
  ],
  "n_folds": 5,
  "folds_completed": 5,
  "seed": 42,
  "smoke": false,
  "feature_counts": {
    "base_cols": 30,
    "combo_cols": 9
  }
}