{
  "seed": 42,
  "n_folds": 5,
  "variant_suffix": "_anchw20",
  "ote_alpha": 1.0,
  "xgb_booster": "gbtree",
  "fold_scores_argmax": [
    0.9749298902558304,
    0.9762096362392674,
    0.9769489845554942,
    0.9746107144121132,
    0.9745812837792559
  ],
  "overall_argmax_bal_acc": 0.9754561343475551,
  "tuned_log_bias_bal_acc": 0.9796374589268572,
  "log_bias": [
    1.4324411632360974,
    1.3689466919465483,
    3.3007689020440885
  ],
  "n_features": 443,
  "feature_group_sizes": {
    "nums": 11,
    "cats": 8,
    "combos": 28,
    "digits": 66,
    "num_as_cat": 11,
    "freq": 36,
    "tres": 4,
    "logits": 3,
    "orig_stats": 38,
    "dae_embed": 0,
    "extra_domain": 0,
    "extra_decimal": 0,
    "extra_w8": 0,
    "gby": 0,
    "instab": 0
  },
  "te_col_count": 117
}