{
  "seed": 42,
  "n_folds": 5,
  "variant_suffix": "_phys",
  "ote_alpha": 1.0,
  "xgb_booster": "gbtree",
  "fold_scores_argmax": [
    0.9754319042944948,
    0.975904072145962,
    0.9768619426326306,
    0.9742547364553334,
    0.9753420073831158
  ],
  "overall_argmax_bal_acc": 0.9755589514899224,
  "tuned_log_bias_bal_acc": 0.9794772700430023,
  "log_bias": [
    1.0324411632360975,
    1.168946691946548,
    3.400768902044088
  ],
  "n_features": 455,
  "feature_group_sizes": {
    "nums": 11,
    "cats": 8,
    "combos": 28,
    "digits": 66,
    "num_as_cat": 11,
    "freq": 36,
    "tres": 4,
    "logits": 3,
    "orig_stats": 38,
    "dae_embed": 0,
    "extra_domain": 0,
    "extra_decimal": 0,
    "extra_w8": 0,
    "extra_phys_nums": 9,
    "extra_phys_combo": 1,
    "gby": 0,
    "instab": 0,
    "ood": 0,
    "knn10k": 0,
    "ood9": 0,
    "three_way": 0,
    "nndist": 0
  },
  "te_col_count": 118
}