{
  "seed": 42,
  "n_folds": 5,
  "fold_rmses": [
    0.10840743780136108,
    0.10932598263025284,
    0.11026528477668762,
    0.10885641723871231,
    0.10891604423522949
  ],
  "best_iters": [
    1697,
    2060,
    1792,
    2070,
    1699
  ],
  "oof_rmse_mean": 0.10915423333644866,
  "threshold_t1": 0.30000000000000004,
  "threshold_t2": 1.1,
  "bal_acc_thresholds": 0.9772111602296087,
  "gaussian_sigma": 0.2,
  "bal_acc_gaussian_logbias": 0.9772293948409673,
  "bal_acc_gaussian_argmax": 0.9772293948409673,
  "log_bias": [
    -7.167558836763903,
    -2.031053308053452,
    7.9007689020440885
  ],
  "n_features": 443
}