{
  "seed": 42,
  "n_folds": 5,
  "variant": "no_combos",
  "fold_scores_argmax": [
    0.9754160266273798,
    0.9758895274696079,
    0.9768223850018948,
    0.9747210861080925,
    0.9749945057885837
  ],
  "best_iters": [
    1405,
    1665,
    1410,
    1306,
    1292
  ],
  "overall_argmax_bal_acc": 0.9755687189275918,
  "tuned_log_bias_bal_acc": 0.9795134903982249,
  "log_bias": [
    0.7324411632360973,
    0.9689466919465479,
    3.3007689020440885
  ],
  "n_features": 331,
  "recipe_oof_tuned": 0.9796650350078755,
  "delta_vs_recipe": -0.00015154460965061123,
  "error_count_subset": 10742,
  "error_count_recipe": 10114,
  "jaccard_vs_recipe": 0.8360771194647416
}