{
  "n_folds": 5,
  "smoke": false,
  "k_margin": 2.0,
  "rule_acc_train": 0.9836444444444444,
  "fold_scores_argmax": [
    0.9751312285180823,
    0.975790221118908,
    0.9770386009613071,
    0.9744729737423371,
    0.9760613974940999
  ],
  "overall_argmax_bal_acc": 0.9756989170217346,
  "tuned_log_bias_bal_acc": 0.9795419461359209,
  "log_bias": [
    0.9324411632360975,
    1.068946691946548,
    2.900768902044088
  ]
}