{
  "seed": 42,
  "n_folds": 5,
  "variant_suffix": "_a10",
  "ote_alpha": 10.0,
  "xgb_booster": "gbtree",
  "fold_scores_argmax": [
    0.975784398454092,
    0.9760917337407039,
    0.9769790182832198,
    0.9753329279260002,
    0.9759669582507785
  ],
  "overall_argmax_bal_acc": 0.9760310263569584,
  "tuned_log_bias_bal_acc": 0.9797114752229868,
  "log_bias": [
    1.4324411632360974,
    1.3689466919465483,
    3.1007689020440883
  ],
  "n_features": 443,
  "feature_group_sizes": {
    "nums": 11,
    "cats": 8,
    "combos": 28,
    "digits": 66,
    "num_as_cat": 11,
    "freq": 36,
    "tres": 4,
    "logits": 3,
    "orig_stats": 38
  },
  "te_col_count": 117
}