{
  "seed": 42,
  "n_folds": 5,
  "variant": "no_orig",
  "fold_scores_argmax": [
    0.9754064848766921,
    0.9759297601881843,
    0.9765083935723698,
    0.9745476368582607,
    0.9758341306894911
  ],
  "best_iters": [
    1368,
    1380,
    1356,
    1228,
    1113
  ],
  "overall_argmax_bal_acc": 0.9756453030424105,
  "tuned_log_bias_bal_acc": 0.9796148707017913,
  "log_bias": [
    1.1324411632360976,
    1.168946691946548,
    3.400768902044088
  ],
  "n_features": 405,
  "recipe_oof_tuned": 0.9796650350078755,
  "delta_vs_recipe": -5.016430608417721e-05,
  "error_count_subset": 10618,
  "error_count_recipe": 10114,
  "jaccard_vs_recipe": 0.855544616486172
}