{
  "seed": 42,
  "n_folds": 5,
  "variant_suffix": "_fexboth",
  "ote_alpha": 1.0,
  "xgb_booster": "gbtree",
  "fold_scores_argmax": [
    0.9755907925788421,
    0.9765306908824121,
    0.9771998116146893,
    0.9742311612167663,
    0.9760009443627072
  ],
  "overall_argmax_bal_acc": 0.9759107012144378,
  "tuned_log_bias_bal_acc": 0.9795526207496326,
  "log_bias": [
    0.9324411632360975,
    1.068946691946548,
    3.2007689020440884
  ],
  "n_features": 459,
  "feature_group_sizes": {
    "nums": 11,
    "cats": 8,
    "combos": 28,
    "digits": 66,
    "num_as_cat": 11,
    "freq": 36,
    "tres": 4,
    "logits": 3,
    "orig_stats": 38,
    "dae_embed": 0,
    "extra_domain": 11,
    "extra_decimal": 5
  },
  "te_col_count": 117
}