{
  "seed": 42,
  "n_folds": 5,
  "tau": 0.99,
  "pseudo_weight": 1.0,
  "pseudo_n": 198194,
  "pseudo_label_dist": [
    119029,
    70977,
    8188
  ],
  "fold_scores_argmax": [
    0.9766167048757777,
    0.9759126671647617,
    0.9774513819792428,
    0.9758411957280199,
    0.9755738734527678
  ],
  "overall_argmax_bal_acc": 0.9762791494509769,
  "tuned_log_bias_bal_acc": 0.9798963530382157,
  "log_bias": [
    1.2324411632360972,
    1.168946691946548,
    3.000768902044088
  ],
  "baseline_tuned": 0.9796650350078755,
  "delta_vs_baseline": 0.0002313180303401552,
  "labeler_test_path": "scripts/artifacts/test_sklearn_rf_meta_natural_v1_lb98129.npy",
  "labeler_bias_json": "scripts/artifacts/sklearn_rf_meta_natural_v1_lb98129_results.json",
  "labeler_bias": [
    0.4324411632360975,
    0.8689466919465483,
    3.2007689020440884
  ],
  "suffix": "lb98129labeler_t099"
}