{
  "seed": 42,
  "n_folds": 2,
  "smoke": true,
  "focal_gamma": 1.0,
  "focal_beta": 0.99999,
  "alpha": [
    1.0,
    1.5211548805236816,
    16.740842819213867
  ],
  "fold_scores_argmax": [
    0.9597560732257763,
    0.9593404780162107
  ],
  "overall_argmax_bal_acc": 0.9595460571136153,
  "tuned_log_bias_bal_acc": 0.9640222102142441,
  "log_bias": [
    1.7309433006850918,
    1.671010944074388,
    3.203700511880274
  ],
  "n_features": 443
}