{
  "seed": 42,
  "n_folds": 5,
  "variant_suffix": "_gby",
  "ote_alpha": 1.0,
  "xgb_booster": "gbtree",
  "fold_scores_argmax": [
    0.9751788404453476,
    0.9755730712151927,
    0.9775418653838588,
    0.9745956743057462,
    0.9756564248200519
  ],
  "overall_argmax_bal_acc": 0.9757092067730949,
  "tuned_log_bias_bal_acc": 0.9795909757594309,
  "log_bias": [
    1.0324411632360975,
    1.168946691946548,
    3.000768902044088
  ],
  "n_features": 619,
  "feature_group_sizes": {
    "nums": 11,
    "cats": 8,
    "combos": 28,
    "digits": 66,
    "num_as_cat": 11,
    "freq": 36,
    "tres": 4,
    "logits": 3,
    "orig_stats": 38,
    "dae_embed": 0,
    "extra_domain": 0,
    "extra_decimal": 0,
    "gby": 176
  },
  "te_col_count": 117
}