{
  "seed": 42,
  "n_folds": 5,
  "fold_scores_argmax": [
    0.9752698593339882,
    0.975920498026102,
    0.9761871819098445,
    0.974370270179755,
    0.9753883592394411
  ],
  "best_iters": [
    983,
    965,
    845,
    939,
    722
  ],
  "overall_argmax_bal_acc": 0.9754272478352961,
  "tuned_log_bias_bal_acc": 0.9792606982072197,
  "log_bias": [
    1.032441163236097,
    0.9689466919465479,
    3.000768902044088
  ],
  "n_features": 443,
  "recipe_oof_tuned": 0.9796650350078755,
  "delta_vs_recipe": -0.00040433680065576905,
  "error_count_lgbm": 10082,
  "error_count_recipe": 10114,
  "jaccard_vs_recipe": 0.8349990914046883
}