{
  "seed": 42,
  "n_folds": 5,
  "variant_suffix": "_btta095k10s005",
  "ote_alpha": 1.0,
  "xgb_booster": "gbtree",
  "fold_scores_argmax": [
    0.9753003017268203,
    0.9761881370863253,
    0.9767333901294338,
    0.9745855622918489,
    0.9751632190173848
  ],
  "overall_argmax_bal_acc": 0.9755941461133926,
  "tuned_log_bias_bal_acc": 0.9795443792923674,
  "log_bias": [
    1.6324411632360971,
    1.568946691946548,
    3.400768902044088
  ],
  "n_features": 443,
  "feature_group_sizes": {
    "nums": 11,
    "cats": 8,
    "combos": 28,
    "digits": 66,
    "num_as_cat": 11,
    "freq": 36,
    "tres": 4,
    "logits": 3,
    "orig_stats": 38,
    "dae_embed": 0,
    "extra_domain": 0,
    "extra_decimal": 0,
    "extra_w8": 0,
    "gby": 0,
    "instab": 0
  },
  "te_col_count": 117
}