{
  "seed": 42,
  "n_folds": 5,
  "fold_scores_argmax": [
    0.9770121454355674,
    0.9779796364919392,
    0.9782675353634794,
    0.9771595659940454,
    0.9769052440590852
  ],
  "best_iters": [
    7999,
    8000,
    7999,
    7999,
    8000
  ],
  "overall_argmax_bal_acc": 0.9774648630349242,
  "tuned_log_bias_bal_acc": 0.9792149659638835,
  "log_bias": [
    1.5324411632360975,
    1.668946691946548,
    2.900768902044088
  ],
  "n_features": 443,
  "cb_params_iterations": 8000,
  "cb_params_depth": 5,
  "cb_params_l2_leaf_reg": 15.0,
  "cb_params_learning_rate": 0.04,
  "cb_params_random_strength": 2.0,
  "cb_params_od_wait": 500
}