{
  "seed": 42,
  "n_folds": 5,
  "n_bins": 16,
  "smoke": false,
  "fold_scores_argmax": [
    0.9747764167655447,
    0.9760479138915064,
    0.9757967365182747,
    0.9742839865462312,
    0.9759898935175104
  ],
  "overall_argmax_bal_acc": 0.9753790240535339,
  "tuned_log_bias_bal_acc": 0.9794929102960621,
  "log_bias": [
    1.2324411632360976,
    1.2689466919465482,
    3.3007689020440885
  ],
  "feature_group_sizes": {
    "nums": 11,
    "cats": 8,
    "bins": 11,
    "combos": 171,
    "digits": 66,
    "num_as_cat": 11,
    "freq": 179,
    "tres": 4,
    "logits": 3,
    "orig_stats": 38
  },
  "te_col_count": 271,
  "total_wall_seconds": 2260.944416999817
}