{
  "seed": 42,
  "n_folds": 5,
  "variant_suffix": "_3way_nndist",
  "ote_alpha": 1.0,
  "xgb_booster": "gbtree",
  "fold_scores_argmax": [
    0.9748819434447178,
    0.9756865781274211,
    0.976546477654932,
    0.9744814719975706,
    0.9748975823332929
  ],
  "overall_argmax_bal_acc": 0.9752988358310839,
  "tuned_log_bias_bal_acc": 0.9794101988152861,
  "log_bias": [
    1.0324411632360975,
    1.168946691946548,
    3.400768902044088
  ],
  "n_features": 508,
  "feature_group_sizes": {
    "nums": 11,
    "cats": 8,
    "combos": 28,
    "digits": 66,
    "num_as_cat": 11,
    "freq": 51,
    "tres": 4,
    "logits": 3,
    "orig_stats": 38,
    "dae_embed": 0,
    "extra_domain": 0,
    "extra_decimal": 0,
    "extra_w8": 0,
    "gby": 0,
    "instab": 0,
    "ood": 0,
    "knn10k": 0,
    "ood9": 0,
    "three_way": 15,
    "nndist": 5
  },
  "te_col_count": 132
}