{
  "holdout_rows": 630000,
  "teacher_bal": 0.9802863771805209,
  "teacher_errs": 9873,
  "focal_bal": 0.948005218336049,
  "focal_errs": 36942,
  "jaccard_vs_teacher": 0.24009960001059574,
  "peak_alpha": 0.0,
  "peak_bal": 0.9802863771805209,
  "delta_vs_teacher": 0.0,
  "blend_sweep": [
    [
      0.0,
      0.9802863771805209
    ],
    [
      0.05,
      0.9802720878923709
    ],
    [
      0.1,
      0.9801392705841504
    ],
    [
      0.15000000000000002,
      0.9801407313555238
    ],
    [
      0.2,
      0.9800799871733612
    ],
    [
      0.25,
      0.9800697515018522
    ],
    [
      0.30000000000000004,
      0.9800295155790901
    ],
    [
      0.35000000000000003,
      0.9798049474395908
    ],
    [
      0.4,
      0.9795694056416154
    ],
    [
      0.45,
      0.9792177807553246
    ],
    [
      0.5,
      0.9788684072795943
    ]
  ]
}