{
  "seed": 42,
  "n_folds": 5,
  "tau": 0.99,
  "pseudo_weight": 1.0,
  "pseudo_n": 205966,
  "pseudo_label_dist": [
    123039,
    74380,
    8547
  ],
  "fold_scores_argmax": [
    0.9769861157251077,
    0.9757195647610569,
    0.9774901744116341,
    0.9749078783436523,
    0.9760769573333598
  ],
  "overall_argmax_bal_acc": 0.9762361051434011,
  "tuned_log_bias_bal_acc": 0.9801258721559973,
  "log_bias": [
    1.0324411632360975,
    1.068946691946548,
    3.000768902044088
  ],
  "baseline_tuned": 0.9796650350078755,
  "delta_vs_baseline": 0.00046083714812183985,
  "labeler_test_path": "scripts/artifacts/test_recipe_full_te.npy",
  "labeler_bias_json": "scripts/artifacts/recipe_full_te_results.json",
  "labeler_bias": [
    1.4324411632360974,
    1.468946691946548,
    3.400768902044088
  ],
  "suffix": "tau099"
}