{
  "anchor_bias": [
    1.4324411632360974,
    1.468946691946548,
    3.400768902044088
  ],
  "anchor_oof": 0.9796650350078755,
  "standalone": {
    "recipe_full_te": {
      "fixed": 0.9796650350078755,
      "tuned": 0.9796650350078755,
      "errors": 10114
    },
    "recipe_lgbm": {
      "fixed": 0.9793930069283489,
      "tuned": 0.9795164883162518,
      "errors": 10018
    },
    "recipe_pseudolabel": {
      "fixed": 0.9798712145011718,
      "tuned": 0.9799278932059847,
      "errors": 10039
    },
    "recipe_pseudolabel_stage2": {
      "fixed": 0.9799599417884028,
      "tuned": 0.9800165751804465,
      "errors": 9996
    },
    "recipe_catboost": {
      "fixed": 0.9773886653231844,
      "tuned": 0.9789680454442901,
      "errors": 13435
    }
  },
  "pairwise": {
    "recipe_lgbm": {
      "alpha": 0.44999999999999996,
      "oof": 0.9796738552111631,
      "delta": 8.820203287629447e-06
    },
    "recipe_pseudolabel": {
      "alpha": 0.49999999999999994,
      "oof": 0.9801231679332877,
      "delta": 0.0004581329254121913
    },
    "recipe_pseudolabel_stage2": {
      "alpha": 0.5499999999999999,
      "oof": 0.9802656363035052,
      "delta": 0.0006006012956296658
    },
    "recipe_catboost": {
      "alpha": 0.0,
      "oof": 0.9796650350078755,
      "delta": 0.0
    }
  },
  "greedy": {
    "components": [
      "recipe_full_te",
      "recipe_pseudolabel_stage2",
      "recipe_catboost",
      "recipe_pseudolabel"
    ],
    "weights": [
      0.371875,
      0.371875,
      0.13125,
      0.125
    ],
    "oof_fixed_bias": 0.9803259087295593,
    "delta_vs_anchor": 0.0006608737216837746
  },
  "action": "submission_ready",
  "submission": "submissions/submission_recipe_greedy_recipe_pseudolabel_stage2_recipe_catboost_recipe_pseudolabel.csv"
}