{
  "seed": 42,
  "n_folds": 5,
  "fold_scores_argmax": [
    0.9773975836834866,
    0.9780038003233522,
    0.9791874413841254,
    0.9778636820626904,
    0.9778351034446549
  ],
  "overall_argmax_bal_acc": 0.9780575633364595,
  "tuned_log_bias_bal_acc": 0.9793640332274199,
  "log_bias": [
    1.7324411632360976,
    1.8689466919465483,
    2.8007689020440885
  ],
  "n_features": 443,
  "recipe_oof_tuned": 0.9796650350078755,
  "delta_vs_recipe": -0.0003010017804555565,
  "error_count_catboost": 10447,
  "error_count_recipe": 10114,
  "jaccard_vs_recipe": 0.8059727711901625
}