{
  "seed": 42,
  "n_folds": 2,
  "n_shuffle": 2,
  "variant_suffix": "_5shuffle",
  "fold_scores_argmax": [
    0.9617581036218102,
    0.9641694421797405
  ],
  "overall_argmax_bal_acc": 0.9629638149854015,
  "tuned_log_bias_bal_acc": 0.9655832835472739,
  "log_bias": [
    1.330943300685092,
    1.171010944074388,
    3.403700511880274
  ],
  "n_features": 443
}