{
  "recipe_baseline_oof": 0.9796650350078755,
  "best_5way_oof": 0.9798238648445806,
  "delta": 0.00015882983670512107,
  "weights": {
    "recipe": 0.6,
    "no_digits": 0.2,
    "no_combos": 0.15,
    "no_ote": 0.03,
    "no_orig": 0.0
  }
}