{
  "seed": 42,
  "n_folds": 5,
  "variant_suffix": "_instab",
  "ote_alpha": 1.0,
  "xgb_booster": "gbtree",
  "fold_scores_argmax": [
    0.975220137530265,
    0.976318128824242,
    0.976949926841296,
    0.9746726944856924,
    0.9757119464044727
  ],
  "overall_argmax_bal_acc": 0.9757746030321228,
  "tuned_log_bias_bal_acc": 0.979619181049037,
  "log_bias": [
    1.2324411632360976,
    1.2689466919465482,
    3.400768902044088
  ],
  "n_features": 448,
  "feature_group_sizes": {
    "nums": 11,
    "cats": 8,
    "combos": 28,
    "digits": 66,
    "num_as_cat": 11,
    "freq": 36,
    "tres": 4,
    "logits": 3,
    "orig_stats": 38,
    "dae_embed": 0,
    "extra_domain": 0,
    "extra_decimal": 0,
    "extra_w8": 0,
    "gby": 0,
    "instab": 5
  },
  "te_col_count": 117
}