{
  "seed": 42,
  "n_folds": 5,
  "tau": 0.98,
  "pseudo_weight": 1.0,
  "pseudo_n": 229307,
  "pseudo_label_dist": [
    135353,
    85247,
    8707
  ],
  "fold_scores_argmax": [
    0.9762592883145239,
    0.9760374103529256,
    0.9778218522629715,
    0.9764810096145923,
    0.9764006716463384
  ],
  "overall_argmax_bal_acc": 0.9766000676272705,
  "tuned_log_bias_bal_acc": 0.9800165751804465,
  "log_bias": [
    1.5324411632360975,
    1.3689466919465483,
    3.400768902044088
  ],
  "baseline_tuned": 0.9796650350078755,
  "delta_vs_baseline": 0.00035154017257099657,
  "labeler_test_path": "scripts/artifacts/test_recipe_blend_stage1.npy",
  "labeler_bias_json": "scripts/artifacts/recipe_blend_stage1_results.json",
  "labeler_bias": [
    1.4324411632360974,
    1.468946691946548,
    3.400768902044088
  ],
  "suffix": "stage2"
}