{
  "seed": 42,
  "n_folds": 5,
  "smoke": false,
  "focal_gamma": 2.0,
  "focal_alpha_spec": "invfreq",
  "alpha": [
    1.0,
    1.5472908020019531,
    17.6075496673584
  ],
  "suffix": "_focal_g2_invfreq",
  "fold_scores_argmax": [
    0.9734167523568034,
    0.9734722123289034,
    0.9732696547331804,
    0.9709547274254587,
    0.97207834345063
  ],
  "overall_argmax_bal_acc": 0.9726382983502249,
  "tuned_log_bias_bal_acc": 0.9768334922855993,
  "log_bias": [
    1.532441163236097,
    1.468946691946548,
    3.000768902044088
  ],
  "n_features": 443
}