{
  "seed": 42,
  "n_folds": 5,
  "smoke": false,
  "fold_scores_argmax": [
    0.9751009687377703,
    0.9756740729495434,
    0.9767968752522137,
    0.974164339867195,
    0.975531099834183
  ],
  "overall_argmax_bal_acc": 0.9754534905064457,
  "tuned_log_bias_bal_acc": 0.9794233800571317,
  "log_bias": [
    1.3324411632360977,
    1.3689466919465483,
    3.400768902044088
  ],
  "feature_group_sizes": {
    "nums": 11,
    "cats": 8,
    "combos": 28,
    "digits": 66,
    "num_as_cat": 11,
    "freq": 36,
    "tres": 4,
    "logits": 3,
    "orig_stats": 38,
    "dae_embed": 128
  },
  "te_col_count": 117,
  "n_dae_cols": 128,
  "total_wall_seconds": 1293.1561715602875
}