{
  "seed": 42,
  "n_folds": 5,
  "smoke": false,
  "focal_gamma": 1.0,
  "focal_beta": 0.99999,
  "alpha": [
    1.0,
    1.0735516548156738,
    5.146755695343018
  ],
  "fold_scores_argmax": [
    0.9725945804940598,
    0.9735392895549029,
    0.9726309698279084,
    0.9712704693696358,
    0.9725229621049561
  ],
  "overall_argmax_bal_acc": 0.9725116722651438,
  "tuned_log_bias_bal_acc": 0.9778534834554652,
  "log_bias": [
    1.2324411632360976,
    1.2689466919465482,
    3.400768902044088
  ],
  "n_features": 443
}