{
  "seed": 42,
  "n_folds": 5,
  "tau": 0.92,
  "pseudo_weight": 1.0,
  "pseudo_n": 254269,
  "pseudo_label_dist": [
    151301,
    93989,
    8979
  ],
  "fold_scores_argmax": [
    0.9770686637169007,
    0.9765210951486881,
    0.9786999188758578,
    0.9768329483706912,
    0.9770602835532941
  ],
  "overall_argmax_bal_acc": 0.9772365879775379,
  "tuned_log_bias_bal_acc": 0.9800447872567482,
  "log_bias": [
    1.4324411632360974,
    1.468946691946548,
    3.400768902044088
  ],
  "baseline_tuned": 0.9796650350078755,
  "delta_vs_baseline": 0.0003797522488726557,
  "labeler_test_path": "scripts/artifacts/test_recipe_full_te.npy",
  "labeler_bias_json": "scripts/artifacts/recipe_full_te_results.json",
  "labeler_bias": [
    1.4324411632360974,
    1.468946691946548,
    3.400768902044088
  ],
  "suffix": "tau092"
}