{
  "seed": 42,
  "n_folds": 2,
  "variant_suffix": "_fexboth",
  "ote_alpha": 1.0,
  "xgb_booster": "gbtree",
  "fold_scores_argmax": [
    0.9606660671368156,
    0.9603101479388778
  ],
  "overall_argmax_bal_acc": 0.9604858915823865,
  "tuned_log_bias_bal_acc": 0.9641923116793145,
  "log_bias": [
    1.2309433006850918,
    1.571010944074388,
    2.703700511880274
  ],
  "n_features": 459,
  "feature_group_sizes": {
    "nums": 11,
    "cats": 8,
    "combos": 28,
    "digits": 66,
    "num_as_cat": 11,
    "freq": 36,
    "tres": 4,
    "logits": 3,
    "orig_stats": 38,
    "dae_embed": 0,
    "extra_domain": 11,
    "extra_decimal": 5
  },
  "te_col_count": 117
}