{
  "seed": 42,
  "n_folds": 5,
  "tau": 0.98,
  "pseudo_weight": 1.0,
  "pseudo_n": 223619,
  "pseudo_label_dist": [
    132299,
    82636,
    8684
  ],
  "fold_scores_argmax": [
    0.9763684337210686,
    0.9762588734760929,
    0.9783847896345903,
    0.9754278150697182,
    0.9755098720515972
  ],
  "overall_argmax_bal_acc": 0.9763899545860744,
  "tuned_log_bias_bal_acc": 0.9799195308888592,
  "log_bias": [
    1.4324411632360974,
    1.2689466919465482,
    3.400768902044088
  ],
  "baseline_tuned": 0.9796650350078755,
  "delta_vs_baseline": 0.00025449588098369613,
  "labeler_test_path": "scripts/artifacts/test_recipe_full_te_seed123.npy",
  "labeler_bias_json": "scripts/artifacts/recipe_full_te_seed123_results.json",
  "labeler_bias": [
    1.0324411632360975,
    1.168946691946548,
    3.400768902044088
  ],
  "suffix": "seed123labeler"
}