{
  "seed": 42,
  "n_folds": 5,
  "tau": 0.98,
  "pseudo_weight": 1.0,
  "pseudo_n": 226162,
  "pseudo_label_dist": [
    133923,
    83570,
    8669
  ],
  "fold_scores_argmax": [
    0.9770005414764934,
    0.9762658619171999,
    0.978807127978001,
    0.9750258209930444,
    0.9758882190572075
  ],
  "overall_argmax_bal_acc": 0.976597498371333,
  "tuned_log_bias_bal_acc": 0.9799278932059847,
  "log_bias": [
    1.6324411632360971,
    1.468946691946548,
    3.3007689020440885
  ],
  "baseline_tuned": 0.9796650350078755,
  "delta_vs_baseline": 0.00026285819810922817
}