{
  "seed": 42,
  "n_folds": 5,
  "variant_suffix": "_cldrop",
  "ote_alpha": 1.0,
  "xgb_booster": "gbtree",
  "fold_scores_argmax": [
    0.9753439733398624,
    0.9766922549354823,
    0.9778716840110807,
    0.9761920300948411,
    0.9762846250980285
  ],
  "overall_argmax_bal_acc": 0.9764769849620478,
  "tuned_log_bias_bal_acc": 0.9796545874898891,
  "log_bias": [
    1.0324411632360975,
    1.068946691946548,
    2.900768902044088
  ],
  "n_features": 443,
  "feature_group_sizes": {
    "nums": 11,
    "cats": 8,
    "combos": 28,
    "digits": 66,
    "num_as_cat": 11,
    "freq": 36,
    "tres": 4,
    "logits": 3,
    "orig_stats": 38
  },
  "te_col_count": 117
}