{
  "seed": 42,
  "n_folds": 5,
  "variant_suffix": "_dae",
  "ote_alpha": 1.0,
  "xgb_booster": "gbtree",
  "fold_scores_argmax": [
    0.9756531082061559,
    0.9759736114574863,
    0.9769498550087997,
    0.9741872935724105,
    0.9750642373575354
  ],
  "overall_argmax_bal_acc": 0.9755656258820022,
  "tuned_log_bias_bal_acc": 0.9795508205431728,
  "log_bias": [
    1.4324411632360974,
    1.3689466919465483,
    3.400768902044088
  ],
  "n_features": 444,
  "feature_group_sizes": {
    "nums": 11,
    "cats": 8,
    "combos": 28,
    "digits": 66,
    "num_as_cat": 11,
    "freq": 36,
    "tres": 4,
    "logits": 3,
    "orig_stats": 38,
    "dae_embed": 1,
    "extra_domain": 0,
    "extra_decimal": 0,
    "extra_w8": 0,
    "gby": 0
  },
  "te_col_count": 117
}