{
  "seed": 42,
  "n_folds": 5,
  "fold_scores_argmax": [
    0.9757950572366614,
    0.9759899444275589,
    0.9766776011865758,
    0.9742568480539048,
    0.9752540950069468
  ],
  "overall_argmax_bal_acc": 0.9755947093039951,
  "tuned_log_bias_bal_acc": 0.9795164883162518,
  "log_bias": [
    1.2324411632360976,
    1.2689466919465482,
    3.400768902044088
  ],
  "n_features": 443
}