{
  "seed": 42,
  "n_folds": 5,
  "variant_suffix": "_ds012",
  "ote_alpha": 1.0,
  "xgb_booster": "gbtree",
  "fold_scores_argmax": [
    0.9742599559014153,
    0.9747787488438742,
    0.977107333395942,
    0.9754088587006496,
    0.9754368123308309
  ],
  "overall_argmax_bal_acc": 0.9754383619261296,
  "tuned_log_bias_bal_acc": 0.9793979388014891,
  "log_bias": [
    0.03244116323609758,
    1.068946691946548,
    3.000768902044088
  ],
  "n_features": 443,
  "feature_group_sizes": {
    "nums": 11,
    "cats": 8,
    "combos": 28,
    "digits": 66,
    "num_as_cat": 11,
    "freq": 36,
    "tres": 4,
    "logits": 3,
    "orig_stats": 38,
    "dae_embed": 0,
    "extra_domain": 0,
    "extra_decimal": 0,
    "extra_w8": 0,
    "gby": 0
  },
  "te_col_count": 117
}