{
  "oof_argmax": 0.9674723995573444,
  "oof_tuned_recipe_bias": 0.969580650786387,
  "per_fold_argmax": [
    0.9671655624857781,
    0.9673251417329184,
    0.9684023340935276,
    0.9674203358353367,
    0.9670485060888376
  ],
  "elapsed_sec": 2774.764594078064
}