{
  "seed": 42,
  "n_folds": 5,
  "variant": "no_digits",
  "fold_scores_argmax": [
    0.9757470191192886,
    0.975806465283022,
    0.9762280175628132,
    0.975247748681754,
    0.9755078288310198
  ],
  "best_iters": [
    1325,
    1241,
    1338,
    1313,
    1227
  ],
  "overall_argmax_bal_acc": 0.9757074255476645,
  "tuned_log_bias_bal_acc": 0.9795578708580793,
  "log_bias": [
    1.2324411632360976,
    1.3689466919465483,
    3.3007689020440885
  ],
  "n_features": 245,
  "recipe_oof_tuned": 0.9796650350078755,
  "delta_vs_recipe": -0.0001071641497961684,
  "error_count_subset": 10393,
  "error_count_recipe": 10114,
  "jaccard_vs_recipe": 0.7866353023174769
}