{
  "seed": 42,
  "n_folds": 5,
  "variant_suffix": "_knn10k",
  "ote_alpha": 1.0,
  "xgb_booster": "gbtree",
  "fold_scores_argmax": [
    0.975703577786838,
    0.9763619970758034,
    0.9769080805245315,
    0.9743628728592971,
    0.9757343154533032
  ],
  "overall_argmax_bal_acc": 0.975814176980721,
  "tuned_log_bias_bal_acc": 0.9796141476224723,
  "log_bias": [
    1.4324411632360974,
    1.468946691946548,
    3.400768902044088
  ],
  "n_features": 451,
  "feature_group_sizes": {
    "nums": 11,
    "cats": 8,
    "combos": 28,
    "digits": 66,
    "num_as_cat": 11,
    "freq": 36,
    "tres": 4,
    "logits": 3,
    "orig_stats": 38,
    "dae_embed": 0,
    "extra_domain": 0,
    "extra_decimal": 0,
    "extra_w8": 0,
    "gby": 0,
    "ood": 0,
    "knn10k": 8
  },
  "te_col_count": 117
}