{
  "seed": 42,
  "n_folds": 5,
  "variant_suffix": "_origw10",
  "ote_alpha": 1.0,
  "xgb_booster": "gbtree",
  "fold_scores_argmax": [
    0.9752323410248533,
    0.9761082080232079,
    0.9774948570386525,
    0.9750485941563003,
    0.9753277973985851
  ],
  "overall_argmax_bal_acc": 0.9758423947884248,
  "tuned_log_bias_bal_acc": 0.9795515866311107,
  "log_bias": [
    1.1324411632360976,
    1.2689466919465482,
    3.400768902044088
  ],
  "n_features": 443,
  "feature_group_sizes": {
    "nums": 11,
    "cats": 8,
    "combos": 28,
    "digits": 66,
    "num_as_cat": 11,
    "freq": 36,
    "tres": 4,
    "logits": 3,
    "orig_stats": 38,
    "dae_embed": 0,
    "extra_domain": 0,
    "extra_decimal": 0,
    "extra_w8": 0,
    "gby": 0,
    "instab": 0,
    "ood": 0,
    "knn10k": 0,
    "ood9": 0,
    "av": 0,
    "three_way": 0,
    "nndist": 0
  },
  "te_col_count": 117
}