{
  "seed": 42,
  "n_folds": 5,
  "fold_scores_argmax": [
    0.9776875770633969,
    0.9781254507916425,
    0.9800092381196656,
    0.9785852191161482,
    0.9785575493614497
  ],
  "best_iters": [
    508,
    662,
    473,
    455,
    729
  ],
  "overall_argmax_bal_acc": 0.9785930554508403,
  "tuned_log_bias_bal_acc": 0.978830735177679,
  "log_bias": [
    2.232441163236097,
    2.168946691946548,
    2.6007689020440883
  ],
  "bias_H": 2.6007689020440883,
  "cal_verdict": "FAIL \u2014 bias_H still high",
  "ORIG_ROW_WEIGHT": 0.5,
  "n_train": 630000,
  "n_orig": 10000,
  "n_test": 270000,
  "encoder": "sklearn TargetEncoder(multiclass, cv=5, smooth=auto)",
  "model": "LightGBM",
  "params": {
    "num_leaves": 8,
    "learning_rate": 0.05,
    "reg_alpha": 0.0,
    "reg_lambda": 0.0,
    "n_estimators": 2600,
    "feature_fraction": 0.8,
    "bagging_fraction": 0.8,
    "bagging_freq": 5,
    "min_data_in_leaf": 2
  }
}