{
  "xgb_oof": 0.9796650350078755,
  "cat_oof": 0.9773886653231844,
  "xgb_bias": [
    1.4324411632360974,
    1.468946691946548,
    3.400768902044088
  ],
  "error_jaccard": 0.6794323206389958,
  "log_sweep": [
    [
      0.1,
      0.9780666260848595,
      0.979207563922897
    ],
    [
      0.15,
      0.9783120021279661,
      0.9792388854187806
    ],
    [
      0.2,
      0.9785449098138329,
      0.9793253457883605
    ],
    [
      0.25,
      0.9786810115184169,
      0.9793588241666843
    ],
    [
      0.3,
      0.9787320397824115,
      0.9795111299997723
    ],
    [
      0.35,
      0.978867483035101,
      0.979526015577726
    ],
    [
      0.4,
      0.9789793811476718,
      0.9795484222180885
    ],
    [
      0.45,
      0.9791942768062646,
      0.979607772864982
    ],
    [
      0.5,
      0.9793645558747359,
      0.9796433768633399
    ],
    [
      0.55,
      0.9794441844288527,
      0.979730950058325
    ],
    [
      0.6,
      0.9794602267931322,
      0.9797268237224027
    ],
    [
      0.65,
      0.9795051278248995,
      0.9797067364327815
    ],
    [
      0.7,
      0.9794760604336566,
      0.9797206278168228
    ],
    [
      0.75,
      0.97948069813615,
      0.9797025441175865
    ],
    [
      0.8,
      0.9795179745428463,
      0.979702058291636
    ],
    [
      0.85,
      0.9795832885727219,
      0.9796779664299247
    ],
    [
      0.9,
      0.9795658245334894,
      0.9796926494054551
    ]
  ],
  "prob_sweep": [
    [
      0.1,
      0.9778090373677987,
      0.9790771532782002
    ],
    [
      0.15,
      0.9779616841119343,
      0.979170935934565
    ],
    [
      0.2,
      0.9781638969968425,
      0.9791869522345641
    ],
    [
      0.25,
      0.9783418780550367,
      0.9792234110242038
    ],
    [
      0.3,
      0.978433520592883,
      0.9792789811961228
    ],
    [
      0.35,
      0.9785771511375865,
      0.9793465362984987
    ],
    [
      0.4,
      0.9786461265726839,
      0.9794167877604743
    ],
    [
      0.45,
      0.9787272785839246,
      0.9794044350361176
    ],
    [
      0.5,
      0.9787532461137869,
      0.979474913033089
    ],
    [
      0.55,
      0.9789236595399712,
      0.9795329655864227
    ],
    [
      0.6,
      0.9791526553063604,
      0.9796027259680177
    ],
    [
      0.65,
      0.9792290952490655,
      0.979611639566707
    ],
    [
      0.7,
      0.9793560928323752,
      0.9796248046440731
    ],
    [
      0.75,
      0.9793964161533196,
      0.9796835992303022
    ],
    [
      0.8,
      0.9794311393348281,
      0.9796722624232971
    ],
    [
      0.85,
      0.979514434463197,
      0.9796737022140204
    ],
    [
      0.9,
      0.9795715251032476,
      0.9796927007058266
    ]
  ],
  "best_log_alpha": 0.85,
  "best_log_oof": 0.9795832885727219,
  "best_prob_alpha": 0.9,
  "best_prob_oof": 0.9795715251032476,
  "lr_stack_oof_fixed_bias": 0.9707464559723112,
  "lr_stack_tuned_bias_diagnostic": 0.9796522179135478,
  "submissions": {
    "log_blend": null,
    "prob_blend": null,
    "lr_stack": null
  }
}