{
  "seed": 42,
  "n_folds": 5,
  "fold_scores_argmax": [
    0.9754374580628876,
    0.976590541550145,
    0.9772112166348007,
    0.9746539974000843,
    0.9755742057346968
  ],
  "overall_argmax_bal_acc": 0.975893512925552,
  "tuned_log_bias_bal_acc": 0.9796650350078755,
  "log_bias": [
    1.4324411632360974,
    1.468946691946548,
    3.400768902044088
  ],
  "n_features": 443,
  "feature_group_sizes": {
    "nums": 11,
    "cats": 8,
    "combos": 28,
    "digits": 66,
    "num_as_cat": 11,
    "freq": 36,
    "tres": 4,
    "logits": 3,
    "orig_stats": 38
  },
  "te_col_count": 117
}