{
  "seed": 42,
  "n_folds": 5,
  "variant_suffix": "_a01",
  "ote_alpha": 0.1,
  "xgb_booster": "gbtree",
  "fold_scores_argmax": [
    0.9757572173406751,
    0.9769211329814653,
    0.9773009014186075,
    0.9747243136254206,
    0.9752443187294807
  ],
  "overall_argmax_bal_acc": 0.9759895979883192,
  "tuned_log_bias_bal_acc": 0.9796284893340955,
  "log_bias": [
    1.2324411632360976,
    1.3689466919465483,
    3.400768902044088
  ],
  "n_features": 443,
  "feature_group_sizes": {
    "nums": 11,
    "cats": 8,
    "combos": 28,
    "digits": 66,
    "num_as_cat": 11,
    "freq": 36,
    "tres": 4,
    "logits": 3,
    "orig_stats": 38
  },
  "te_col_count": 117
}