{
  "seed": 42,
  "n_folds": 5,
  "variant": "no_ote",
  "fold_scores_argmax": [
    0.9702967007152229,
    0.9710164121502979,
    0.971910368539621,
    0.9707291727254702,
    0.9694022124001673
  ],
  "best_iters": [
    1840,
    2122,
    1853,
    2087,
    1949
  ],
  "overall_argmax_bal_acc": 0.9706710027542912,
  "tuned_log_bias_bal_acc": 0.9746458171239624,
  "log_bias": [
    1.532441163236097,
    1.468946691946548,
    3.400768902044088
  ],
  "n_features": 92,
  "recipe_oof_tuned": 0.9796650350078755,
  "delta_vs_recipe": -0.00501921788391313,
  "error_count_subset": 11730,
  "error_count_recipe": 10114,
  "jaccard_vs_recipe": 0.6066490144160047
}