{
  "seed": 42,
  "n_folds": 5,
  "variant_suffix": "_seed123",
  "ote_alpha": 1.0,
  "xgb_booster": "gbtree",
  "fold_scores_argmax": [
    0.975381929646071,
    0.9742324308108111,
    0.9755526353066752,
    0.9758996590328483,
    0.9754570048575987
  ],
  "overall_argmax_bal_acc": 0.9753047589849269,
  "tuned_log_bias_bal_acc": 0.9789497531454113,
  "log_bias": [
    1.0324411632360975,
    1.168946691946548,
    3.400768902044088
  ],
  "n_features": 443,
  "feature_group_sizes": {
    "nums": 11,
    "cats": 8,
    "combos": 28,
    "digits": 66,
    "num_as_cat": 11,
    "freq": 36,
    "tres": 4,
    "logits": 3,
    "orig_stats": 38
  },
  "te_col_count": 117
}