{
  "seed": 42,
  "n_folds": 5,
  "variant_suffix": "_fexw8",
  "ote_alpha": 1.0,
  "xgb_booster": "gbtree",
  "fold_scores_argmax": [
    0.9754669567692448,
    0.9754859194884693,
    0.9768761157401943,
    0.9749586420140562,
    0.9752064651283887
  ],
  "overall_argmax_bal_acc": 0.9755988326413075,
  "tuned_log_bias_bal_acc": 0.979548943323278,
  "log_bias": [
    1.1324411632360976,
    1.2689466919465482,
    3.2007689020440884
  ],
  "n_features": 458,
  "feature_group_sizes": {
    "nums": 11,
    "cats": 8,
    "combos": 28,
    "digits": 66,
    "num_as_cat": 11,
    "freq": 36,
    "tres": 4,
    "logits": 3,
    "orig_stats": 38,
    "dae_embed": 0,
    "extra_domain": 0,
    "extra_decimal": 0,
    "extra_w8": 15,
    "gby": 0
  },
  "te_col_count": 117
}