{
  "seed": 42,
  "n_folds": 5,
  "variant_suffix": "_bnd",
  "ote_alpha": 1.0,
  "xgb_booster": "gbtree",
  "fold_scores_argmax": [
    0.9753014889908824,
    0.9760653510297548,
    0.9767686542635953,
    0.9743623565809064,
    0.9757152641927805
  ],
  "overall_argmax_bal_acc": 0.9756426433896811,
  "tuned_log_bias_bal_acc": 0.9796680468233018,
  "log_bias": [
    1.1324411632360976,
    1.3689466919465483,
    3.400768902044088
  ],
  "n_features": 444,
  "feature_group_sizes": {
    "nums": 11,
    "cats": 8,
    "combos": 28,
    "digits": 66,
    "num_as_cat": 11,
    "freq": 36,
    "tres": 4,
    "logits": 3,
    "orig_stats": 38,
    "dae_embed": 0,
    "extra_domain": 0,
    "extra_decimal": 0,
    "extra_w8": 0,
    "gby": 0,
    "instab": 0,
    "ood": 0,
    "knn10k": 0,
    "ood9": 0,
    "av": 0,
    "boundary": 1,
    "three_way": 0,
    "nndist": 0
  },
  "te_col_count": 117
}