{
  "seed": 42,
  "n_folds": 5,
  "variant_suffix": "_seed7",
  "ote_alpha": 1.0,
  "xgb_booster": "gbtree",
  "fold_scores_argmax": [
    0.9782777215558863,
    0.9765193408194891,
    0.9751167085120857,
    0.9748440505754367,
    0.9732306114593977
  ],
  "overall_argmax_bal_acc": 0.9755975624779188,
  "tuned_log_bias_bal_acc": 0.9797275188811677,
  "log_bias": [
    1.1324411632360976,
    1.2689466919465482,
    3.3007689020440885
  ],
  "n_features": 443,
  "feature_group_sizes": {
    "nums": 11,
    "cats": 8,
    "combos": 28,
    "digits": 66,
    "num_as_cat": 11,
    "freq": 36,
    "tres": 4,
    "logits": 3,
    "orig_stats": 38
  },
  "te_col_count": 117
}