{
  "seed": 42,
  "n_folds": 5,
  "smoke": false,
  "focal_gamma": 2.0,
  "focal_high_alpha": 3.0,
  "suffix": "g2h3",
  "fold_scores_argmax": [
    0.9732654866189714,
    0.9731268394543154,
    0.9747660996391677,
    0.9734432607105483,
    0.973833438743681
  ],
  "fold_best_iters": [
    200,
    135,
    61,
    59,
    88
  ],
  "overall_argmax_bal_acc": 0.9736870470627969,
  "tuned_log_bias_bal_acc": 0.9784555324903282,
  "log_bias": [
    1.7324411632360976,
    1.7689466919465482,
    2.6007689020440883
  ],
  "n_features": 443
}