{
  "n_folds": 5,
  "smoke": false,
  "temperature": 1.0,
  "mr_lambda": 0.3,
  "fold_scores_argmax": [
    0.9769100881924978,
    0.9780956328056881,
    0.9801483601451976,
    0.9776139693891875,
    0.9791778790710838
  ],
  "overall_argmax_bal_acc": 0.9783892615550175,
  "tuned_log_bias_bal_acc": 0.9787850399940727,
  "log_bias": [
    1.4324411632360974,
    1.968946691946548,
    2.6007689020440883
  ]
}