{
  "n_features": 556,
  "cat_features": [
    520,
    521,
    522,
    523,
    524,
    525,
    526,
    527,
    528,
    529,
    530,
    531,
    532,
    533,
    534,
    535,
    536,
    537,
    538,
    539,
    540,
    541,
    542,
    543,
    544,
    545,
    546,
    547,
    548,
    549,
    550,
    551,
    552,
    553,
    554,
    555
  ],
  "n_cat_features": 36,
  "oof_argmax": 0.946903224484816,
  "oof_tuned_recipe_bias": 0.962492463805506,
  "per_fold_argmax": [
    0.9476472869752836,
    0.9455669108469738,
    0.9476856828736313,
    0.9483146648669979,
    0.9453016639687931
  ],
  "best_iters": [
    1218,
    975,
    1179,
    1230,
    1350
  ],
  "elapsed_sec": 3475.677093029022
}