{
  "anchor": {
    "oof_fixed": 0.9796650350078755,
    "bias": [
      1.4324411632360974,
      1.468946691946548,
      3.400768902044088
    ],
    "errors": 10114
  },
  "variants": {
    "recipe_full_te_a01": {
      "standalone_fixed": 0.9795535010911524,
      "standalone_tuned": 0.9796284893340955,
      "errors": 10148,
      "jaccard_vs_anchor": 0.8735090152565881,
      "jaccard_vs_lbbest": null,
      "pairwise_vs_anchor": {
        "alpha": 0.2,
        "oof": 0.9797511927346393,
        "delta": 8.615772676379141e-05
      },
      "pairwise_vs_lbbest": null,
      "submission": null
    },
    "recipe_full_te_a10": {
      "standalone_fixed": 0.9797042580972953,
      "standalone_tuned": 0.9797114752229868,
      "errors": 10234,
      "jaccard_vs_anchor": 0.8411147303655447,
      "jaccard_vs_lbbest": null,
      "pairwise_vs_anchor": {
        "alpha": 0.5,
        "oof": 0.9798699094114038,
        "delta": 0.0002048744035283434
      },
      "pairwise_vs_lbbest": null,
      "submission": null
    }
  },
  "greedy": {
    "baseline": "recipe_full_te",
    "baseline_oof": 0.9796650350078755,
    "picked": [
      "recipe_full_te_a10"
    ],
    "oof": 0.9798699094114038,
    "delta_vs_baseline": 0.0002048744035283434,
    "submission": null
  }
}