{
  "seed": 42,
  "n_folds": 5,
  "fold_scores_argmax": [
    0.9756770757082291,
    0.9757685297067556,
    0.9759304844723782,
    0.975239816644422,
    0.9751299577723311
  ],
  "best_iters": [
    898,
    939,
    998,
    904,
    889
  ],
  "overall_argmax_bal_acc": 0.9755491679361032,
  "tuned_log_bias_bal_acc": 0.9796359633515741,
  "log_bias": [
    1.0324411632360975,
    1.168946691946548,
    3.400768902044088
  ],
  "n_features": 443,
  "recipe_oof_tuned": 0.9796650350078755,
  "delta_vs_recipe": -2.9071656301393745e-05,
  "error_count_lgbm": 10563,
  "error_count_recipe": 10114,
  "jaccard_vs_recipe": 0.8259448957965383
}