{
  "seed": 42,
  "n_folds": 2,
  "gamma": 2.0,
  "alpha_high_mult": 1.0,
  "fold_scores_argmax": [
    0.9759813503716218,
    0.9755325599105905
  ],
  "overall_argmax_bal_acc": 0.9757569403301184,
  "tuned_log_bias_bal_acc": 0.9774235822834859,
  "log_bias": [
    1.8324411632360973,
    1.7689466919465482,
    2.2007689020440884
  ],
  "per_class_recall_tuned": [
    0.9947934266335421,
    0.9651321348201812,
    0.9723451853967348
  ],
  "smoke": true
}