{
  "seed": 42,
  "n_folds": 5,
  "smoke": false,
  "use_gpu": true,
  "smote_target": 25000,
  "smote_k": 10,
  "folds_completed": 5,
  "fold_scores_argmax": [
    0.9751342938879813,
    0.9758250719740701,
    0.9771371566137455,
    0.9742320132315881,
    0.9751380300201534
  ],
  "overall_argmax_bal_acc": 0.9754933410335797,
  "tuned_log_bias_bal_acc": 0.9796271515350559,
  "log_bias": [
    -1.9100000000000232,
    -1.780000000000026,
    0.4099999999999273
  ],
  "fold1_metrics": {
    "argmax_bal": 0.9751342938879813,
    "recall_low": 0.9953097967128027,
    "recall_med": 0.977224720276064,
    "recall_high": 0.9528683646750774,
    "errors": 1634,
    "err_ratio": 0.06484126984126984,
    "pass_argmax": true,
    "pass_high_floor": false,
    "pass_high_lift": false,
    "pass_errs": true,
    "decision": "PROCEED"
  },
  "gate_decision": "PROCEED"
}