{
  "seed": 42,
  "n_folds": 5,
  "tau": 0.97,
  "pseudo_weight": 1.0,
  "pseudo_n": 236081,
  "pseudo_label_dist": [
    139794,
    87548,
    8739
  ],
  "fold_scores_argmax": [
    0.976963358051206,
    0.9768391579807959,
    0.9778142778550564,
    0.9762926823618695,
    0.9765369572064241
  ],
  "overall_argmax_bal_acc": 0.9768892845193423,
  "tuned_log_bias_bal_acc": 0.9800093819582321,
  "log_bias": [
    0.9324411632360975,
    0.9689466919465479,
    2.8007689020440885
  ],
  "baseline_tuned": 0.9796650350078755,
  "delta_vs_baseline": 0.0003443469503565666,
  "labeler_test_path": "scripts/artifacts/test_recipe_full_te.npy",
  "labeler_bias_json": "scripts/artifacts/recipe_full_te_results.json",
  "labeler_bias": [
    1.4324411632360974,
    1.468946691946548,
    3.400768902044088
  ],
  "suffix": "tau097"
}