{
  "seed": 42,
  "n_folds": 2,
  "n_bins": 16,
  "smoke": true,
  "fold_scores_argmax": [
    0.9603139854538653,
    0.9610157565993319
  ],
  "overall_argmax_bal_acc": 0.9606634052934139,
  "tuned_log_bias_bal_acc": 0.9645488119709209,
  "log_bias": [
    1.3309433006850924,
    1.3710109440743883,
    3.403700511880274
  ],
  "n_features": 1048,
  "feature_group_sizes": {
    "nums": 11,
    "cats": 8,
    "bins": 11,
    "combos": 171,
    "digits": 66,
    "num_as_cat": 11,
    "freq": 179,
    "tres": 4,
    "logits": 3,
    "orig_stats": 38
  },
  "te_col_count": 271
}