{
  "baseline": {
    "thresholds": {
      "t_soil": 25.0,
      "t_rain": 300.0,
      "t_temp": 30.0,
      "t_wind": 10.0
    },
    "bal_acc": 0.9609734412171452
  },
  "sweep_t_soil": {
    "grid": [
      [
        22.0,
        0.8944175882246568
      ],
      [
        22.1,
        0.8955957171177596
      ],
      [
        22.200000000000003,
        0.8979598791061822
      ],
      [
        22.300000000000004,
        0.8996305848335903
      ],
      [
        22.400000000000006,
        0.9024500445555418
      ],
      [
        22.500000000000007,
        0.903585620440579
      ],
      [
        22.60000000000001,
        0.9043197740327867
      ],
      [
        22.70000000000001,
        0.9064112586951293
      ],
      [
        22.80000000000001,
        0.9082030896287164
      ],
      [
        22.900000000000013,
        0.9097047531327106
      ],
      [
        23.000000000000014,
        0.909943188238732
      ],
      [
        23.100000000000016,
        0.9126385602398291
      ],
      [
        23.200000000000017,
        0.9145026426181078
      ],
      [
        23.30000000000002,
        0.9151078729249321
      ],
      [
        23.40000000000002,
        0.9167044832110675
      ],
      [
        23.50000000000002,
        0.9196078929910133
      ],
      [
        23.600000000000023,
        0.9214758224325985
      ],
      [
        23.700000000000024,
        0.9232054709546608
      ],
      [
        23.800000000000026,
        0.925234778898168
      ],
      [
        23.900000000000027,
        0.9269863334703411
      ],
      [
        24.00000000000003,
        0.9286558349282332
      ],
      [
        24.10000000000003,
        0.9338914036735356
      ],
      [
        24.20000000000003,
        0.9345686579764666
      ],
      [
        24.300000000000033,
        0.9406707861526716
      ],
      [
        24.400000000000034,
        0.9428264397388554
      ],
      [
        24.500000000000036,
        0.9456586061187339
      ],
      [
        24.600000000000037,
        0.9480939214053444
      ],
      [
        24.70000000000004,
        0.9529392350374876
      ],
      [
        24.80000000000004,
        0.9559198992835684
      ],
      [
        24.90000000000004,
        0.9579608719129881
      ],
      [
        25.000000000000043,
        0.9609707379080247
      ],
      [
        25.100000000000044,
        0.9607437939950696
      ],
      [
        25.200000000000045,
        0.9603454391201659
      ],
      [
        25.300000000000047,
        0.9597151725804857
      ],
      [
        25.40000000000005,
        0.9590389006558026
      ],
      [
        25.50000000000005,
        0.9588639832370656
      ],
      [
        25.60000000000005,
        0.9584794494164725
      ],
      [
        25.700000000000053,
        0.958008494931779
      ],
      [
        25.800000000000054,
        0.9577465602546082
      ],
      [
        25.900000000000055,
        0.9573770534046026
      ],
      [
        26.000000000000057,
        0.9569679938911784
      ],
      [
        26.10000000000006,
        0.9567097904253012
      ],
      [
        26.20000000000006,
        0.9564763374067601
      ],
      [
        26.30000000000006,
        0.9559588788981027
      ],
      [
        26.400000000000063,
        0.955350409286912
      ],
      [
        26.500000000000064,
        0.9551525254257491
      ],
      [
        26.600000000000065,
        0.954503286592273
      ],
      [
        26.700000000000067,
        0.9539428308209703
      ],
      [
        26.800000000000068,
        0.9534934409516809
      ],
      [
        26.90000000000007,
        0.9530451972261275
      ],
      [
        27.00000000000007,
        0.9526660700237758
      ],
      [
        27.100000000000072,
        0.9521155934125073
      ],
      [
        27.200000000000074,
        0.9518869995478253
      ],
      [
        27.300000000000075,
        0.9512817082099857
      ],
      [
        27.400000000000077,
        0.9507921842001056
      ],
      [
        27.500000000000078,
        0.950095607266217
      ],
      [
        27.60000000000008,
        0.949464713203423
      ],
      [
        27.70000000000008,
        0.949119742688838
      ],
      [
        27.800000000000082,
        0.9488372530972659
      ],
      [
        27.900000000000084,
        0.9481867664716125
      ],
      [
        28.000000000000085,
        0.94760981148757
      ]
    ],
    "best_v": 25.000000000000043,
    "best_bal": 0.9609707379080247
  },
  "sweep_t_rain": {
    "grid": [
      [
        280.0,
        0.9561075723756881
      ],
      [
        281.0,
        0.9561061781072469
      ],
      [
        282.0,
        0.9561752200452766
      ],
      [
        283.0,
        0.9563296481002425
      ],
      [
        284.0,
        0.9563613805323747
      ],
      [
        285.0,
        0.9563655633376986
      ],
      [
        286.0,
        0.9563669576061399
      ],
      [
        287.0,
        0.9565027309081571
      ],
      [
        288.0,
        0.9565097022503636
      ],
      [
        289.0,
        0.9565097022503636
      ],
      [
        290.0,
        0.9579632877914704
      ],
      [
        291.0,
        0.958518605353785
      ],
      [
        292.0,
        0.958518605353785
      ],
      [
        293.0,
        0.9594476894591087
      ],
      [
        294.0,
        0.9595298090763219
      ],
      [
        295.0,
        0.9595298090763219
      ],
      [
        296.0,
        0.959690201247442
      ],
      [
        297.0,
        0.960798912840418
      ],
      [
        298.0,
        0.960798912840418
      ],
      [
        299.0,
        0.9609734412171452
      ],
      [
        300.0,
        0.9609734412171452
      ],
      [
        301.0,
        0.9609608257745821
      ],
      [
        302.0,
        0.96095672819702
      ],
      [
        303.0,
        0.9609459149605373
      ],
      [
        304.0,
        0.9609405083422958
      ],
      [
        305.0,
        0.9609405083422958
      ],
      [
        306.0,
        0.9609405083422958
      ],
      [
        307.0,
        0.96093132685637
      ],
      [
        308.0,
        0.9609295246502895
      ],
      [
        309.0,
        0.9609295246502895
      ],
      [
        310.0,
        0.9609295246502895
      ],
      [
        311.0,
        0.9609047869305639
      ],
      [
        312.0,
        0.9608705450150352
      ],
      [
        313.0,
        0.9608579965990636
      ],
      [
        314.0,
        0.9608579965990636
      ],
      [
        315.0,
        0.9608471833625808
      ],
      [
        316.0,
        0.9608471833625808
      ],
      [
        317.0,
        0.9608471833625808
      ],
      [
        318.0,
        0.9608471833625808
      ],
      [
        319.0,
        0.9608476765279818
      ],
      [
        320.0,
        0.9608231762903717
      ]
    ],
    "best_v": 299.0,
    "best_bal": 0.9609734412171452
  },