{
  "args": {
    "n_gen": 50000,
    "tvae_epochs": 200,
    "mlp_epochs": 80,
    "mlp_stop_acc": 0.992,
    "seed": 42,
    "skip_tvae": false,
    "no_validate": false
  },
  "mlp_meta": {
    "best_val": 0.908,
    "stop_epoch": 80
  },
  "n_gen": 50000,
  "validation": {
    "class_prior_real": {
      "Low": 0.58717,
      "Medium": 0.37948,
      "High": 0.03335
    },
    "class_prior_repr": {
      "Low": 0.37662,
      "Medium": 0.52032,
      "High": 0.10306
    },
    "rule_acc_real": 0.98364,
    "rule_acc_repr": 0.83838,
    "rule_balacc_real": 0.96097,
    "rule_balacc_repr": 0.77846,
    "err_by_score_real": {
      "0": 0.0,
      "1": 4e-05,
      "2": 0.00299,
      "3": 0.048,
      "4": 0.0129,
      "5": 0.0035,
      "6": 0.0403,
      "7": 0.0905,
      "8": 0.1231,
      "9": 0.00062
    },
    "err_by_score_repr": {
      "0": 0.0,
      "1": 0.00045,
      "2": 0.09213,
      "3": 0.07693,
      "4": 0.15348,
      "5": 0.27369,
      "6": 0.14637,
      "7": 0.27589,
      "8": 0.37391,
      "9": 0.01724
    },
    "ks_per_numeric": {
      "Soil_pH": 0.4659,
      "Soil_Moisture": 0.4389,
      "Organic_Carbon": 0.4155,
      "Electrical_Conductivity": 0.358,
      "Temperature_C": 0.3311,
      "Humidity": 0.483,
      "Rainfall_mm": 0.5161,
      "Sunlight_Hours": 0.4253,
      "Wind_Speed_kmh": 0.1959,
      "Field_Area_hectare": 0.5267,
      "Previous_Irrigation_mm": 0.2872
    },
    "ks_mean": 0.404,
    "chi2_per_cat": {
      "Soil_Type": {
        "chi2": 21730.91,
        "p": 0.0
      },
      "Crop_Type": {
        "chi2": 5856.18,
        "p": 0.0
      },
      "Crop_Growth_Stage": {
        "chi2": 5168.17,
        "p": 0.0
      },
      "Season": {
        "chi2": 44.13,
        "p": 0.0
      },
      "Irrigation_Type": {
        "chi2": 852.14,
        "p": 0.0
      },
      "Water_Source": {
        "chi2": 5750.45,
        "p": 0.0
      },
      "Mulching_Used": {
        "chi2": 10249.22,
        "p": 0.0
      },
      "Region": {
        "chi2": 18717.21,
        "p": 0.0
      }
    }
  }
}