{
  "args": {
    "n_gen": 50000,
    "tvae_epochs": 500,
    "tvae_emb": 256,
    "mlp_epochs": 250,
    "mlp_stop_acc": 0.985,
    "mlp_hidden": "256,192,128",
    "seed": 42,
    "skip_tvae": false,
    "no_validate": false
  },
  "mlp_meta": {
    "best_val": 0.9005,
    "stop_epoch": 250
  },
  "n_gen": 50000,
  "validation": {
    "class_prior_real": {
      "Low": 0.58717,
      "Medium": 0.37948,
      "High": 0.03335
    },
    "class_prior_repr": {
      "Low": 0.38184,
      "Medium": 0.56182,
      "High": 0.05634
    },
    "rule_acc_real": 0.98364,
    "rule_acc_repr": 0.85266,
    "rule_balacc_real": 0.96097,
    "rule_balacc_repr": 0.82646,
    "err_by_score_real": {
      "0": 0.0,
      "1": 4e-05,
      "2": 0.00299,
      "3": 0.048,
      "4": 0.0129,
      "5": 0.0035,
      "6": 0.0403,
      "7": 0.0905,
      "8": 0.1231,
      "9": 0.00062
    },
    "err_by_score_repr": {
      "0": 0.0,
      "1": 0.0,
      "2": 0.06479,
      "3": 0.08134,
      "4": 0.17892,
      "5": 0.1693,
      "6": 0.05968,
      "7": 0.47034,
      "8": 0.67511,
      "9": 0.15714
    },
    "ks_per_numeric": {
      "Soil_pH": 0.3185,
      "Soil_Moisture": 0.4315,
      "Organic_Carbon": 0.2459,
      "Electrical_Conductivity": 0.1632,
      "Temperature_C": 0.224,
      "Humidity": 0.3653,
      "Rainfall_mm": 0.2563,
      "Sunlight_Hours": 0.1429,
      "Wind_Speed_kmh": 0.1742,
      "Field_Area_hectare": 0.4583,
      "Previous_Irrigation_mm": 0.1955
    },
    "ks_mean": 0.2705,
    "chi2_per_cat": {
      "Soil_Type": {
        "chi2": 4456.06,
        "p": 0.0
      },
      "Crop_Type": {
        "chi2": 5553.21,
        "p": 0.0
      },
      "Crop_Growth_Stage": {
        "chi2": 12756.67,
        "p": 0.0
      },
      "Season": {
        "chi2": 6592.54,
        "p": 0.0
      },
      "Irrigation_Type": {
        "chi2": 2368.06,
        "p": 0.0
      },
      "Water_Source": {
        "chi2": 1796.73,
        "p": 0.0
      },
      "Mulching_Used": {
        "chi2": 87.92,
        "p": 0.0
      },
      "Region": {
        "chi2": 3349.46,
        "p": 0.0
      }
    }
  }
}