{
  "rf_tuned": 0.980628290879414,
  "rf_bias": [
    0.4324411632360975,
    0.8689466919465483,
    3.2007689020440884
  ],
  "rf_errs": 9768,
  "lgbm_tuned": 0.9805443494177015,
  "lgbm_bias": [
    0.5324411632360976,
    0.8689466919465483,
    3.400768902044088
  ],
  "lgbm_errs": 9926,
  "sweep": [
    {
      "alpha": 0.3,
      "tuned": 0.980616294877725,
      "delta_tuned": -1.1996001689107416e-05,
      "bias": [
        0.33244116323609785,
        0.8689466919465483,
        3.400768902044088
      ],
      "drift": [
        -0.1999999999999993,
        -0.09999999999999964,
        0.0
      ],
      "max_abs_drift": 0.1999999999999993,
      "pcr": [
        0.994431183211369,
        0.968741895814685,
        0.9786758056071208
      ],
      "delta_pcr": [
        -0.00021356142053485794,
        -0.0006316036039051287,
        0.0008091770193726644
      ],
      "errs": 9981,
      "delta_errs": 213,
      "test_rows_diff": 377,
      "net_h": 142,
      "churn_h": 242,
      "asymmetry": 0.5867768595041323,
      "g1": false,
      "g2": false,
      "g4_direction": true,
      "g4_asymmetry": true
    },
    {
      "alpha": 0.4,
      "tuned": 0.9806154058932358,
      "delta_tuned": -1.2884986178240965e-05,
      "bias": [
        0.4324411632360975,
        0.8689466919465483,
        3.400768902044088
      ],
      "drift": [
        -0.09999999999999964,
        -0.09999999999999964,
        0.0
      ],
      "max_abs_drift": 0.09999999999999964,
      "pcr": [
        0.9946988108143178,
        0.9684240026100706,
        0.9787234042553191
      ],
      "delta_pcr": [
        5.406618241388106e-05,
        -0.0009494968085195232,
        0.0008567756675710303
      ],
      "errs": 9957,
      "delta_errs": 189,
      "test_rows_diff": 313,
      "net_h": 138,
      "churn_h": 214,
      "asymmetry": 0.6448598130841121,
      "g1": false,
      "g2": false,
      "g4_direction": true,
      "g4_asymmetry": true
    },
    {
      "alpha": 0.45,
      "tuned": 0.9806383286792704,
      "delta_tuned": 1.0037799856310592e-05,
      "bias": [
        0.6324411632360972,
        1.068946691946548,
        3.6007689020440883
      ],
      "drift": [
        0.10000000000000009,
        0.10000000000000009,
        0.20000000000000018
      ],
      "max_abs_drift": 0.20000000000000018,
      "pcr": [
        0.9946907008869558,
        0.9684532822473376,
        0.9787710029035176
      ],
      "delta_pcr": [
        4.595625505188217e-05,
        -0.0009202171712524576,
        0.0009043743157695072
      ],
      "errs": 9952,
      "delta_errs": 184,
      "test_rows_diff": 295,
      "net_h": 139,
      "churn_h": 207,
      "asymmetry": 0.6714975845410628,
      "g1": false,
      "g2": false,
      "g4_direction": true,
      "g4_asymmetry": true
    },
    {
      "alpha": 0.5,
      "tuned": 0.9806372542171138,
      "delta_tuned": 8.963337699730012e-06,
      "bias": [
        0.5324411632360976,
        1.068946691946548,
        3.400768902044088
      ],
      "drift": [
        4.440892098500626e-16,
        0.10000000000000009,
        0.0
      ],
      "max_abs_drift": 0.10000000000000009,
      "pcr": [
        0.9944392931387311,
        0.9704150179442348,
        0.9770574515683754
      ],
      "delta_pcr": [
        -0.00020545149317274802,
        0.0010415185256447135,
        -0.0008091770193726644
      ],
      "errs": 9612,
      "delta_errs": -156,
      "test_rows_diff": 256,
      "net_h": -39,
      "churn_h": 143,
      "asymmetry": 0.2727272727272727,
      "g1": false,
      "g2": false,
      "g4_direction": false,
      "g4_asymmetry": false
    },
    {
      "alpha": 0.55,
      "tuned": 0.980674685048584,
      "delta_tuned": 4.6394169169960975e-05,
      "bias": [
        0.5324411632360976,
        1.068946691946548,
        3.400768902044088
      ],
      "drift": [
        4.440892098500626e-16,
        0.10000000000000009,
        0.0
      ],
      "max_abs_drift": 0.10000000000000009,
      "pcr": [
        0.9944338865204897,
        0.9703899211122916,
        0.9772002475129706
      ],
      "delta_pcr": [
        -0.00021085811141419164,
        0.0010164216937015302,
        -0.0006663810747774557
      ],
      "errs": 9617,
      "delta_errs": -151,
      "test_rows_diff": 235,
      "net_h": -35,
      "churn_h": 127,
      "asymmetry": 0.2755905511811024,
      "g1": false,
      "g2": false,
      "g4_direction": false,
      "g4_asymmetry": false
    },
    {
      "alpha": 0.6,
      "tuned": 0.9806369545729071,
      "delta_tuned": 8.66369349306062e-06,
      "bias": [
        0.33244116323609785,
        0.8689466919465483,
        3.2007689020440884
      ],
      "drift": [
        -0.1999999999999993,
        -0.09999999999999964,
        -0.19999999999999973
      ],
      "max_abs_drift": 0.19999999999999973,
      "pcr": [
        0.9944419964478518,
        0.9702686197578992,
        0.9772002475129706
      ],
      "delta_pcr": [
        -0.00020274818405208173,
        0.0008951203393091633,
        -0.0006663810747774557
      ],
      "errs": 9643,
      "delta_errs": -125,
      "test_rows_diff": 220,
      "net_h": -37,
      "churn_h": 117,
      "asymmetry": 0.3162393162393162,
      "g1": false,
      "g2": false,
      "g4_direction": false,
      "g4_asymmetry": false
    },
    {
      "alpha": 0.7,
      "tuned": 0.980668903886817,
      "delta_tuned": 4.061300740298979e-05,
      "bias": [
        0.23244116323609776,
        0.7689466919465482,
        3.400768902044088
      ],
      "drift": [
        -0.2999999999999994,
        -0.19999999999999973,
        0.0
      ],
      "max_abs_drift": 0.2999999999999994,
      "pcr": [
        0.9944419964478518,
        0.9673657528631302,
        0.9801989623494692
      ],
      "delta_pcr": [
        -0.00020274818405208173,
        -0.0020077465554598772,
        0.0023323337617211504
      ],
      "errs": 10274,
      "delta_errs": 506,
      "test_rows_diff": 336,
      "net_h": 242,
      "churn_h": 244,
      "asymmetry": 0.9918032786885246,
      "g1": false,
      "g2": false,
      "g4_direction": true,
      "g4_asymmetry": true
    }
  ],
  "best_alpha": 0.55,
  "best_delta_tuned": 4.6394169169960975e-05,
  "best_passes_all_gates": false
}