{
  "n_est": 500,
  "fold_seed": 7,
  "rf_seed": 42,
  "smoke": false,
  "bank": [
    "rawashishsin_2600",
    "recipe_full_te_catboost_natural",
    "recipe_full_te_catboost",
    "recipe_full_te",
    "realmlp",
    "xgb_corn",
    "xgb_dist_digits"
  ],
  "bank_size": 7,
  "fold_scores_argmax": [
    0.9755287574400443,
    0.9730113074814551,
    0.9727722603005269,
    0.9718460010456834,
    0.9718121701282262
  ],
  "overall_argmax": 0.9729939877165191,
  "tuned_log_bias": 0.9806161165590912,
  "log_bias": [
    0.4324411632360975,
    0.9689466919465479,
    3.400768902044088
  ],
  "drift_from_neg_log_prior": [
    -0.09999999999999964,
    0.0,
    0.0
  ],
  "max_drift_magnitude": 0.09999999999999964,
  "per_class_recall": [
    0.9944284799022484,
    0.9685536695751107,
    0.9788662001999143
  ]
}