{
  "variant_tag": "Vb",
  "replace_old": "realmlp",
  "replace_new": "realmlp_natural",
  "bank": [
    "rawashishsin_2600",
    "recipe_full_te_catboost_natural",
    "recipe_full_te_catboost",
    "recipe_full_te",
    "realmlp_natural",
    "xgb_corn",
    "xgb_dist_digits"
  ],
  "n_components": 7,
  "n_folds": 2,
  "smoke": true,
  "seed": 42,
  "n_estimators": 100,
  "max_depth": 8,
  "fold_scores_argmax": [
    0.9731902539053521,
    0.9721701868689926
  ],
  "overall_argmax": 0.972680192917656,
  "tuned_log_bias": 0.9803402546675279,
  "log_bias": [
    0.5324411632360976,
    1.068946691946548,
    3.400768902044088
  ],
  "bias_drift": [
    4.440892098500626e-16,
    0.10000000000000009,
    0.0
  ],
  "bias_drift_max_abs": 0.10000000000000009,
  "per_class_recall": [
    0.9944744361573001,
    0.9699172641106938,
    0.9766290637345899
  ]
}