{
  "n_est": 50,
  "fold_seed": 42,
  "rf_seed": 42,
  "smoke": true,
  "bank": [
    "rawashishsin_2600",
    "recipe_full_te_catboost_natural",
    "recipe_full_te_catboost",
    "recipe_full_te",
    "realmlp",
    "xgb_corn",
    "xgb_dist_digits"
  ],
  "bank_size": 7,
  "fold_scores_argmax": [
    0.9751199387809407,
    0.9735749311018743
  ],
  "overall_argmax": 0.9743469880044837,
  "tuned_log_bias": 0.9807055578137228,
  "log_bias": [
    0.6392250982876887,
    0.9616542736256852,
    3.0656372062636046
  ],
  "drift_from_neg_log_prior": [
    0.10000000000000009,
    0.0,
    -0.2999999999999998
  ],
  "max_drift_magnitude": 0.2999999999999998,
  "per_class_recall": [
    0.9944101508916324,
    0.9691309579867106,
    0.9785755645628257
  ]
}