{
  "n_est": 500,
  "fold_seed": 123,
  "rf_seed": 42,
  "smoke": false,
  "bank": [
    "rawashishsin_2600",
    "recipe_full_te_catboost_natural",
    "recipe_full_te_catboost",
    "recipe_full_te",
    "realmlp",
    "xgb_corn",
    "xgb_dist_digits"
  ],
  "bank_size": 7,
  "fold_scores_argmax": [
    0.9744584468271871,
    0.9724256645346725,
    0.9715211508424003,
    0.9738348585094686,
    0.9723820069803956
  ],
  "overall_argmax": 0.9729243673853265,
  "tuned_log_bias": 0.9806562637318222,
  "log_bias": [
    0.4324411632360975,
    0.9689466919465479,
    3.400768902044088
  ],
  "drift_from_neg_log_prior": [
    -0.09999999999999964,
    0.0,
    0.0
  ],
  "max_drift_magnitude": 0.09999999999999964,
  "per_class_recall": [
    0.9944176666657656,
    0.9686373256815881,
    0.9789137988481127
  ]
}