{
  "variant_tag": "Vb",
  "replace_old": "realmlp",
  "replace_new": "realmlp_natural",
  "bank": [
    "rawashishsin_2600",
    "recipe_full_te_catboost_natural",
    "recipe_full_te_catboost",
    "recipe_full_te",
    "realmlp_natural",
    "xgb_corn",
    "xgb_dist_digits"
  ],
  "n_components": 7,
  "n_folds": 5,
  "smoke": false,
  "seed": 42,
  "n_estimators": 500,
  "max_depth": 12,
  "fold_scores_argmax": [
    0.9728718235916451,
    0.9729761820001999,
    0.9730146724664636,
    0.9726204901881798,
    0.9728995347814907
  ],
  "overall_argmax": 0.9728765491516533,
  "tuned_log_bias": 0.9805345056143692,
  "log_bias": [
    0.4324411632360975,
    0.9689466919465479,
    3.400768902044088
  ],
  "bias_drift": [
    -0.09999999999999964,
    0.0,
    0.0
  ],
  "bias_drift_max_abs": 0.09999999999999964,
  "per_class_recall": [
    0.9943284574647826,
    0.9683612605302124,
    0.9789137988481127
  ]
}