{
  "bank": [
    "rawashishsin_2600",
    "recipe_full_te_catboost_natural",
    "recipe_full_te_catboost",
    "recipe_full_te",
    "realmlp",
    "xgb_corn",
    "xgb_dist_digits"
  ],
  "bank_size": 7,
  "n_features": 36,
  "fold_scores_argmax": [
    0.972425992950467,
    0.9725417133548943,
    0.9739825825121305,
    0.9723302142077123,
    0.9727920733048917
  ],
  "overall_argmax": 0.9728145458869514,
  "tuned_log_bias": 0.9806483341227145,
  "log_bias": [
    0.7324411632360973,
    1.068946691946548,
    3.400768902044088
  ],
  "drift": [
    0.20000000000000018,
    0.10000000000000009,
    0.0
  ],
  "max_drift_magnitude": 0.20000000000000018,
  "per_class_recall": [
    0.9948664159798009,
    0.9691643591523963,
    0.9779142272359465
  ],
  "v1_per_class_recall": [
    0.9946447446319039,
    0.9693734994185901,
    0.9778666285877481
  ],
  "pcr_delta_vs_v1": [
    0.00022167134789696785,
    -0.00020914026619378578,
    4.75986481983659e-05
  ],
  "test_diff_vs_v1": 76
}