{
  "baseline_argmax": 0.9762236671058826,
  "baseline_recipe_bias": 0.9801231679332877,
  "baseline_retuned_bias": 0.9801278848663239,
  "retuned_bias": [
    -1.0,
    -1.0,
    0.9500000000000002
  ],
  "em_uniform": 0.9796868142475939,
  "em_test_prior": 0.9764301344680769,
  "em_uniform_plus_bias": 0.9801231679332877,
  "em_uniform_plus_bias_vec": [
    0.9000000000000001,
    0.5,
    0.0
  ],
  "pi_src": [
    0.5871698412698413,
    0.3794825396825397,
    0.03334761904761905
  ],
  "pi_test_estimated": [
    0.5843052976101524,
    0.3803089912560706,
    0.035385711133765166
  ],
  "em_test_iters": 7,
  "per_class_recall_best": {
    "variant": "EM-uniform",
    "Low": 0.9936958831305401,
    "Medium": 0.9651655972627722,
    "High": 0.9801989623494692
  },
  "elapsed_sec": 162.74509811401367
}