{
  "domain": {
    "n": 35180,
    "L": 0,
    "M": 34849,
    "H": 331,
    "break_even_precision": 0.08077805931183507,
    "random_baseline_prec": 0.009408754974417283
  },
  "v2": {
    "auc": 0.7930186764321758,
    "topn": {
      "n_10": {
        "correct": 3,
        "wrong_m": 7,
        "wrong_l": 0,
        "prec": 0.3,
        "macro_delta": 3.783876910935039e-05
      },
      "n_25": {
        "correct": 7,
        "wrong_m": 18,
        "wrong_l": 0,
        "prec": 0.28,
        "macro_delta": 8.596668051966502e-05
      },
      "n_50": {
        "correct": 7,
        "wrong_m": 43,
        "wrong_l": 0,
        "prec": 0.14,
        "macro_delta": 5.110996948737655e-05
      },
      "n_100": {
        "correct": 8,
        "wrong_m": 92,
        "wrong_l": 0,
        "prec": 0.08,
        "macro_delta": -1.342968069778462e-06
      },
      "n_200": {
        "correct": 11,
        "wrong_m": 189,
        "wrong_l": 0,
        "prec": 0.055,
        "macro_delta": -8.898835867666656e-05
      },
      "n_300": {
        "correct": 18,
        "wrong_m": 282,
        "wrong_l": 0,
        "prec": 0.06,
        "macro_delta": -0.0001075918112538669
      },
      "n_500": {
        "correct": 28,
        "wrong_m": 472,
        "wrong_l": 0,
        "prec": 0.056,
        "macro_delta": -0.00021384065443795538
      },
      "n_1000": {
        "correct": 60,
        "wrong_m": 940,
        "wrong_l": 0,
        "prec": 0.06,
        "macro_delta": -0.0003586393708462231
      },
      "n_2000": {
        "correct": 117,
        "wrong_m": 1883,
        "wrong_l": 0,
        "prec": 0.0585,
        "macro_delta": -0.0007690601952147121
      },
      "n_3000": {
        "correct": 151,
        "wrong_m": 2849,
        "wrong_l": 0,
        "prec": 0.050333333333333334,
        "macro_delta": -0.0015764721632539052
      },
      "n_5000": {
        "correct": 198,
        "wrong_m": 4802,
        "wrong_l": 0,
        "prec": 0.0396,
        "macro_delta": -0.0035537662739881515
      }
    },
    "best_n": "n_25",
    "best_macro_delta": 8.596668051966502e-05
  },
  "lr_oracle": {
    "auc": 0.8505152007118497,
    "topn": {
      "n_10": {
        "correct": 0,
        "prec": 0.0,
        "recall": 0.0
      },
      "n_25": {
        "correct": 0,
        "prec": 0.0,
        "recall": 0.0
      },
      "n_50": {
        "correct": 1,
        "prec": 0.02,
        "recall": 0.0030211480362537764
      },
      "n_100": {
        "correct": 5,
        "prec": 0.05,
        "recall": 0.015105740181268883
      },
      "n_200": {
        "correct": 11,
        "prec": 0.055,
        "recall": 0.03323262839879154
      },
      "n_500": {
        "correct": 35,
        "prec": 0.07,
        "recall": 0.10574018126888217
      },
      "n_1000": {
        "correct": 69,
        "prec": 0.069,
        "recall": 0.2084592145015106
      }
    }
  },
  "per_feature_raw": [
    {
      "feat": "tc_x_ws",
      "auc": 0.5418253320605714,
      "cohen_d": -0.16249573230743408
    },
    {
      "feat": "ws_abs",
      "auc": 0.5396027089335527,
      "cohen_d": 0.13587522506713867
    },
    {
      "feat": "Soil_pH",
      "auc": 0.5346913602829783,
      "cohen_d": 0.12384376674890518
    },
    {
      "feat": "tc_abs",
      "auc": 0.5301806178212624,
      "cohen_d": -0.08650035411119461
    },
    {
      "feat": "Soil_Moisture",
      "auc": 0.5253546179681196,
      "cohen_d": -0.11047142744064331
    },
    {
      "feat": "sm_dist",
      "auc": 0.5253546179681196,
      "cohen_d": -0.11047165095806122
    },
    {
      "feat": "Organic_Carbon",
      "auc": 0.5204932042157884,
      "cohen_d": 0.06819427758455276
    },
    {
      "feat": "Sunlight_Hours",
      "auc": 0.5183336499055615,
      "cohen_d": -0.06132560595870018
    },
    {
      "feat": "Temperature_C",
      "auc": 0.5183108931159974,
      "cohen_d": -0.04612172767519951
    },
    {
      "feat": "tc_dist",
      "auc": 0.5183108931159974,
      "cohen_d": -0.04612218961119652
    },
    {
      "feat": "Wind_Speed_kmh",
      "auc": 0.5113888412320777,
      "cohen_d": -0.07637713104486465
    },
    {
      "feat": "ws_dist",
      "auc": 0.5113888412320777,
      "cohen_d": -0.07637708634138107
    },
    {
      "feat": "sm_abs",
      "auc": 0.5067226157148073,
      "cohen_d": -0.023593878373503685
    },
    {
      "feat": "Field_Area_hectare",
      "auc": 0.5057499255094422,
      "cohen_d": 0.020120110362768173
    },
    {
      "feat": "rf_abs",
      "auc": 0.5039988664084558,
      "cohen_d": -0.010911453515291214
    },
    {
      "feat": "Humidity",
      "auc": 0.5030454219451221,
      "cohen_d": 0.004994156304746866
    },
    {
      "feat": "sm_x_rf",
      "auc": 0.5016974831164127,
      "cohen_d": 0.007012371905148029
    },
    {
      "feat": "Previous_Irrigation_mm",
      "auc": 0.5014722559191277,
      "cohen_d": -0.003811023198068142
    },
    {
      "feat": "Electrical_Conductivity",
      "auc": 0.5014100973739185,
      "cohen_d": 0.006018140818923712
    },
    {
      "feat": "Rainfall_mm",
      "auc": 0.5011487627371918,
      "cohen_d": 0.019264619797468185
    },
    {
      "feat": "rf_dist",
      "auc": 0.5011487627371918,
      "cohen_d": 0.01926480233669281
    }
  ],
  "teacher_feats_auc": {
    "teacher_PM": {
      "auc": 0.8529644381166602
    },
    "teacher_PH": {
      "auc": 0.8530293708228829
    },
    "teacher_PL": {
      "auc": 0.5390910929578877
    },
    "teacher_mh_margin": {
      "auc": 0.8530839004253049
    },
    "teacher_mh_ratio": {
      "auc": 0.8530262065454768
    }
  },
  "missed_H_residual_top15": [
    {
      "feat": "teacher_PH",
      "z_found": 3.0136845111846924,
      "z_missed": 0.3210301995277405,
      "ratio": 0.10652415454387665
    },
    {
      "feat": "teacher_mh_margin",
      "z_found": -3.0112595558166504,
      "z_missed": -0.3207048177719116,
      "ratio": 0.10650188475847244
    },
    {
      "feat": "teacher_PM",
      "z_found": -3.007844924926758,
      "z_missed": -0.3202821612358093,
      "ratio": 0.10648227483034134
    },
    {
      "feat": "teacher_mh_ratio",
      "z_found": 1.6986101865768433,
      "z_missed": 0.7991963624954224,
      "ratio": 0.4705001711845398
    },
    {
      "feat": "Soil_pH",
      "z_found": 0.20531487464904785,
      "z_missed": 0.042039595544338226,
      "ratio": 0.2047566920518875
    },
    {
      "feat": "ws_abs",
      "z_found": 0.19773231446743011,
      "z_missed": 0.0736527144908905,
      "ratio": 0.37248697876930237
    },
    {
      "feat": "tc_x_ws",
      "z_found": -0.1932535469532013,
      "z_missed": -0.1315959095954895,
      "ratio": 0.6809495091438293
    },
    {
      "feat": "tc_abs",
      "z_found": -0.11978571116924286,
      "z_missed": -0.05319784954190254,
      "ratio": 0.4441084861755371
    },
    {
      "feat": "Wind_Speed_kmh",
      "z_found": -0.11869852244853973,
      "z_missed": -0.033953357487916946,
      "ratio": 0.2860470116138458
    },
    {
      "feat": "ws_dist",
      "z_found": -0.11869852244853973,
      "z_missed": -0.03395345062017441,
      "ratio": 0.2860477864742279
    },
    {
      "feat": "Organic_Carbon",
      "z_found": 0.10431945323944092,
      "z_missed": 0.031854577362537384,
      "ratio": 0.30535605549812317
    },
    {
      "feat": "sm_dist",
      "z_found": -0.0923580676317215,
      "z_missed": -0.1283835619688034,
      "ratio": 1.3900632858276367
    },
    {
      "feat": "Soil_Moisture",
      "z_found": -0.09235789626836777,
      "z_missed": -0.12838327884674072,
      "ratio": 1.3900628089904785
    },
    {
      "feat": "rf_abs",
      "z_found": -0.08021683990955353,
      "z_missed": 0.05881846323609352,
      "ratio": -0.7332433462142944
    },
    {
      "feat": "sm_x_rf",
      "z_found": 0.05742558836936951,
      "z_missed": -0.04371208697557449,
      "ratio": -0.7611953020095825
    }
  ]
}