{
  "components": {
    "routed_v3": {
      "seed42_tuned": 0.9733220046612904,
      "seed7_tuned": 0.9734167785129576,
      "bag_tuned": 0.9734122108356654,
      "delta_bag_vs_seed42": 9.020617437505152e-05
    },
    "spec_678": {
      "seed42_argmax_bal": 0.9519760958708967,
      "seed7_argmax_bal": 0.9516911214239869,
      "bag_argmax_bal": 0.9517455227505917,
      "delta_bag_vs_seed42": -0.0002305731203050554,
      "seed42_raw_acc": 0.9648266277039307,
      "seed7_raw_acc": 0.9645415345140943,
      "bag_raw_acc": 0.9645949894871886
    }
  },
  "hybrid_seed42_tuned": 0.9735244463466319,
  "hybrid_bag_tuned": 0.9735211105741142,
  "delta_hybrid_bag_vs_seed42": -3.3357725177651787e-06,
  "greedy_bag_tuned": 0.9738489621192953,
  "greedy_seed42_reference": 0.97375,
  "greedy_seed42_lb": 0.97296,
  "delta_greedy_bag_vs_seed42": 9.89621192952761e-05,
  "tuned_bias": [
    0.13244116323609767,
    0.6689466919465481,
    3.400768902044088
  ],
  "blend_weights_log_space": {
    "hybrid": 0.45,
    "routed": 0.4,
    "spec": 0.15
  }
}