{
  "n_features": 28,
  "teacher_ba": 0.9802863771805209,
  "router_standalone_tuned_ba": 0.9802721304256604,
  "router_standalone_tuned_bias": [
    0.9324411632360975,
    1.168946691946548,
    3.400768902044088
  ],
  "tau_sweep": {
    "tau=0.80": {
      "bal_acc": 0.9802352592625235,
      "n_routed": 8340,
      "frac_routed": 0.0132,
      "router_right_on_routed": 5183,
      "teacher_would_right_on_routed": 5026,
      "net_wins": 157
    },
    "tau=0.85": {
      "bal_acc": 0.9802511650986695,
      "n_routed": 12185,
      "frac_routed": 0.0193,
      "router_right_on_routed": 8183,
      "teacher_would_right_on_routed": 7807,
      "net_wins": 376
    },
    "tau=0.90": {
      "bal_acc": 0.9802602021933522,
      "n_routed": 19544,
      "frac_routed": 0.031,
      "router_right_on_routed": 14427,
      "teacher_would_right_on_routed": 14003,
      "net_wins": 424
    },
    "tau=0.93": {
      "bal_acc": 0.9802789082466724,
      "n_routed": 27860,
      "frac_routed": 0.0442,
      "router_right_on_routed": 21994,
      "teacher_would_right_on_routed": 21650,
      "net_wins": 344
    },
    "tau=0.95": {
      "bal_acc": 0.9802832845731908,
      "n_routed": 37467,
      "frac_routed": 0.0595,
      "router_right_on_routed": 30977,
      "teacher_would_right_on_routed": 30661,
      "net_wins": 316
    },
    "tau=0.97": {
      "bal_acc": 0.9802735246941018,
      "n_routed": 55160,
      "frac_routed": 0.0876,
      "router_right_on_routed": 47855,
      "teacher_would_right_on_routed": 47546,
      "net_wins": 309
    },
    "tau=0.98": {
      "bal_acc": 0.9802721304256604,
      "n_routed": 72175,
      "frac_routed": 0.1146,
      "router_right_on_routed": 64364,
      "teacher_would_right_on_routed": 64056,
      "net_wins": 308
    },
    "tau=0.99": {
      "bal_acc": 0.9802721304256604,
      "n_routed": 106406,
      "frac_routed": 0.1689,
      "router_right_on_routed": 97934,
      "teacher_would_right_on_routed": 97626,
      "net_wins": 308
    }
  },
  "peak_tau": "tau=0.95",
  "peak_bal_acc": 0.9802832845731908,
  "delta_vs_teacher": -3.092607330112962e-06,
  "high_only_gate": {
    "high_only_tau=0.85": {
      "bal_acc": 0.9802213128463291,
      "n_routed": 2851,
      "delta": -6.506433419184443e-05
    },
    "high_only_tau=0.90": {
      "bal_acc": 0.980170823060505,
      "n_routed": 3410,
      "delta": -0.00011555412001595933
    },
    "high_only_tau=0.95": {
      "bal_acc": 0.980170823060505,
      "n_routed": 3675,
      "delta": -0.00011555412001595933
    }
  },
  "smoke": false,
  "wall_seconds": 109.7
}