{
  "seeds": [
    42,
    7,
    123
  ],
  "per_seed": {
    "42": {
      "routed_v3": 0.9733220046612904,
      "spec_678": 0.6509782314739098,
      "nonrule": 0.5696634997226765,
      "greedy": 0.973746084242468,
      "lb_best": 0.9742325797567574
    },
    "7": {
      "routed_v3": 0.9731641575573354,
      "spec_678": 0.6504434805159057,
      "nonrule": 0.5707054055002226,
      "greedy": 0.9733335504304149,
      "lb_best": 0.9738762265520512
    },
    "123": {
      "routed_v3": 0.9734137755596303,
      "spec_678": 0.6508202804173634,
      "nonrule": 0.5701648930188704,
      "greedy": 0.9735537870890542,
      "lb_best": 0.9740077267469699
    }
  },
  "spread": {
    "routed_v3": {
      "mean": 0.9732999792594187,
      "std": 0.00012625817008464564,
      "min": 0.9731641575573354,
      "max": 0.9734137755596303,
      "spread": 0.000249618002294838,
      "values": [
        0.9733220046612904,
        0.9731641575573354,
        0.9734137755596303
      ]
    },
    "spec_678": {
      "mean": 0.650747330802393,
      "std": 0.0002747378414321732,
      "min": 0.6504434805159057,
      "max": 0.6509782314739098,
      "spread": 0.0005347509580040377,
      "values": [
        0.6509782314739098,
        0.6504434805159057,
        0.6508202804173634
      ]
    },
    "nonrule": {
      "mean": 0.5701779327472565,
      "std": 0.0005210752711540804,
      "min": 0.5696634997226765,
      "max": 0.5707054055002226,
      "spread": 0.0010419057775461482,
      "values": [
        0.5696634997226765,
        0.5707054055002226,
        0.5701648930188704
      ]
    },
    "greedy": {
      "mean": 0.9735444739206457,
      "std": 0.00020642453306502997,
      "min": 0.9733335504304149,
      "max": 0.973746084242468,
      "spread": 0.00041253381205308415,
      "values": [
        0.973746084242468,
        0.9733335504304149,
        0.9735537870890542
      ]
    },
    "lb_best": {
      "mean": 0.9740388443519262,
      "std": 0.00018020302613926912,
      "min": 0.9738762265520512,
      "max": 0.9742325797567574,
      "spread": 0.0003563532047061724,
      "values": [
        0.9742325797567574,
        0.9738762265520512,
        0.9740077267469699
      ]
    }
  },
  "bag": {
    "n_seeds": 3,
    "tuned_oof": 0.9746080165376844,
    "delta_vs_seed42": 0.0003754367809269965,
    "log_bias": [
      -1.4675588367639025,
      0.6689466919465481,
      3.400768902044088
    ]
  },
  "bag_prob_avg": {
    "tuned_oof": 0.9746448144578808
  },
  "bag_confusion_matrix": [
    [
      368330,
      1581,
      6
    ],
    [
      5069,
      229683,
      4322
    ],
    [
      0,
      685,
      20324
    ]
  ],
  "stability": {
    "std": 0.00018020302613926912,
    "stable": true,
    "threshold": 0.0005
  },
  "submission_emitted": "submission_lb_best_multi_seed_bag.csv"
}