{
  "fold_seed": 7,
  "xgb_seed": 42,
  "n_folds": 5,
  "class_priors": [
    0.5871698412698413,
    0.3794825396825397,
    0.03334761904761905
  ],
  "best_iters_routed_v3": [
    613,
    565,
    632,
    584,
    559
  ],
  "best_iters_spec_678": [
    373,
    449,
    387,
    451,
    342
  ],
  "best_iters_nonrule": [
    1209,
    1062,
    1166,
    1190,
    1133
  ],
  "tuned_oof": {
    "routed_v3": 0.9731641575573354,
    "spec_678_in_domain_argmax": 0.951652217982329,
    "nonrule": 0.5707054055002226,
    "hybrid_v3": 0.97300700394615,
    "greedy": 0.9733335504304149,
    "lb_best_greedy_nonrule": 0.9738762265520512
  },
  "log_bias": {
    "routed_v3": [
      0.03244116323609758,
      0.6689466919465481,
      3.400768902044088
    ],
    "hybrid_v3": [
      -0.1675588367639026,
      0.4689466919465479,
      3.400768902044088
    ],
    "greedy": [
      -2.867558836763903,
      0.7689466919465482,
      3.400768902044088
    ],
    "lb_best": [
      -2.467558836763903,
      0.6689466919465481,
      3.500768902044088
    ]
  },
  "confusion_matrix_lb_best": [
    [
      368237,
      1673,
      7
    ],
    [
      5010,
      228911,
      5153
    ],
    [
      0,
      658,
      20351
    ]
  ]
}