{
  "fold_seed": 123,
  "xgb_seed": 42,
  "n_folds": 5,
  "class_priors": [
    0.5871698412698413,
    0.3794825396825397,
    0.03334761904761905
  ],
  "best_iters_routed_v3": [
    593,
    640,
    579,
    658,
    587
  ],
  "best_iters_spec_678": [
    408,
    393,
    405,
    419,
    395
  ],
  "best_iters_nonrule": [
    1133,
    1050,
    1212,
    1162,
    1072
  ],
  "tuned_oof": {
    "routed_v3": 0.9734137755596303,
    "spec_678_in_domain_argmax": 0.9517556430348357,
    "nonrule": 0.5701648930188704,
    "hybrid_v3": 0.97336133888157,
    "greedy": 0.9735537870890542,
    "lb_best_greedy_nonrule": 0.9740077267469699
  },
  "log_bias": {
    "routed_v3": [
      0.03244116323609758,
      0.568946691946548,
      3.400768902044088
    ],
    "hybrid_v3": [
      0.13244116323609767,
      0.6689466919465481,
      3.400768902044088
    ],
    "greedy": [
      -3.1675588367639027,
      0.4689466919465479,
      3.400768902044088
    ],
    "lb_best": [
      -2.5675588367639026,
      0.6689466919465481,
      3.400768902044088
    ]
  },
  "confusion_matrix_lb_best": [
    [
      368138,
      1774,
      5
    ],
    [
      4955,
      229570,
      4549
    ],
    [
      0,
      702,
      20307
    ]
  ]
}