{
  "n_folds": 5,
  "smoke": false,
  "seed": 42,
  "n_estimators": 500,
  "max_depth": 12,
  "bank_version": "v1_7components",
  "bank": [
    "rawashishsin_2600",
    "recipe_full_te_catboost_natural",
    "recipe_full_te_catboost",
    "recipe_full_te",
    "realmlp",
    "xgb_corn",
    "xgb_dist_digits"
  ],
  "bank_loaded": [
    "rawashishsin_2600",
    "realmlp",
    "recipe_full_te",
    "recipe_full_te_catboost",
    "recipe_full_te_catboost_natural",
    "xgb_corn",
    "xgb_dist_digits"
  ],
  "feature_count": 35,
  "fold_scores_argmax": [
    0.9725283973245564,
    0.9728737255437722,
    0.9736803318391484,
    0.9722521614709846,
    0.9726773731568087
  ],
  "overall_argmax": 0.9728024226962001,
  "tuned_log_bias": 0.9803649676652043,
  "log_bias": [
    0.3324411632360974,
    0.9689466919465479,
    3.400768902044088
  ],
  "bias_drift": [
    -0.2,
    0.0,
    0.0
  ],
  "per_class_recall": [
    0.9946447446319039,
    0.968440733831366,
    0.9780094245323433
  ]
}