{
  "n_folds": 5,
  "smoke": false,
  "seed": 42,
  "n_estimators": 500,
  "max_depth": 12,
  "bank": [
    "sklearn_rf_meta_natural_v1_lb98129",
    "sklearn_rf_meta_natural_a1lgbm",
    "sklearn_rf_meta_natural_plus_natrealmlp",
    "rawashishsin_2600",
    "recipe_full_te_catboost_natural"
  ],
  "bank_loaded": [
    "rawashishsin_2600",
    "recipe_full_te_catboost_natural",
    "sklearn_rf_meta_natural_a1lgbm",
    "sklearn_rf_meta_natural_plus_natrealmlp",
    "sklearn_rf_meta_natural_v1_lb98129"
  ],
  "feature_count": 29,
  "fold_scores_argmax": [
    0.9727197676460131,
    0.9733316674558731,
    0.9746741776419072,
    0.9725709108145263,
    0.9725343652036297
  ],
  "overall_argmax": 0.9731662076896249,
  "tuned_log_bias": 0.9806439963593401,
  "log_bias": [
    0.5324411632360976,
    0.8689466919465483,
    3.500768902044088
  ],
  "drift_from_minus_log_prior": [
    4.440892098500626e-16,
    -0.09999999999999964,
    0.10000000000000009
  ],
  "drift_max_abs": 0.10000000000000009,
  "per_class_recall": [
    0.9948637126706802,
    0.9662029329830931,
    0.9808653434242468
  ]
}