{
  "n_folds": 5,
  "smoke": false,
  "seed": 42,
  "n_estimators": 500,
  "max_depth": 12,
  "bank": [
    "rawashishsin_2600",
    "recipe_full_te_catboost_natural",
    "recipe_full_te_catboost_skte",
    "recipe_full_te_xgb_skte",
    "recipe_full_te_lgbm_skte",
    "recipe_full_te_catboost",
    "recipe_full_te",
    "realmlp",
    "xgb_corn",
    "xgb_dist_digits",
    "xgb_dist_routed_v3"
  ],
  "bank_loaded": [
    "rawashishsin_2600",
    "realmlp",
    "recipe_full_te",
    "recipe_full_te_catboost",
    "recipe_full_te_catboost_natural",
    "recipe_full_te_catboost_skte",
    "recipe_full_te_lgbm_skte",
    "recipe_full_te_xgb_skte",
    "xgb_corn",
    "xgb_dist_digits",
    "xgb_dist_routed_v3"
  ],
  "feature_count": 47,
  "fold_scores_argmax": [
    0.9721926557763981,
    0.9726929700232544,
    0.9736169001103812,
    0.9726360465729372,
    0.9731823231705207
  ],
  "overall_argmax": 0.9728642203211567,
  "tuned_log_bias": 0.9806669044664734,
  "log_bias": [
    0.5324411632360976,
    0.8689466919465483,
    3.400768902044088
  ],
  "bias_H": 3.400768902044088,
  "cal_verdict": "FAIL \u2014 bias_H still high",
  "per_class_recall": [
    0.9948988556892492,
    0.9672360858980902,
    0.9798657718120806
  ]
}