{
  "n_folds": 5,
  "smoke": false,
  "seed": 42,
  "n_estimators": 500,
  "max_depth": 14,
  "fold_scores_argmax": [
    0.9792557547340364,
    0.9797460956813877,
    0.9812181451646751,
    0.9791401925610345,
    0.9794790871908701
  ],
  "overall_argmax": 0.9797678698953179,
  "tuned_log_bias": 0.9806854142287365,
  "log_bias": [
    1.9324411632360974,
    1.968946691946548,
    2.6007689020440883
  ]
}