{
  "smoke": false,
  "n_folds": 5,
  "n_est": 500,
  "max_depth": 12,
  "seed": 42,
  "bank": [
    "rawashishsin_2600",
    "recipe_full_te_catboost_natural",
    "recipe_full_te_catboost",
    "recipe_full_te",
    "realmlp",
    "xgb_corn",
    "xgb_dist_digits"
  ],
  "fold_scores": [
    0.9723232669895262,
    0.9725765706491316,
    0.973884807042018,
    0.9723482363659558,
    0.9728191065422571
  ],
  "overall_argmax": 0.9727904302167802,
  "tuned_log_bias": 0.9806377150164857,
  "log_bias": [
    0.6324411632360972,
    1.068946691946548,
    3.400768902044088
  ],
  "drift": [
    0.10000000000000009,
    0.10000000000000009,
    0.0
  ],
  "per_class_recall": [
    0.9946447446319039,
    0.9693065745334081,
    0.9779618258841449
  ],
  "errs": 9782,
  "sw_min": 0.50609290599823,
  "sw_mean": 0.523780345916748,
  "sw_max": 0.9385679364204407
}