{
  "n_folds": 5,
  "smoke": false,
  "seed": 42,
  "n_estimators": 500,
  "max_depth": 12,
  "bank": [
    "rawashishsin_2600",
    "recipe_full_te_catboost_natural",
    "recipe_full_te_catboost",
    "recipe_full_te",
    "realmlp",
    "xgb_corn",
    "xgb_dist_digits"
  ],
  "bank_loaded": [
    "rawashishsin_2600",
    "realmlp",
    "recipe_full_te",
    "recipe_full_te_catboost",
    "recipe_full_te_catboost_natural",
    "xgb_corn",
    "xgb_dist_digits"
  ],
  "feature_count": 35,
  "fold_scores_argmax": [
    0.9723591718444912,
    0.9726509659932189,
    0.973881915261121,
    0.9723232428946655,
    0.9729193477858556
  ],
  "overall_argmax": 0.9728269599452101,
  "tuned_log_bias": 0.980628290879414,
  "log_bias": [
    0.4324411632360975,
    0.8689466919465483,
    3.2007689020440884
  ],
  "bias_H": 3.2007689020440884,
  "cal_verdict": "FAIL \u2014 bias_H still high",
  "per_class_recall": [
    0.9946447446319039,
    0.9693734994185901,
    0.9778666285877481
  ]
}