{
  "smoke": false,
  "n_folds": 5,
  "n_est": 500,
  "max_depth": 12,
  "seeds": [
    42,
    7,
    123
  ],
  "bank": [
    "rawashishsin_2600",
    "recipe_full_te_catboost_natural",
    "recipe_full_te_catboost",
    "recipe_full_te",
    "realmlp",
    "xgb_corn",
    "xgb_dist_digits"
  ],
  "fold_seed": 42,
  "per_seed_fold_scores": {
    "42": null,
    "7": [
      0.9726810620728159,
      0.9727118449013202,
      0.9737890713379803,
      0.9723636341017396,
      0.9731200073605103
    ],
    "123": [
      0.9723183353207566,
      0.9724738629879455,
      0.9739432204073357,
      0.9725427766423854,
      0.9728795596736498
    ]
  },
  "per_seed_tuned": {
    "42": [
      [
        0.4324411632360975,
        0.8689466919465483,
        3.2007689020440884
      ],
      0.980628290879414
    ],
    "7": [
      [
        0.5324411632360971,
        0.9689466919465479,
        3.400768902044088
      ],
      0.9805891395473562
    ],
    "123": [
      [
        0.5324411632360971,
        0.9689466919465479,
        3.400768902044088
      ],
      0.9806207145561049
    ]
  },
  "bag_overall_argmax": 0.972847130292173,
  "bag_tuned": 0.9805836881400047,
  "bag_log_bias": [
    0.4324411632360975,
    0.8689466919465483,
    3.400768902044088
  ],
  "bag_bias_H": 3.400768902044088,
  "bag_per_class_recall": [
    0.9946555578683867,
    0.9674201293323406,
    0.979675377219287
  ]
}