{
  "bank": [
    "rawashishsin_2600",
    "recipe_full_te_catboost_natural",
    "recipe_full_te_catboost",
    "recipe_full_te",
    "realmlp",
    "xgb_corn",
    "xgb_dist_digits",
    "recipe_pseudolabel_lb98129labeler_t099"
  ],
  "bank_loaded": [
    "rawashishsin_2600",
    "realmlp",
    "recipe_full_te",
    "recipe_full_te_catboost",
    "recipe_full_te_catboost_natural",
    "recipe_pseudolabel_lb98129labeler_t099",
    "xgb_corn",
    "xgb_dist_digits"
  ],
  "n_components": 8,
  "fold_scores_argmax": [
    0.9725963580265233,
    0.9727850537103485,
    0.9738280074353641,
    0.9725788209588727,
    0.9732645422558757
  ],
  "overall_argmax": 0.9730105845801017,
  "tuned_log_bias": 0.9806137559511261,
  "log_bias": [
    0.4324411632360975,
    0.8689466919465483,
    3.000768902044088
  ],
  "drift": [
    -0.09999999999999964,
    -0.09999999999999964,
    -0.3999999999999999
  ],
  "drift_max": 0.3999999999999999,
  "per_class_recall": [
    0.9946447446319039,
    0.9711386432652651,
    0.9760578799562093
  ],
  "test_diff_vs_v1": 288,
  "add_high_vs_v1": 34,
  "remove_high_vs_v1": 207,
  "net_high_vs_v1": -173,
  "g4_ratio": 0.7178423236514523
}