{
  "bag_tuned": 0.9805836881400047,
  "bag_bias": [
    0.4324411632360975,
    0.8689466919465483,
    3.400768902044088
  ],
  "bag_errs": 10193,
  "bag_PCR": [
    0.9946555578683867,
    0.9674201293323406,
    0.979675377219287
  ],
  "legacy_tuned": 0.980628290879414,
  "legacy_bias": [
    0.4324411632360975,
    0.8689466919465483,
    3.2007689020440884
  ],
  "legacy_errs": 9768,
  "legacy_PCR": [
    0.9946447446319039,
    0.9693734994185901,
    0.9778666285877481
  ],
  "delta_tuned_vs_legacy": -4.460273940931625e-05,
  "delta_PCR_vs_legacy": [
    1.0813236482776212e-05,
    -0.0019533700862495174,
    0.0018087486315389034
  ],
  "delta_errs_vs_legacy": 425,
  "test_rows_diff_vs_legacy": 192,
  "net_h_vs_legacy": 185,
  "candidate_csv": "submissions/submission_sklearn_rf_meta_natural_bag.csv"
}