{
  "argmax_bal": 0.9747094817891996,
  "recall_low": 0.9952962802768166,
  "recall_med": 0.9773920317891875,
  "recall_high": 0.9514401333015948,
  "errors": 1633,
  "err_ratio": 0.0648015873015873,
  "pass_argmax": false,
  "pass_high_floor": false,
  "pass_high_lift": false,
  "pass_errs": true,
  "decision": "ABORT"
}