{
  "seed": 42,
  "n_folds": 5,
  "smoke": false,
  "w_recipe": 1.0,
  "suffix": "recipeonly",
  "xgb_depth": 3,
  "xgb_max_leaves": 15,
  "xgb_nround": 1500,
  "fold_scores_argmax": [
    0.9749634113155577,
    0.9757163765867011,
    0.976235356113318,
    0.9746170641918082,
    0.9752470149844368
  ],
  "overall_argmax_bal_acc": 0.975355870954035,
  "tuned_log_bias_bal_acc": 0.9807394859604929,
  "log_bias": [
    0.9324411632360975,
    1.2689466919465482,
    3.400768902044088
  ],
  "n_features": 443
}