{
  "seed": 42,
  "n_folds": 5,
  "smoke": false,
  "w_recipe": 0.5,
  "suffix": "",
  "fold_scores_argmax": [
    0.9748640379402919,
    0.9759508812617819,
    0.976536931858936,
    0.974844847274808,
    0.9756549697103615
  ],
  "overall_argmax_bal_acc": 0.9755703815215293,
  "tuned_log_bias_bal_acc": 0.9809570363686017,
  "log_bias": [
    0.5324411632360976,
    1.068946691946548,
    3.2007689020440884
  ],
  "n_features": 443
}