{
  "seed": 42,
  "n_folds": 5,
  "smoke": false,
  "w_recipe": 0.5,
  "suffix": "small",
  "xgb_depth": 3,
  "xgb_max_leaves": 15,
  "xgb_nround": 1500,
  "fold_scores_argmax": [
    0.9754102200142861,
    0.9757233480455486,
    0.9761783978576904,
    0.9746125586522473,
    0.9754958890940343
  ],
  "overall_argmax_bal_acc": 0.9754840969956328,
  "tuned_log_bias_bal_acc": 0.9806608167302132,
  "log_bias": [
    0.8324411632360974,
    1.2689466919465482,
    3.2007689020440884
  ],
  "n_features": 443
}