{
  "greedy_tuned_ref": 0.973746084242468,
  "greedy_bias_fixed": [
    0.13244116323609723,
    0.568946691946548,
    3.400768902044088
  ],
  "spec3_domain_rule_bal_acc": 0.5,
  "spec3_domain_spec_bal_acc": 0.5039847874692638,
  "spec3_domain_greedy_bal_acc": 0.511648935132209,
  "hybrid_fixed_bias_bal_acc": 0.9736408140861058,
  "hybrid_retuned_bal_acc": 0.9736416175383034,
  "delta_hybrid_fixed_vs_greedy": -0.00010527015636219161,
  "delta_hybrid_retune_vs_greedy": -0.00010446670416464077,
  "soft_blend_sweep_on_s3": [
    [
      0.0,
      0.973746084242468
    ],
    [
      0.1,
      0.9737363061622087
    ],
    [
      0.2,
      0.9737275996405135
    ],
    [
      0.30000000000000004,
      0.9737227532142647
    ],
    [
      0.4,
      0.9737166829750984
    ],
    [
      0.5,
      0.9737169204572139
    ],
    [
      0.6000000000000001,
      0.9737051879165207
    ],
    [
      0.7000000000000001,
      0.9736911600043459
    ],
    [
      0.8,
      0.9736698380400872
    ],
    [
      0.9,
      0.9736522909435134
    ],
    [
      1.0,
      0.9736408140861058
    ]
  ],
  "n_rows_overridden_train": 102157,
  "n_rows_overridden_test": 43746
}