{
  "seed": 42,
  "n_folds": 5,
  "spec_score": 6,
  "smoke": false,
  "train_rows_in_spec": 38416,
  "test_rows_in_spec": 16652,
  "dom_high_prevalence": 0.04032174094127447,
  "n_high_domain": 1549,
  "n_med_domain": 36867,
  "n_features": 35,
  "best_iters": [
    352,
    427,
    464,
    474,
    544
  ],
  "fold_aucs": [
    0.843429381338105,
    0.8626520674757912,
    0.8755926055700096,
    0.8661931823094922,
    0.8638695749928577
  ],
  "overall_auc": 0.8619870533171049,
  "oof_p_high_percentiles": {
    "p50": 0.012274593114852905,
    "p90": 0.07410166412591934,
    "p95": 0.13064000010490417,
    "p99": 0.4071585536003113
  }
}