{
  "seed": 42,
  "n_folds": 5,
  "spec_score": 6,
  "smoke": false,
  "n_features": 40,
  "train_rows_in_spec": 38416,
  "test_rows_in_spec": 16652,
  "best_iters": [
    34,
    104,
    16,
    128,
    95
  ],
  "fold_aucs": [
    0.9427578231491678,
    0.948545786507338,
    0.961847697034742,
    0.9408653289083428,
    0.9507132194954551
  ],
  "overall_auc": 0.9380455451481302,
  "oof_p_high_percentiles": {
    "p50": 0.008437400683760643,
    "p90": 0.06524050235748291,
    "p95": 0.18687234818935394,
    "p99": 0.7539626955986023
  }
}