{
  "spec_score": 6,
  "seed": 42,
  "n_folds": 5,
  "smoke": false,
  "n_features": 40,
  "train_rows_in_spec": 38416,
  "truly_high_in_spec": 1549,
  "test_rows_in_spec": 16652,
  "best_iters": [
    86,
    41,
    50,
    64,
    3
  ],
  "fold_aucs": [
    0.9426829089775595,
    0.9500169830597323,
    0.9626360751141069,
    0.9421690898620101,
    0.9515419842682611
  ],
  "overall_auc": 0.9348758014409552
}