{
  "anchor_oof": 0.9806090685483349,
  "final_oof": 0.9806090685483349,
  "delta": 0.0,
  "chosen": [],
  "elapsed_sec": 240.10771536827087
}