{
  "argmax_oof": 0.967414634097978,
  "tuned_oof": 0.9779533169992716,
  "fold_argmax": [
    0.96668275223107,
    0.9685370200385285,
    0.9677833604142948,
    0.9666386533625259,
    0.9674311612087633
  ],
  "elapsed": 1.1759984493255615
}