{
  "lb4_global_bal_acc": 0.9808424406412425,
  "in_sample_bal_acc": 0.9768572745354951,
  "nested_bal_acc": 0.9760207430572696,
  "delta_vs_global_nested": -0.004819256942730443,
  "in_sample_inflation": 0.0008365314782254885,
  "bias_A_full": [
    0.4869920611381531,
    1.2926104068756104,
    1.9984509944915771
  ],
  "bias_B_full": [
    1.34816575050354,
    0.8802238702774048,
    4.9197540283203125
  ],
  "fold_biases": [
    [
      [
        0.48678886890411377,
        1.2929801940917969,
        1.9986615180969238
      ],
      [
        1.0482606887817383,
        0.5800383687019348,
        4.922789573669434
      ]
    ],
    [
      [
        0.4867866337299347,
        1.2934898138046265,
        1.7974141836166382
      ],
      [
        1.2482317686080933,
        0.6800766587257385,
        4.922891616821289
      ]
    ],
    [
      [
        0.4872834086418152,
        1.2932391166687012,
        1.995288372039795
      ],
      [
        1.4480249881744385,
        0.8802749514579773,
        4.928038120269775
      ]
    ],
    [
      [
        0.4872225522994995,
        1.2914185523986816,
        1.8001264333724976
      ],
      [
        0.44808709621429443,
        0.6804617047309875,
        4.912508964538574
      ]
    ],
    [
      [
        0.4868796467781067,
        1.2919279336929321,
        2.000765562057495
      ],
      [
        1.3482245206832886,
        0.8802679777145386,
        4.912631034851074
      ]
    ]
  ],
  "bucket_A_scores": [
    8,
    3,
    6,
    7
  ],
  "bucket_A_train_pct": 0.2512365079365079,
  "bucket_A_test_pct": 0.2521111111111111
}