{
  "anchor_v1_bal": 0.980628290879414,
  "anchor_v1_pcr": [
    0.9946447446319039,
    0.9693734994185901,
    0.9778666285877481
  ],
  "standalone": {
    "a1lgbm": {
      "name": "a1lgbm",
      "bal_acc": 0.9805441676718157,
      "pcr": [
        0.9946204148498177,
        0.9693358541706751,
        0.9776762339949545
      ],
      "pcr_delta": [
        -2.432978208621872e-05,
        -3.764524791494139e-05,
        -0.00019039459279357462
      ],
      "test_diff": 123,
      "add_h": 32,
      "rem_h": 54,
      "net_h": -22,
      "g4_ratio": 0.2558139534883721,
      "direction": "REMOVE-High"
    },
    "plus_natrealmlp": {
      "name": "plus_natrealmlp",
      "bal_acc": 0.9805637414244454,
      "pcr": [
        0.9946717777231109,
        0.9692480152588738,
        0.9777714312913514
      ],
      "pcr_delta": [
        2.703309120699604e-05,
        -0.00012548415971624927,
        -9.51972963967318e-05
      ],
      "test_diff": 76,
      "add_h": 37,
      "rem_h": 21,
      "net_h": 16,
      "g4_ratio": 0.27586206896551724,
      "direction": "ADD-High"
    },
    "plus_t2": {
      "name": "plus_t2",
      "bal_acc": 0.9805899228470928,
      "pcr": [
        0.9946447446319039,
        0.9694487899144199,
        0.9776762339949545
      ],
      "pcr_delta": [
        0.0,
        7.529049582977176e-05,
        -0.00019039459279357462
      ],
      "test_diff": 220,
      "add_h": 86,
      "rem_h": 87,
      "net_h": -1,
      "g4_ratio": 0.005780346820809248,
      "direction": "REMOVE-High"
    },
    "xreg": {
      "name": "xreg",
      "bal_acc": 0.9808793101946883,
      "pcr": [
        0.9947393604511282,
        0.9696035537114032,
        0.9782950164215336
      ],
      "pcr_delta": [
        9.461581922431961e-05,
        0.00023005429281308665,
        0.00042838783378551515
      ],
      "test_diff": 375,
      "add_h": 132,
      "rem_h": 162,
      "net_h": -30,
      "g4_ratio": 0.10204081632653061,
      "direction": "REMOVE-High"
    },
    "v1bank_bag5": {
      "name": "v1bank_bag5",
      "bal_acc": 0.9803352657159267,
      "pcr": [
        0.9945879751403693,
        0.9695031663836302,
        0.9769146556237803
      ],
      "pcr_delta": [
        -5.6769491534547356e-05,
        0.00012966696504013164,
        -0.0009519729639677621
      ],
      "test_diff": 198,
      "add_h": 48,
      "rem_h": 73,
      "net_h": -25,
      "g4_ratio": 0.2066115702479339,
      "direction": "REMOVE-High"
    },
    "Va": {
      "name": "Va",
      "bal_acc": 0.9804297993913985,
      "pcr": [
        0.9946068983042142,
        0.9694822523570108,
        0.9772002475129706
      ],
      "pcr_delta": [
        -3.784632768966123e-05,
        0.00010875293842071976,
        -0.0006663810747774557
      ],
      "test_diff": 212,
      "add_h": 48,
      "rem_h": 73,
      "net_h": -25,
      "g4_ratio": 0.2066115702479339,
      "direction": "REMOVE-High"
    },
    "Vb": {
      "name": "Vb",
      "bal_acc": 0.9803566129162763,
      "pcr": [
        0.9946204148498177,
        0.9689635844968504,
        0.9774858394021609
      ],
      "pcr_delta": [
        -2.432978208621872e-05,
        -0.0004099149217396958,
        -0.00038078918558714925
      ],
      "test_diff": 122,
      "add_h": 43,
      "rem_h": 28,
      "net_h": 15,
      "g4_ratio": 0.2112676056338028,
      "direction": "ADD-High"
    },
    "Vc": {
      "name": "Vc",
      "bal_acc": 0.9806334961133508,
      "pcr": [
        0.9946420413227832,
        0.9693442197813229,
        0.9779142272359465
      ],
      "pcr_delta": [
        -2.7033091206662974e-06,
        -2.927963726717664e-05,
        4.75986481983659e-05
      ],
      "test_diff": 116,
      "add_h": 40,
      "rem_h": 36,
      "net_h": 4,
      "g4_ratio": 0.05263157894736842,
      "direction": "ADD-High"
    }
  },
  "geomean_results": {
    "v1+all_similar": {
      "name": "v1+all_similar",
      "bal_acc": 0.9806617972829259,
      "pcr": [
        0.9946663711048694,
        0.9695951881007554,
        0.9777238326431529
      ],
      "pcr_delta": [
        2.1626472965552423e-05,
        0.0002216886821653219,
        -0.00014279594459520872
      ],
      "test_diff": 82,
      "add_h": 20,
      "rem_h": 44,
      "net_h": -24,
      "g4_ratio": 0.375,
      "direction": "REMOVE-High",
      "members": [
        "v1",
        "Va",
        "Vb",
        "Vc",
        "a1lgbm",
        "plus_natrealmlp",
        "plus_t2",
        "v1bank_bag5",
        "xreg"
      ],
      "oof_delta": 3.3506403511851524e-05
    },
    "v1+xreg_only": {
      "name": "v1+xreg_only",
      "bal_acc": 0.9807800283528696,
      "pcr": [
        0.9947177339781627,
        0.9697081238445,
        0.9779142272359465
      ],
      "pcr_delta": [
        7.298934625876718e-05,
        0.00033462442590992403,
        4.75986481983659e-05
      ],
      "test_diff": 201,
      "add_h": 65,
      "rem_h": 94,
      "net_h": -29,
      "g4_ratio": 0.18238993710691823,
      "direction": "REMOVE-High",
      "members": [
        "v1",
        "xreg"
      ],
      "oof_delta": 0.00015173747345553767
    },
    "v1+Vc_only": {
      "name": "v1+Vc_only",
      "bal_acc": 0.980602050293285,
      "pcr": [
        0.994652854559266,
        0.9693818650292378,
        0.9777714312913514
      ],
      "pcr_delta": [
        8.109927362109914e-06,
        8.365610647764754e-06,
        -9.51972963967318e-05
      ],
      "test_diff": 55,
      "add_h": 18,
      "rem_h": 20,
      "net_h": -2,
      "g4_ratio": 0.05263157894736842,
      "direction": "REMOVE-High",
      "members": [
        "v1",
        "Vc"
      ],
      "oof_delta": -2.6240586129100407e-05
    },
    "v1+a1lgbm_only": {
      "name": "v1+a1lgbm_only",
      "bal_acc": 0.9805724118483297,
      "pcr": [
        0.9946366347045418,
        0.9693567681972945,
        0.9777238326431529
      ],
      "pcr_delta": [
        -8.109927362109914e-06,
        -1.6731221295529508e-05,
        -0.00014279594459520872
      ],
      "test_diff": 62,
      "add_h": 16,
      "rem_h": 29,
      "net_h": -13,
      "g4_ratio": 0.28888888888888886,
      "direction": "REMOVE-High",
      "members": [
        "v1",
        "a1lgbm"
      ],
      "oof_delta": -5.587903108439374e-05
    },
    "v1+all_lb_validated": {
      "name": "v1+all_lb_validated",
      "bal_acc": 0.9806947586970057,
      "pcr": [
        0.9946501512501453,
        0.9695198976049256,
        0.9779142272359465
      ],
      "pcr_delta": [
        5.406618241443617e-06,
        0.00014639818633555013,
        4.75986481983659e-05
      ],
      "test_diff": 92,
      "add_h": 23,
      "rem_h": 45,
      "net_h": -22,
      "g4_ratio": 0.3235294117647059,
      "direction": "REMOVE-High",
      "members": [
        "v1",
        "xreg",
        "Vc",
        "a1lgbm",
        "plus_natrealmlp"
      ],
      "oof_delta": 6.646781759167553e-05
    }
  },
  "best_cfg": null,
  "best_delta": null
}