{
  "oof_macro_v1bias": 0.9811054822690687,
  "oof_macro_t6bias": 0.9811054822690687,
  "v1_bias": [
    -1.333,
    -1.0,
    1.5
  ],
  "t6_bias": [
    -1.3333333333333335,
    -1.0,
    1.5
  ],
  "diff_vs_4b": {
    "C1": 534,
    "C2": 534,
    "C3": 463
  },
  "net_h_vs_4b_C1": 311,
  "net_h_vs_4b_C3": 241
}