{
  "subsample": 10000,
  "n_estimators": 1,
  "fold_run": 0,
  "fold_argmax_bal_acc": 0.9636755216467029,
  "fold_per_class_recall": [
    0.995836937716263,
    0.956603576283593,
    0.9385860509402523
  ],
  "fold_tuned_bal_acc": 0.9642438399045931,
  "log_bias": [
    0.6324411632360972,
    2.0689466919465485,
    1.7007689020440881
  ],
  "n_val_rows": 126000,
  "smoke": false,
  "wall_min": 21.905030763149263,
  "tabpfn_version": "2.2.1"
}