{
  "seed": 42,
  "n_folds": 5,
  "n_features": 43,
  "fold_best_iters": [
    [
      1136,
      724,
      151
    ],
    [
      532,
      799,
      183
    ],
    [
      1442,
      870,
      167
    ],
    [
      834,
      1134,
      163
    ],
    [
      735,
      953,
      162
    ]
  ],
  "standalone_argmax_bal": 0.9609734412171452,
  "wall_time_s": 292.66565704345703
}