{
  "seed": 42,
  "n_folds": 5,
  "n_features": 43,
  "fold_best_iters": [
    [
      296,
      436,
      228
    ],
    [
      296,
      410,
      228
    ],
    [
      298,
      432,
      228
    ],
    [
      296,
      407,
      228
    ],
    [
      296,
      484,
      228
    ]
  ],
  "standalone_argmax_bal": 0.9609734412171452,
  "wall_time_s": 69.25081372261047
}