{
  "seed": 42,
  "n_folds": 5,
  "n_features": 43,
  "fold_best_iters": [
    [
      1260,
      2978,
      413
    ],
    [
      2040,
      2509,
      332
    ],
    [
      1322,
      2996,
      250
    ],
    [
      1359,
      540,
      262
    ],
    [
      2496,
      2036,
      378
    ]
  ],
  "standalone_argmax_bal": 0.9592736786653017,
  "wall_time_s": 546.8010756969452
}