{
  "anchor_oof": 0.9806090685483349,
  "final_oof": 0.9808424406412425,
  "delta": 0.0002333720929076355,
  "chosen": [
    [
      "xgb_metastack__iso",
      0.3
    ]
  ],
  "elapsed_sec": 616.2222530841827
}