{
  "v1_anchor_tuned": 0.980628290879414,
  "v1_anchor_bias": [
    0.4324411632360975,
    0.8689466919465483,
    3.2007689020440884
  ],
  "v1_anchor_pcr": [
    0.9946447446319039,
    0.9693734994185901,
    0.9778666285877481
  ],
  "m1": {
    "bias": [
      0.45744116323609807,
      0.8739466919465486,
      3.465768902044089
    ],
    "bal": 0.9806664784130638,
    "delta": 3.818753364970284e-05,
    "drift": [
      -0.075,
      -0.095,
      0.065
    ],
    "pcr": [
      0.9947096240508005,
      0.9668052569497311,
      0.9804845542386597
    ]
  },
  "m2": {
    "bias": [
      0.5573152628430964,
      0.940692675090297,
      3.5335992788323596
    ],
    "bal": 0.9806694371009405,
    "delta": 4.114622152640024e-05,
    "drift": [
      0.025,
      -0.028,
      0.133
    ],
    "pcr": [
      0.9947880200153008,
      0.9666881384006626,
      0.980532152886858
    ]
  },
  "m3": {
    "bias": [
      0.4524411632360977,
      0.8859466919465484,
      3.2007689020440884
    ],
    "bal": 0.980655068591865,
    "delta": 2.677771245096494e-05,
    "drift": [
      -0.08,
      -0.083,
      -0.2
    ],
    "pcr": [
      0.9946555578683867,
      0.9694906179676586,
      0.9778190299395497
    ]
  }
}