{
  "lb_best_oof": 0.9806090685483349,
  "lb_best_errs": 9572,
  "new_oof": 0.9808424406412425,
  "new_errs": 9415,
  "delta": 0.0002333720929076355,
  "alpha": 0.3,
  "jaccard": 0.955004118616145,
  "rows_diff_from_lb": 196
}