{
  "n_folds": 2,
  "smoke": true,
  "seed": 42,
  "max_iter": 200,
  "feature_count": 17,
  "fold_scores_argmax": [
    0.97460492301981,
    0.9726305689823856
  ],
  "overall_argmax": 0.9736176942385285,
  "tuned_log_bias": 0.9806206165153325,
  "log_bias": [
    0.6324411632360972,
    0.9689466919465479,
    3.400768902044088
  ],
  "bias_drift": [
    0.1,
    0.0,
    0.0
  ],
  "per_class_recall": [
    0.9947988332517835,
    0.9688631971690773,
    0.9781998191251369
  ],
  "anchor_v1_tuned": 0.980628290879414,
  "anchor_v1_pcr": [
    0.9946447446319039,
    0.9693734994185901,
    0.9778666285877481
  ],
  "delta_at_v1bias": -0.0001312906333570396,
  "pcr_at_v1bias": [
    0.994777206778818,
    0.9697039410391761,
    0.9770098529201771
  ],
  "pcr_delta_at_v1bias": [
    0.00013,
    0.00033,
    -0.00086
  ],
  "net_h": -3,
  "churn_h": 33,
  "g4_ratio": 0.09090909090909091,
  "test_diff": 53,
  "gates": {
    "g1": false,
    "g2": false,
    "g4": false,
    "drift_ok": true,
    "emit": false
  }
}