{
  "anchor_oof": 0.980604885743011,
  "final_oof": 0.9807988312771734,
  "delta_anchor_to_final": 0.00019394553416240967,
  "primary_oof_reference": 0.98084,
  "delta_vs_primary": -4.1168722826667725e-05,
  "chosen": [
    [
      "xgb_metastack_bag3__iso",
      0.35
    ]
  ],
  "verdict": "GREEN: iso-on-full-OOF was contributing minimal inflation; current primary's lift is genuine.",
  "elapsed_sec": 1015.2560343742371
}