{
  "seed": 42,
  "n_folds": 5,
  "best_iters": [
    335,
    356,
    280,
    481,
    355
  ],
  "feature_dim": 9,
  "raw_argmax": 0.9727520307320187,
  "raw_tuned": 0.9798254893410867,
  "raw_bias": [
    0.6324411632360972,
    0.9689466919465479,
    3.400768902044088
  ],
  "iso_argmax": 0.9725463919727132,
  "anchor_lbbest_4stack": 0.9806090685483349,
  "sweep": [
    [
      0.0,
      0.9806090685483349
    ],
    [
      0.025,
      0.9805569592159052
    ],
    [
      0.05,
      0.9805116198413776
    ],
    [
      0.075,
      0.9804299572917546
    ],
    [
      0.1,
      0.9804432854851935
    ],
    [
      0.15,
      0.9804392809985035
    ],
    [
      0.2,
      0.9803791056996327
    ],
    [
      0.25,
      0.9803842826988687
    ],
    [
      0.3,
      0.9803173917410771
    ],
    [
      0.4,
      0.9801539713805386
    ],
    [
      0.5,
      0.9800816455698048
    ]
  ]
}