{
  "seed": 42,
  "n_original_train": 8000,
  "n_original_val": 2000,
  "n_synthetic": 630000,
  "best_iter": 294,
  "log_bias": [
    -4.267558836763903,
    -0.731053308053452,
    3.400768902044088
  ],
  "results": [
    {
      "name": "orig\u2192syn argmax",
      "bal_acc": 0.9563553369182182
    },
    {
      "name": "orig\u2192syn prior-reweight argmax",
      "bal_acc": 0.9595890545508623
    },
    {
      "name": "orig\u2192syn tuned log-bias",
      "bal_acc": 0.9627841421178204
    }
  ],
  "best_rule": "orig\u2192syn tuned log-bias",
  "gap_vs_synthetic_baseline": 0.008185857882179626
}