{
  "overall_argmax_bal_acc": 0.9609158630565983,
  "tuned_log_bias_bal_acc": 0.9663269012865029,
  "log_bias": [
    1.4324411632360974,
    1.168946691946548,
    3.400768902044088
  ],
  "fold_ba": [
    0.9609158630565983
  ],
  "n_folds": 5,
  "folds_completed": 1,
  "seed": 42
}