{
  "smoke": false,
  "n_folds": 5,
  "tta_k": 5,
  "tta_sigmas": [
    0.01,
    0.02,
    0.03
  ],
  "variants": {
    "baseline": {
      "argmax_bal_acc": 0.975893512925552,
      "tuned_bal_acc": 0.9796650350078755,
      "log_bias": [
        1.4324411632360974,
        1.468946691946548,
        3.400768902044088
      ],
      "delta_vs_baseline": 0.0
    },
    "s010": {
      "argmax_bal_acc": 0.9739198157810072,
      "tuned_bal_acc": 0.9785092043746597,
      "log_bias": [
        1.6324411632360971,
        1.468946691946548,
        3.400768902044088
      ],
      "delta_vs_baseline": -0.001155830633215782
    },
    "s020": {
      "argmax_bal_acc": 0.9719144583999517,
      "tuned_bal_acc": 0.9768283977313597,
      "log_bias": [
        1.6324411632360971,
        1.468946691946548,
        3.400768902044088
      ],
      "delta_vs_baseline": -0.002836637276515841
    },
    "s030": {
      "argmax_bal_acc": 0.9701988104673097,
      "tuned_bal_acc": 0.9752379492122584,
      "log_bias": [
        1.1324411632360971,
        0.9689466919465479,
        2.900768902044088
      ],
      "delta_vs_baseline": -0.004427085795617125
    }
  }
}