{
  "lb_best_tuned": 0.9801231679332877,
  "lb_best_bias": [
    1.4324411632360974,
    1.468946691946548,
    3.400768902044088
  ],
  "variants": {
    "baseline": {
      "argmax": 0.9759612327907622,
      "errors": 8380,
      "jaccard_vs_recipe": 0.9260494537090281,
      "jaccard_vs_lb_best": 0.9101110729417153
    },
    "s001": {
      "argmax": 0.9759455167440289,
      "errors": 8450,
      "jaccard_vs_recipe": 0.9084203359055832,
      "jaccard_vs_lb_best": 0.8936242369432512
    },
    "s005": {
      "argmax": 0.9747858304045377,
      "errors": 8984,
      "jaccard_vs_recipe": 0.8458510638297873,
      "jaccard_vs_lb_best": 0.8323969044842574
    },
    "s010": {
      "argmax": 0.9736394083159033,
      "errors": 9600,
      "jaccard_vs_recipe": 0.7813801308744794,
      "jaccard_vs_lb_best": 0.7683493035661365
    }
  },
  "blend_results": {
    "s001": {
      "vs_recipe": {
        "results": [
          [
            0.0,
            0.9796650350078755
          ],
          [
            0.025,
            0.9796858146767818
          ],
          [
            0.05,
            0.979690898585146
          ],
          [
            0.075,
            0.9796812239338188
          ],
          [
            0.1,
            0.9796960677212719
          ],
          [
            0.15,
            0.9796969688243121
          ],
          [
            0.2,
            0.9797168965201294
          ],
          [
            0.3,
            0.9797488355055964
          ],
          [
            0.4,
            0.9797334315261504
          ],
          [
            0.5,
            0.9796992693648239
          ]
        ],
        "peak_alpha": 0.3,
        "peak_bal": 0.9797488355055964,
        "baseline_bal": 0.9796650350078755,
        "delta": 8.380049772094278e-05
      },
      "vs_lb_best": {
        "results": [
          [
            0.0,
            0.9801231679332877
          ],
          [
            0.025,
            0.9801731471807296
          ],
          [
            0.05,
            0.9801755638777837
          ],
          [
            0.075,
            0.9801923311968901
          ],
          [
            0.1,
            0.9801713810724598
          ],
          [
            0.15,
            0.9801769581462251
          ],
          [
            0.2,
            0.9801794600710413
          ],
          [
            0.3,
            0.9801432943193295
          ],
          [
            0.4,
            0.9800627624917521
          ],
          [
            0.5,
            0.9800082337681882
          ]
        ],
        "peak_alpha": 0.075,
        "peak_bal": 0.9801923311968901,
        "baseline_bal": 0.9801231679332877,
        "delta": 6.916326360240088e-05
      }
    },
    "s005": {
      "vs_recipe": {
        "results": [
          [
            0.0,
            0.9796650350078755
          ],
          [
            0.025,
            0.9796858146767818
          ],
          [
            0.05,
            0.9796745392036789
          ],
          [
            0.075,
            0.9796649497801134
          ],
          [
            0.1,
            0.9796840616006524
          ],
          [
            0.15,
            0.9796795560854513
          ],
          [
            0.2,
            0.9796921897291847
          ],
          [
            0.3,
            0.9796920426438613
          ],
          [
            0.4,
            0.9796334475760459
          ],
          [
            0.5,
            0.9795575428937721
          ]
        ],
        "peak_alpha": 0.2,
        "peak_bal": 0.9796921897291847,
        "baseline_bal": 0.9796650350078755,
        "delta": 2.7154721309208263e-05
      },
      "vs_lb_best": {
        "results": [
          [
            0.0,
            0.9801231679332877
          ],
          [
            0.025,
            0.9801801185229359
          ],
          [
            0.05,
            0.980190900830638
          ],
          [
            0.075,
            0.9802063591090651
          ],
          [
            0.1,
            0.9801845931093564
          ],
          [
            0.15,
            0.9801934518854051
          ],
          [
            0.2,
            0.9802007150087082
          ],
          [
            0.3,
            0.9801012600172859
          ],
          [
            0.4,
            0.9800224324404164
          ],
          [
            0.5,
            0.9798973747240395
          ]
        ],
        "peak_alpha": 0.075,
        "peak_bal": 0.9802063591090651,
        "baseline_bal": 0.9801231679332877,
        "delta": 8.319117577737511e-05
      }
    },
    "s010": {
      "vs_recipe": {
        "results": [
          [
            0.0,
            0.9796650350078755
          ],
          [
            0.025,
            0.979686801007584
          ],
          [
            0.05,
            0.9796699484607156
          ],
          [
            0.075,
            0.9796682314823971
          ],
          [
            0.1,
            0.9796842320561762
          ],
          [
            0.15,
            0.9796894864200641
          ],
          [
            0.2,
            0.9796814256226529
          ],
          [
            0.3,
            0.9796522727845184
          ],
          [
            0.4,
            0.9795463220241798
          ],
          [
            0.5,
            0.9793851479905716
          ]
        ],
        "peak_alpha": 0.15,
        "peak_bal": 0.9796894864200641,
        "baseline_bal": 0.9796650350078755,
        "delta": 2.4451412188652988e-05
      },
      "vs_lb_best": {
        "results": [
          [
            0.0,
            0.9801231679332877
          ],
          [
            0.025,
            0.9801829070598185
          ],
          [
            0.05,
            0.9802011538751282
          ],
          [
            0.075,
            0.9802050500683857
          ],
          [
            0.1,
            0.9802019388216258
          ],
          [
            0.15,
            0.9802108828254363
          ],
          [
            0.2,
            0.9802040149121621
          ],
          [
            0.3,
            0.9800380020108856
          ],
          [
            0.4,
            0.9799024358712624
          ],
          [
            0.5,
            0.9796845538991515
          ]
        ],
        "peak_alpha": 0.15,
        "peak_bal": 0.9802108828254363,
        "baseline_bal": 0.9801231679332877,
        "delta": 8.771489214864925e-05
      }
    }
  }
}