{
  "smoke": false,
  "n_folds": 5,
  "tta_k": 3,
  "tta_sigmas": [
    0.001,
    0.005,
    0.01
  ],
  "variants": {
    "baseline": {
      "argmax_bal_acc": 0.9759612327907622,
      "tuned_bal_acc": 0.9795463193688126,
      "log_bias": [
        1.4324411632360974,
        1.3689466919465483,
        3.400768902044088
      ],
      "delta_vs_baseline": 0.0
    },
    "s001": {
      "argmax_bal_acc": 0.9759455167440289,
      "tuned_bal_acc": 0.9795348675379835,
      "log_bias": [
        1.4324411632360974,
        1.3689466919465483,
        3.2007689020440884
      ],
      "delta_vs_baseline": -1.1451830829178888e-05
    },
    "s005": {
      "argmax_bal_acc": 0.9747858304045377,
      "tuned_bal_acc": 0.9786955353559944,
      "log_bias": [
        1.4324411632360974,
        1.3689466919465483,
        3.400768902044088
      ],
      "delta_vs_baseline": -0.0008507840128182398
    },
    "s010": {
      "argmax_bal_acc": 0.9736394083159033,
      "tuned_bal_acc": 0.9778730867446713,
      "log_bias": [
        1.4324411632360974,
        1.3689466919465483,
        3.3007689020440885
      ],
      "delta_vs_baseline": -0.0016732326241413187
    }
  }
}