{
  "smoke": false,
  "n_folds": 5,
  "runs": {
    "k3_small_sigma": {
      "smoke": false,
      "n_folds": 5,
      "tta_k": 3,
      "tta_sigmas": [
        0.001,
        0.005,
        0.01
      ],
      "variants": {
        "baseline": {
          "argmax_bal_acc": 0.9759612327907622,
          "tuned_bal_acc": 0.9795463193688126,
          "log_bias": [
            1.4324411632360974,
            1.3689466919465483,
            3.400768902044088
          ],
          "delta_vs_baseline": 0.0
        },
        "s001": {
          "argmax_bal_acc": 0.9759455167440289,
          "tuned_bal_acc": 0.9795348675379835,
          "log_bias": [
            1.4324411632360974,
            1.3689466919465483,
            3.2007689020440884
          ],
          "delta_vs_baseline": -1.1451830829178888e-05
        },
        "s005": {
          "argmax_bal_acc": 0.9747858304045377,
          "tuned_bal_acc": 0.9786955353559944,
          "log_bias": [
            1.4324411632360974,
            1.3689466919465483,
            3.400768902044088
          ],
          "delta_vs_baseline": -0.0008507840128182398
        },
        "s010": {
          "argmax_bal_acc": 0.9736394083159033,
          "tuned_bal_acc": 0.9778730867446713,
          "log_bias": [
            1.4324411632360974,
            1.3689466919465483,
            3.3007689020440885
          ],
          "delta_vs_baseline": -0.0016732326241413187
        }
      }
    },
    "k5_large_sigma": {
      "tta_k": 5,
      "tta_sigmas": [
        0.01,
        0.02,
        0.03
      ],
      "variants": {
        "baseline_k5": {
          "argmax_bal_acc": 0.975893512925552,
          "tuned_bal_acc": 0.9796650350078755,
          "log_bias": [
            1.4324411632360974,
            1.468946691946548,
            3.400768902044088
          ],
          "delta_vs_baseline": 0.0,
          "k": 5,
          "note": "recipe_full_te clean regen"
        },
        "s010_k5": {
          "argmax_bal_acc": 0.9739198157810072,
          "tuned_bal_acc": 0.9785092043746597,
          "log_bias": [
            1.6324411632360971,
            1.468946691946548,
            3.400768902044088
          ],
          "delta_vs_baseline": -0.001155830633215782,
          "k": 5
        },
        "s020_k5": {
          "argmax_bal_acc": 0.9719144583999517,
          "tuned_bal_acc": 0.9768283977313597,
          "log_bias": [
            1.6324411632360971,
            1.468946691946548,
            3.400768902044088
          ],
          "delta_vs_baseline": -0.002836637276515841,
          "k": 5
        },
        "s030_k5": {
          "argmax_bal_acc": 0.9701988104673097,
          "tuned_bal_acc": 0.9752379492122584,
          "log_bias": [
            1.1324411632360971,
            0.9689466919465479,
            2.900768902044088
          ],
          "delta_vs_baseline": -0.004427085795617125,
          "k": 5
        }
      }
    }
  },
  "conclusion": "TTA NULL across all \u03c3 tried (0.001 - 0.03). \u03c3=0.001 is near-noop. \u03c3>=0.005 produces monotone OOF regression. Mechanism confirmed: axis-aligned tree boundaries lack smooth underlying decision function to interpolate across; perturbing threshold numerics flips rule-indicator binaries and digit features discontinuously."
}