{
  "smoke": false,
  "n_folds": 5,
  "n_est": 2000,
  "best_sigma": 0.7,
  "fold_rmse": [
    0.3824584186077118,
    0.3856714963912964,
    0.3883418142795563,
    0.38299575448036194,
    0.38338690996170044
  ],
  "tuned_oof": 0.9664891940152779,
  "bias": [
    -3.5,
    -3.5,
    3.5
  ],
  "errs": 9006,
  "jaccard_vs_lbbest": 0.6350967512870584,
  "wall_s": 218.4210958480835
}