{
  "config": {
    "smoke": false,
    "n_folds": 5,
    "top_n": 600,
    "seed": 42
  },
  "n_features_total": 1774,
  "n_features_selected": 472,
  "top10_features": [
    [
      "logit_P_High",
      1611.125
    ],
    [
      "logit_P_Low",
      1191.9820556640625
    ],
    [
      "soil_lt_25_TE_cls0",
      429.18133544921875
    ],
    [
      "COMBO_Crop_Growth_Stage_Mulching_Used_TE_cls0",
      105.89154815673828
    ],
    [
      "CAT_Rainfall_mm_TE_cls2",
      63.16138458251953
    ],
    [
      "logit_P_Medium",
      39.242767333984375
    ],
    [
      "rain_lt_300",
      36.7552490234375
    ],
    [
      "Temperature_C",
      23.57948112487793
    ],
    [
      "CAT_Rainfall_mm_TE_cls1",
      22.994226455688477
    ],
    [
      "Rainfall_mm",
      21.05552101135254
    ]
  ],
  "fold_scores": [
    0.9752250348279591,
    0.9763896486886946,
    0.9765499006982009,
    0.9745634606014555,
    0.9757365323068358
  ],
  "overall_argmax": 0.9756929478219503,
  "tuned_bal": 0.9795912870839291,
  "tuned_bias": [
    1.1324411632360976,
    1.2689466919465482,
    3.1007689020440883
  ],
  "elapsed_sec": 3653.2045187950134
}