{
  "seed": 42,
  "n_folds": 2,
  "smoke": true,
  "overall_argmax_bal_acc": 0.9550541881655664,
  "tuned_log_bias_bal_acc": 0.9648226018059521,
  "log_bias": [
    0.5309433006850915,
    0.9710109440743879,
    3.403700511880274
  ],
  "fold_iters": [
    [
      111,
      93,
      216
    ],
    [
      204,
      83,
      125
    ]
  ],
  "n_features": 443
}