{
  "seed": 42,
  "n_folds": 5,
  "routed_scores": [
    0,
    1,
    2,
    9
  ],
  "route_target": {
    "0": 0,
    "1": 0,
    "2": 0,
    "9": 2
  },
  "train_rows_routed": 274681,
  "test_rows_routed": 117542,
  "best_iters_per_fold": [
    651,
    584,
    617,
    554,
    609
  ],
  "n_features": 43,
  "class_priors": [
    0.5871698412698413,
    0.3794825396825397,
    0.03334761904761905
  ],
  "log_bias": [
    -0.1675588367639026,
    0.4689466919465479,
    3.400768902044088
  ],
  "argmax_bal_acc": 0.9637825891693849,
  "reweight_bal_acc": 0.9727765223252606,
  "tuned_bal_acc": 0.9731948382692178
}