{
  "seed": 42,
  "n_folds": 5,
  "routed_scores": [
    0,
    1
  ],
  "train_rows_routed": 149224,
  "test_rows_routed": 63395,
  "rule_raw_acc_on_routed": 0.9999664933254704,
  "best_iters_per_fold": [
    623,
    663,
    653,
    594,
    625
  ],
  "n_features": 43,
  "class_priors": [
    0.5871698412698413,
    0.3794825396825397,
    0.03334761904761905
  ],
  "log_bias": [
    0.03244116323609758,
    0.568946691946548,
    3.400768902044088
  ],
  "argmax_bal_acc": 0.963856379273761,
  "reweight_bal_acc": 0.9728085878053303,
  "tuned_bal_acc": 0.9732550385092674,
  "xgb_only_argmax_bal_acc_on_nonrouted": 0.9629474697587761
}