{
  "seed": 42,
  "n_folds": 5,
  "n_features": 51,
  "class_priors": [
    0.5871698412698413,
    0.3794825396825397,
    0.03334761904761905
  ],
  "log_bias": [
    0.13244116323609767,
    0.7689466919465482,
    3.400768902044088
  ],
  "argmax_bal_acc": 0.9639025936870488,
  "reweight_bal_acc": 0.9727812365642169,
  "tuned_bal_acc": 0.9731281044495145
}