{
  "variant": "digits_pairs",
  "seed": 42,
  "n_folds": 5,
  "n_features_total": 365,
  "n_base_features": 89,
  "n_ote_cols": 276,
  "n_ote_keys": 92,
  "ote_n_shuffles": 8,
  "ote_alpha": 10.0,
  "class_priors": [
    0.5871698412698413,
    0.3794825396825397,
    0.03334761904761905
  ],
  "log_bias": [
    -0.1675588367639026,
    0.4689466919465479,
    3.400768902044088
  ],
  "argmax_bal_acc": 0.9648590878924378,
  "reweight_bal_acc": 0.9729729756960586,
  "tuned_bal_acc": 0.9737472380301844,
  "best_iters": [
    417,
    427,
    467,
    493,
    435
  ]
}