{
  "fold_seed": 42,
  "xgb_seed": 42,
  "n_folds": 5,
  "spec_scores": [
    3
  ],
  "train_rows_in_spec": 102157,
  "test_rows_in_spec": 43746,
  "spec_prior": [
    0.9520444022436054,
    0.04795559775639457,
    0.0
  ],
  "best_iters_per_fold": [
    302,
    246,
    301,
    206,
    311
  ],
  "n_features": 43,
  "rule_raw_acc_on_spec": 0.9520444022436054,
  "rule_bal_acc_on_spec": 0.5,
  "specialist_argmax_raw_acc": 0.9522499681862232,
  "specialist_argmax_bal_acc": 0.5039847874692638,
  "specialist_reweight_bal_acc": 0.0
}