{
  "variant": "digits",
  "seed": 42,
  "n_folds": 5,
  "n_features_total": 227,
  "n_base_features": 89,
  "n_ote_cols": 138,
  "n_ote_keys": 46,
  "ote_n_shuffles": 8,
  "ote_alpha": 10.0,
  "class_priors": [
    0.5871698412698413,
    0.3794825396825397,
    0.03334761904761905
  ],
  "log_bias": [
    -0.3675588367639028,
    0.4689466919465479,
    3.400768902044088
  ],
  "argmax_bal_acc": 0.9652020744067263,
  "reweight_bal_acc": 0.9735073409635224,
  "tuned_bal_acc": 0.9741549407231839,
  "best_iters": [
    479,
    426,
    468,
    518,
    479
  ]
}