{
  "seed": 42,
  "n_folds": 5,
  "routed_scores": [
    1,
    2
  ],
  "train_rows_routed": 237677,
  "test_rows_routed": 101746,
  "rule_raw_acc_on_routed": 0.998443265440072,
  "best_iters_per_fold": [
    652,
    648,
    612,
    592,
    590
  ],
  "n_features": 43,
  "class_priors": [
    0.5871698412698413,
    0.3794825396825397,
    0.03334761904761905
  ],
  "log_bias": [
    0.3324411632360974,
    0.6689466919465481,
    3.400768902044088
  ],
  "argmax_bal_acc": 0.9641636158370872,
  "reweight_bal_acc": 0.9731021500951397,
  "tuned_bal_acc": 0.9733308695682883,
  "xgb_only_argmax_bal_acc_on_nonrouted": 0.9622554834778766
}