{
  "seed": 42,
  "n_folds": 5,
  "n_features": 43,
  "class_priors": [
    0.5871698412698413,
    0.3794825396825397,
    0.03334761904761905
  ],
  "log_bias": [
    -0.06755883676390251,
    0.6689466919465481,
    3.400768902044088
  ],
  "argmax_bal_acc": 0.9639899676681498,
  "reweight_bal_acc": 0.9727247251455182,
  "tuned_bal_acc": 0.9730368669360977
}