{
  "seed": 42,
  "n_folds": 5,
  "n_features": 89,
  "n_digit_cols_kept": 46,
  "class_priors": [
    0.5871698412698413,
    0.3794825396825397,
    0.03334761904761905
  ],
  "log_bias": [
    -0.2675588367639027,
    0.4689466919465479,
    3.400768902044088
  ],
  "argmax_bal_acc": 0.9648463820530826,
  "reweight_bal_acc": 0.9736254013588126,
  "tuned_bal_acc": 0.9744913502771055,
  "best_iters": [
    590,
    512,
    563,
    606,
    587
  ]
}