{
  "seed": 42,
  "n_folds": 5,
  "smoke": false,
  "overall_argmax_bal_acc": 0.9712347012731612,
  "tuned_log_bias_bal_acc": 0.9792727049368987,
  "log_bias": [
    0.4324411632360975,
    0.8689466919465483,
    3.2007689020440884
  ],
  "fold_iters": [
    [
      721,
      783,
      1394
    ],
    [
      530,
      1152,
      1405
    ],
    [
      427,
      913,
      1437
    ],
    [
      516,
      850,
      1161
    ],
    [
      555,
      870,
      1239
    ]
  ],
  "n_features": 443
}