{
  "seed": 42,
  "n_folds": 5,
  "spec_scores": [
    6
  ],
  "train_rows_in_spec": 38416,
  "test_rows_in_spec": 16652,
  "spec_prior": [
    0.0,
    0.9596782590587255,
    0.04032174094127447
  ],
  "best_iters_per_fold": [
    277,
    287,
    269,
    212,
    230
  ],
  "n_features": 43,
  "rule_raw_acc_on_spec": 0.04032174094127447,
  "rule_bal_acc_on_spec": 0.5,
  "specialist_argmax_raw_acc": 0.9626978342357351,
  "specialist_argmax_bal_acc": 0.5541417500553304,
  "specialist_reweight_bal_acc": 0.0
}