{
  "fold_seed": 42,
  "xgb_seed": 7,
  "n_folds": 5,
  "spec_scores": [
    6,
    7,
    8
  ],
  "train_rows_in_spec": 56122,
  "test_rows_in_spec": 24324,
  "spec_prior": [
    0.0,
    0.6870211325326966,
    0.31297886746730336
  ],
  "best_iters_per_fold": [
    375,
    431,
    414,
    437,
    401
  ],
  "n_features": 43,
  "rule_raw_acc_on_spec": 0.31297886746730336,
  "rule_bal_acc_on_spec": 0.5,
  "specialist_argmax_raw_acc": 0.9645415345140943,
  "specialist_argmax_bal_acc": 0.9516911214239869,
  "specialist_reweight_bal_acc": 0.0
}