{
  "seed": 42,
  "n_folds": 5,
  "routed_scores": [
    0,
    1,
    2,
    5
  ],
  "route_map": {
    "0": "Low",
    "1": "Low",
    "2": "Low",
    "5": "Medium"
  },
  "train_rows_routed": 350647,
  "test_rows_routed": 149810,
  "best_iters_per_fold": [
    619,
    604,
    550,
    576,
    550
  ],
  "argmax_bal_acc": 0.9638896403320475,
  "tuned_bal_acc": 0.9732016531595767,
  "delta_vs_v3": -0.00011834684042322241,
  "log_bias": [
    0.3324411632360974,
    0.6689466919465481,
    3.400768902044088
  ]
}