{
  "seed": 42,
  "n_folds": 5,
  "n_features_total": 137,
  "n_base_features": 89,
  "n_ote_cols": 48,
  "n_ote_keys": 16,
  "ote_n_shuffles": 8,
  "ote_alpha": 10.0,
  "class_priors": [
    0.5871698412698413,
    0.3794825396825397,
    0.03334761904761905
  ],
  "log_bias": [
    0.03244116323609758,
    0.6689466919465481,
    3.400768902044088
  ],
  "argmax_bal_acc": 0.9646450759639041,
  "reweight_bal_acc": 0.9733179552435421,
  "tuned_bal_acc": 0.97374717887632,
  "best_iters": [
    451,
    489,
    470,
    542,
    592
  ]
}