{
  "variant": "light",
  "seed": 42,
  "n_folds": 5,
  "n_features_total": 137,
  "n_base_features": 89,
  "n_ote_cols": 48,
  "n_ote_keys": 16,
  "ote_n_shuffles": 2,
  "ote_alpha": 1.0,
  "class_priors": [
    0.5871698412698413,
    0.3794825396825397,
    0.03334761904761905
  ],
  "log_bias": [
    -0.1675588367639026,
    0.568946691946548,
    3.400768902044088
  ],
  "argmax_bal_acc": 0.9643273928348934,
  "reweight_bal_acc": 0.9731680031268453,
  "tuned_bal_acc": 0.9739032205660724,
  "best_iters": [
    458,
    409,
    551,
    456,
    576
  ]
}