{
  "seed": 42,
  "n_folds": 5,
  "routed_scores": [
    0,
    1,
    2,
    5
  ],
  "route_map": {
    "0": "Low",
    "1": "Low",
    "2": "Low",
    "5": "Medium"
  },
  "tr_routed_at_inference": 350647,
  "te_routed_at_inference": 149810,
  "best_iters_per_fold": [
    690,
    623,
    569,
    616,
    584
  ],
  "vanilla_xgb_tuned": 0.9730368669360977,
  "v7_routed_tuned": 0.9728782026050159,
  "delta_vs_v3": -0.000441797394984067,
  "delta_vs_v6": -0.000321797394984058,
  "log_bias_routed": [
    -0.06755883676390251,
    0.6689466919465481,
    3.400768902044088
  ]
}