{
  "tuned_bal_acc": 0.9722557618959371,
  "log_bias": [
    0.13244116323609767,
    0.6689466919465481,
    3.400768902044088
  ],
  "rows_rule": 271444,
  "rows_low_spec": 102157,
  "rows_med_spec": 235456,
  "rows_high_spec": 20943
}