{
  "oof_argmax": 0.96653373794437,
  "oof_tuned": 0.9705981312024563,
  "tuned_bias": [
    0.5,
    -0.6,
    1.0
  ],
  "fold_scores": [
    0.9663968534360338,
    0.9648724740895142,
    0.9722231527664045,
    0.9531688869746265,
    0.9760087246640884
  ],
  "n_folds": 5,
  "ORIG_ROW_WEIGHT": 0.5,
  "n_train": 20000,
  "n_orig": 10000,
  "n_test": 5000
}