{
  "seed": 42,
  "n_folds": 5,
  "n_shuffle": 5,
  "smoke": false,
  "folds_completed": 5,
  "fold_scores_argmax": [
    0.976021630814166,
    0.9759790288451141,
    0.977537095940363,
    0.9759704231585813,
    0.9752671706342374
  ],
  "overall_argmax_bal_acc": 0.9761550940107518,
  "n_features": 443,
  "elapsed_sec": 4978.0841608047485,
  "tuned_log_bias_bal_acc": 0.9799735396495697,
  "log_bias": [
    1.4324411632360974,
    1.3689466919465483,
    3.400768902044088
  ]
}