{
  "oof_argmax": 0.9676369389426943,
  "oof_tuned": 0.9705026985357619,
  "tuned_bias": [
    0.0,
    -0.95,
    0.0
  ],
  "fold_scores": [
    0.9716295520915232,
    0.9650924960917143,
    0.9722231527664045,
    0.953530632332836,
    0.9757104040156969
  ],
  "n_folds": 5,
  "ORIG_ROW_WEIGHT": 0.5,
  "n_train": 20000,
  "n_orig": 10000,
  "n_test": 5000
}