{
  "overall_argmax_bal_acc": 0.9597260496000107,
  "tuned_log_bias_bal_acc": 0.964798448355927,
  "log_bias": [
    1.4324411632360974,
    1.068946691946548,
    3.400768902044088
  ],
  "fold_ba": [
    0.9585344000105512,
    0.961671899514989,
    0.9617080723385306,
    0.9614783028834687,
    0.955237236001933
  ],
  "n_folds": 5,
  "folds_completed": 5,
  "seed": 42
}