{
  "oof_argmax": 0.9782662097040803,
  "oof_tuned": 0.9801615755373589,
  "tuned_bias": [
    -1.357,
    -1.193,
    0.0
  ],
  "fold_scores": [
    0.9771574126806727,
    0.9776091564568681,
    0.979566343078158,
    0.9784631281682387,
    0.9785347189613055
  ],
  "n_folds": 5,
  "ORIG_ROW_WEIGHT": 0.5,
  "n_train": 630000,
  "n_orig": 10000,
  "n_test": 270000
}